compilation,reference,site,Proxy,Latitude,Longitude,recon_anom,weight,ACCESS-ESM1-5,AWI-ESM-1-1-LR,BCC-CSM1-1,CCSM4,CESM2,CNRM-CM5,CSIRO-Mk3-6-0,CSIRO-Mk3L-1-2,EC-Earth3,EC-Earth3-LR,FGOALS-f3-L,FGOALS-g2,FGOALS-g3,FGOALS-s2,GISS-E2-1-G,GISS-E2-R,HadGEM2-CC,HadGEM2-ES,HadGEM3-GC31-LL,INM-CM4-8,IPSL-CM5A-LR,IPSL-CM6A-LR,MIROC-ES2L,MIROC-ESM,MPI-ESM-P,MPI-ESM1-2-LR,MRI-CGCM3,MRI-ESM2-0,NESM3,NorESM1-F,NorESM2-LM,UofT-CCSM-4
Bartlein,Bartlein et al. 2011,,pollen MAT,29.0,-81.0,2.539,1.0,-0.24296157836914065,-0.6444159866962316,-0.10839272476731897,-0.18623667668218566,0.07771888732910141,0.16869682971664027,-0.09066596089374147,0.24805034462072878,-0.3626600038236584,-0.09851529658729627,-0.3571165084838867,-0.44284600233510096,-0.040187013149261555,-0.17095135254619986,-0.33150405883789064,-0.4363428115844727,0.2611362457275391,0.4299595642089844,0.08080345153808592,-0.29549916585286456,0.0018009512029525578,-0.3662215868755885,-0.4518524136783783,-0.2625376169256729,-0.18245845037920252,-0.28743504170707534,0.005129424434797547,-0.167620295471611,-0.1954049647349314,-0.09747779634263778,-0.1352668550279405,-0.17089331097073035
Bartlein,Bartlein et al. 2011,,pollen MAT,45.0,-73.0,0.5239,1.0,-0.1980576515197754,-0.2200824950677884,-0.37299511893676124,-0.7676813483984705,-0.21089122295379734,0.3195552515188853,0.22425578083849496,0.21291184895351511,0.2043352585052845,0.07010022410237912,-0.4872561812400818,-0.7007901639249309,0.2997377701103688,-0.2653867653411777,-0.3195929527282715,-0.17369709014892576,0.2466184457143148,0.5876745223999024,0.1480778892834981,-0.6583442687988281,0.13767578634351568,-0.4502366781234741,-0.8277866652880936,-0.5106137706843068,0.008101141478534768,-0.5477033898173078,0.1618838475639789,-0.2579247402628548,-1.0522306221792221,-0.4937067031860353,-0.33242678642272866,-0.24527553319931036
Bartlein,Bartlein et al. 2011,,pollen MAT,45.0,-79.0,0.0033,1.0,-0.11199712753295898,-0.11524143618526884,-0.41627696547350135,-0.6659374821848927,-0.17558629512786708,0.4108916745036949,0.32483609454716067,0.23743597508825925,0.07001550244795027,0.08263049865943589,-0.5354807734489441,-0.7634297032081778,-0.006332874298095606,-0.3031347689463677,-0.3559819936752319,-0.2871284484863281,0.23244368235270182,0.3817628860473633,0.16217134396235147,-0.737052321434021,0.156705462302995,-0.44559259414672847,-0.8720711332909249,-0.6401677270461497,0.06165468551829639,-0.5067301559720492,0.1910240617293913,-0.4099082053843558,-0.3824100009688058,-0.5234236478805546,-0.2744727611541749,-0.39415432214736956
Bartlein,Bartlein et al. 2011,,pollen MAT,43.0,-89.0,-0.0183,1.0,0.0517690912882487,0.5366485299299644,-0.3570029648984918,-0.6566103738992018,-0.6087823666466609,0.5228153947611116,0.2812928909444819,0.23249557286636058,-0.0898298394966976,-0.13732194226625005,-0.6096821784973144,-0.8507840657001176,-0.13229040801525188,-0.2790738582656039,-0.4586968421936035,-0.4141726016998291,0.36549198150634765,0.6376537322998046,0.08036746978759766,-0.7061326106389364,-0.12354834056289096,-0.5544075780639593,-1.1030943699169895,-0.5534798812893487,0.20012783378874294,-0.27912039043881004,0.2580634311674548,-0.2541519839532383,-1.5504174561053472,-0.5770282692379425,-0.37072516017489837,-0.5133132055070665
Bartlein,Bartlein et al. 2011,,pollen MAT,43.0,-71.0,-0.408,1.0,-0.18131956736246746,-0.3202496895786242,-0.30570803974153493,-0.6175214140490092,-0.03580051845974426,0.34914197328176666,0.1952072454329081,0.3047916634399112,0.025309460500448654,-0.0014449167329706573,-0.43956320285797124,-0.6294793008200623,0.06770834475755709,-0.17723883060418322,-0.2222146987915039,-0.1342097282409668,0.2318317413330078,0.5809904861450196,0.17595406691233317,-0.46879903475443524,0.22302732008236048,-0.3877650231178128,-0.6658534577747921,-0.29241250805617947,0.001022962697498876,-0.5060899309130925,0.10473128804144896,-0.2682623795517096,-0.7113033353401853,-0.44231459299723336,-0.4127268393834426,-0.16357611868116587
Bartlein,Bartlein et al. 2011,,pollen MAT,45.0,-77.0,0.0348,1.0,-0.14319181442260742,-0.1053976441997859,-0.414411180345388,-0.739453673827029,-0.13989219665527375,0.3830357080877217,0.32355731687425626,0.22673646457263044,0.083516419914786,0.056464684157930364,-0.5198498010635376,-0.7319846252074322,0.11529245972633378,-0.29998902170098685,-0.3410918951034546,-0.2633842468261719,0.2508588155110677,0.3999677022298177,0.1800064007441203,-0.7320684194564819,0.1426802166509196,-0.4230153799057007,-0.8664921800184107,-0.5614871608702809,0.05466777211396482,-0.5145920477041829,0.17330309993970652,-0.33050645305581455,-0.659708583321744,-0.5059953689575198,-0.2604233264923098,-0.35891238451004037
Bartlein,Bartlein et al. 2011,,pollen MAT,47.0,-85.0,0.3112,1.0,-0.16684522628784182,-0.3512370814546074,-0.3683809510632967,-0.6915384122339676,-0.38753756417168583,0.3953862473090894,0.37534977914846746,0.3281894734327543,-0.055816777712434845,0.10649808060006924,-0.5868886411190033,-0.8548786938782826,-0.3015411539003256,-0.35033277363543047,-0.3731048107147217,-0.2741965055465698,-0.14067091941833498,0.010442574818929018,0.016746034224828087,-0.7516113122304281,-0.013953053779787504,-0.6189746402679263,-0.9182097030773642,-0.8694973444593677,0.0033346798748792126,-0.5452235180400204,0.24422112712780125,-0.48410345293798945,-0.16075355719460815,-0.6275532179408605,-0.4084093901846135,-0.5748798744546042
Bartlein,Bartlein et al. 2011,,pollen MAT,59.0,-73.0,-3.364,1.0,0.2691466776529948,-0.7297410818622511,0.21026804743410968,-0.7253462397488178,0.22304005516899963,0.41554336170024253,0.1574792663637237,0.45828810750166854,0.22176640550022486,0.7542795861589974,-0.3776007175445557,-0.6394860060803558,0.37390835285186874,0.18655825058894218,0.04514350891113281,0.2543473243713379,1.521788190205892,1.0263105010986329,0.6268152046203613,-0.2489180167516073,0.10227966844465221,-0.4947520139151762,-0.3656167894094483,-1.573476698746381,0.06667522367690347,-0.3669909485264466,0.4856993278426045,-0.3903676500939618,-0.2821209871397486,-0.47914028432634115,-0.11398052639431383,0.3266846625010176
Bartlein,Bartlein et al. 2011,,pollen MAT,45.0,-91.0,0.5803,1.0,0.08736483256022134,0.41680237577136703,-0.310741911128528,-0.5668296578309272,-0.46182997226715156,0.5615940836781423,0.4129308179446072,0.29614970172440874,0.03377425994013926,-0.06556474537732758,-0.5977473139762879,-0.874207289247773,-0.011861521750688563,-0.3152841585983553,-0.36187448501586916,-0.3361335277557373,0.05110006332397461,0.5271917343139649,-0.017845447858174643,-0.8485112190246582,-0.15445901122626984,-0.5273025512695313,-1.0742911759622293,-0.8150626120830227,0.29025146220249964,-0.30326997101115416,0.2590979099645952,-0.20932413500001723,-1.0297594775056282,-0.6390981197357178,-0.23372871875763024,-0.49519128799438483
Bartlein,Bartlein et al. 2011,,pollen MAT,55.0,-61.0,-7.409,1.0,0.42531981468200686,-0.6194106581894072,-0.04646124309536247,-0.5227139473600305,0.18156880007849796,0.39709726633127673,0.1507775686168905,0.3091345912306802,0.35660163333686307,0.9555065106528182,-0.44711172580718983,-0.5418101981565535,0.8188605830073363,0.10881714609023858,-0.3309049606323243,0.9902056694030762,1.274114481608073,1.1336612383524578,0.7200946569442749,-0.24702598651250207,0.15105748539949426,-0.39931706478192547,-0.4844322966125179,-1.3191044093639899,-0.023959909912664893,-0.3766024231346288,0.31824518201280594,-0.17972160475984883,-0.4778573633819012,-0.5423850602573818,-0.16952262719472241,-0.35439439349704277
Bartlein,Bartlein et al. 2011,,pollen MAT,47.0,-71.0,2.1076,1.0,-0.16287670135498047,-0.594125001780329,-0.32018429507067,-0.703555338785139,-0.27916165775723006,0.3163846185164658,0.17244210729203194,0.2141441994022535,0.15350623303793398,0.1653434377328066,-0.47319286018609996,-0.6425183938521555,0.3386923745274545,-0.1849414969060424,-0.34913949966430663,-0.039323616027832034,0.28940163850784306,0.37031973838806154,0.14140394603212675,-0.5779309868812561,0.15322585351988033,-0.43182431056833864,-0.867591018879293,-0.7024764399483931,-0.05976376206440165,-0.5920668439163035,0.1777189789760648,-0.28846765803305024,-0.5398134402033499,-0.5351532247331411,-0.29727232389980013,-0.26731141255961516
Bartlein,Bartlein et al. 2011,,pollen MAT,45.0,-71.0,1.0954,1.0,-0.18998905817667644,-0.349579381123008,-0.3303963298049546,-0.6198702708511159,-0.07446343898773404,0.32335942421084135,0.18447304642130255,0.2519568169924751,0.08410429291184351,0.08419203981482948,-0.46541504859924315,-0.6524664105562918,0.2597777768969538,-0.19593388996467398,-0.3103798389434814,-0.13281087875366213,0.2601966698964437,0.41845118204752607,0.15529818534851075,-0.5820543766021729,0.16117863889006562,-0.4127073287963867,-0.8319289188605116,-0.5152528820104583,-0.026423828001889884,-0.5644540654862266,0.14877303674199854,-0.2603656676050611,-0.9008746287567273,-0.4922867774963382,-0.3150697231292719,-0.2510539889335633
Bartlein,Bartlein et al. 2011,,pollen MAT,47.0,-75.0,0.9715,1.0,-0.17430667877197265,-0.4330789060361074,-0.3489377479819341,-0.6079683579324081,-0.14336110750833989,0.32662089015598655,0.24161685358596408,0.21616893382722338,0.02579220138401889,0.1364583172307148,-0.5049976855516434,-0.6899507021271134,0.2097659393679348,-0.23764391625874473,-0.3627445101737976,-0.13178014755249023,0.2496680498123169,0.3255115509033203,0.17598065212368966,-0.6803977290789287,0.11459928359950869,-0.46161334037065066,-0.8774458695085786,-0.7383733456813261,-0.013932146780504917,-0.5852868627327003,0.19305155832341242,-0.3144415557566434,-0.44881957774391834,-0.5262556870778405,-0.3309920993116183,-0.3222208559513091
Bartlein,Bartlein et al. 2011,,pollen MAT,47.0,-95.0,0.3464,1.0,0.12826900482177733,0.45821158482669855,-0.2303300095773254,-0.5406234556000951,-0.39918336868286086,0.5602717553593869,0.5020608004007041,0.3408897138474686,0.1713617803630602,0.10559530713070461,-0.5386185646057129,-0.9287916145176031,-0.03307081498205706,-0.29811717726170917,-0.2564190626144409,-0.3003894090652466,-0.21708091100056967,-0.0023257255554199278,0.009595497449239095,-0.8081856568654379,-0.16723325381524712,-0.4303968014934717,-0.9686382793211105,-0.8730237495350552,0.3613375764401926,-0.13806951613442034,0.408022075001418,0.08300537579953007,-0.05943913975939721,-0.6723262733883331,-0.3505680561065675,-0.5617393136024476
Bartlein,Bartlein et al. 2011,,pollen MAT,47.0,-73.0,1.9152,1.0,-0.1731927744547526,-0.49237804535814333,-0.33513746706670255,-0.6672194200073834,-0.20229349480734898,0.3197725263007023,0.19605272001217905,0.2002154179576458,0.0503655063628633,0.1528219039815241,-0.49097779095172883,-0.6666205801337777,0.280992547422647,-0.21097619142769178,-0.36170364618301387,-0.08707489967346191,0.26403535604476924,0.34977632204691567,0.14941848302880925,-0.6368529597918193,0.1345832806998146,-0.44673571026723974,-0.8442298349809906,-0.6237817569425343,-0.03796093644668554,-0.5879119604504672,0.1897695317800686,-0.29778049346879093,-0.47729664852334724,-0.5275907251569963,-0.3102664331595121,-0.2964420917299059
Bartlein,Bartlein et al. 2011,,pollen MAT,45.0,-93.0,-0.3771,1.0,0.1142120361328125,0.6442235986642936,-0.26850026133719573,-0.614281727578443,-0.6257121562957744,0.5699043025212092,0.4950709506861514,0.2753937188794858,-0.06276878398080477,-0.061088898931553164,-0.5937880039215089,-0.8842954534733005,-0.005744453519582764,-0.2855377478695789,-0.33336696624755857,-0.3243678569793701,-0.07909431457519531,0.4246501922607422,-0.016295528411865233,-0.8231453895568848,-0.15717934923199475,-0.46663119792938235,-1.109462531358927,-0.8451869987856315,0.33680090906459315,-0.20482331760063927,0.27572328590311623,-0.12516941425135622,-0.651167768912846,-0.6408669948577882,-0.37573826313018605,-0.5309446573257447
Bartlein,Bartlein et al. 2011,,pollen MAT,57.0,-77.0,-0.35,1.0,-0.051776002248128256,-0.855404447434056,0.04753564760282444,-0.5681163409261126,0.07357840538024919,0.3899804385285605,0.24853000123011754,0.5435176515117812,0.03567482155462401,0.4769690457170143,-0.46948096752166746,-0.6999635335135943,0.09116519987583285,0.10742664902076968,-0.40534763336181645,0.01079697608947754,0.7835866419474283,0.7101797485351562,0.32059663136800126,-0.35167765617370605,0.07780141968085888,-0.4894913419487417,-0.6883549570323645,-1.893600737657187,-0.13254293734819722,-0.6705361691256752,0.4757610985655384,-0.5708193133460733,-0.2807378072704638,-0.6128987073898314,-0.40938355127970355,0.12781830787658696
Bartlein,Bartlein et al. 2011,,pollen MAT,43.0,-69.0,-0.95,1.0,-0.13875709533691408,-0.44843078532952213,-0.22350615000605462,-0.5289335428204168,-0.4049583456251358,0.39029880314784027,0.15414493330334497,0.36710685571460333,0.11079533468254808,-0.0043003241775456235,-0.4002832889556885,-0.5829780745709389,-0.0666277751326571,-0.13647788492747898,-0.1981058120727539,-0.012109661102294918,0.03915687561035157,0.2822932815551758,0.18528904914855956,-0.44629470507303876,0.3246096294204175,-0.2742133202426015,-0.5849146686613054,-0.27069383680594367,-0.033421564335344336,-0.5357924691654089,0.0840089881915862,-0.2886247924493205,-0.37250566735219015,-0.49771137237548824,-0.44605847729576875,0.005464326010810019
Bartlein,Bartlein et al. 2011,,pollen MAT,55.0,-105.0,-0.376,1.0,0.0463557243347168,-0.4727513545061223,-0.16648450832967912,-0.6837884644062447,-0.1101544780863655,0.6099706730144614,0.6066887335319768,0.3381432224888738,-0.11789249930943266,0.1402928477856612,-0.3938180804252621,-1.1225691508352356,-0.0801632252987483,-0.27097468864214935,-0.1588573455810547,-0.10223172605037689,-0.021634817123413086,-0.5657526850700378,-0.19382277131080627,-0.7912980963786443,-0.16856916827409618,-0.7019892035365942,-0.7150876626530591,-0.4485300210271716,0.048825337371899626,-0.6483760297849207,0.15355516910954425,-0.13899216515366936,0.013673295493386585,-0.7974195745256212,-0.24502686576710814,-0.6290968788994683
Bartlein,Bartlein et al. 2011,,pollen MAT,41.0,-85.0,-0.432,1.0,0.08109124501546225,0.41245319442638007,-0.38902501893455665,-0.41842410658286056,0.26687583393520675,0.4877961424233347,0.12609364236251352,0.2590856284707365,-0.16187542982627737,-0.11501600205842509,-0.5645923614501953,-0.7580644124441157,0.004657390713689419,-0.28749541512562277,-0.421170711517334,-0.4757075309753418,0.7409334818522135,1.1813571294148764,0.11548770268758138,-0.7224149703979492,-0.06158249937554753,-0.5087924301790218,-1.0864335972236778,-0.38652358576278356,0.007508008864493753,-0.31060369003379296,0.19568345953133714,-0.24889658527233904,-1.597389895047583,-0.45164632797241244,0.2897350523206919,-0.13364544974433026
Bartlein,Bartlein et al. 2011,,pollen MAT,51.0,-99.0,1.238,1.0,-0.04631181716918946,0.07590826595955137,-0.22461166517536096,-0.5999497672451715,-0.36002369801203443,0.5466100717189658,0.5955646362729139,0.3990827754004017,0.22353944650699292,0.2665940285147629,-0.4865544274449348,-1.0607434703207357,-0.21114485114812925,-0.28678807966230757,-0.1695894241333008,-0.2366563081741333,0.16717050552368165,0.19163360595703127,-0.08487320899963378,-0.8472381234169006,-0.18699688456579575,-0.5054355126652487,-0.81437215856776,-1.260715515571569,0.30147475394078954,-0.12244515735596381,0.41855847294279486,-0.001351039171193385,0.18542733356210672,-0.7928802768389382,-0.3485850413640339,-0.6667487460374832
Bartlein,Bartlein et al. 2011,,pollen MAT,41.0,-83.0,-0.213,1.0,-0.01298512776692708,0.26249732792059444,-0.401979932574776,-0.4450387671612169,0.3774304050869374,0.4555703949408853,0.14039381558168945,0.27339473239331824,-0.17719585804305785,-0.11073353394196099,-0.533341097831726,-0.7292246676409884,-0.03929393887520067,-0.2971406181526059,-0.3968172073364258,-0.4676638603210449,0.6506548436482746,1.0838518397013346,0.12361533482869465,-0.6584587891896565,-0.027113668431184058,-0.4662819191592258,-1.0225895212636913,-0.3227137482825139,0.023542894340645982,-0.3114320954286927,0.1737400193436326,-0.2962266983238917,-1.3336000954010252,-0.4049290021260582,-0.13643425835503534,-0.11752939224243122
Bartlein,Bartlein et al. 2011,,pollen MAT,45.0,-75.0,1.1287,1.0,-0.19449281692504883,-0.13276587186826574,-0.40015913378924634,-0.7761974270056855,-0.19150567054748585,0.34523210771722734,0.2837314244788823,0.21834166399376576,0.18042809298565285,0.05626525804955754,-0.5053358674049377,-0.7113413813509007,0.20919705554842954,-0.28852317025208457,-0.329984188079834,-0.22080016136169434,0.22269701957702637,0.5423183441162109,0.1678566336631775,-0.7040622234344482,0.12169135012069651,-0.4593285322189331,-0.8530223763166853,-0.5143149218570787,0.040327651910873924,-0.526748511008963,0.1709084855299705,-0.2862992117403075,-0.8579077116177134,-0.49064826965332053,-0.2865183353424071,-0.3015832901000978
Bartlein,Bartlein et al. 2011,,pollen MAT,45.0,-85.0,-0.65,1.0,-0.0826883316040039,-0.10417612698837228,-0.3784063605006236,-0.6466897612233334,-0.5223696231842041,0.42715520335438467,0.29587677193392736,0.3092126461579964,0.009420978182939669,0.05136661216122333,-0.5844590067863464,-0.8492416413220605,-0.25090086460113536,-0.3275619457415365,-0.45148396492004395,-0.3511464595794678,0.09860213597615561,0.3149202664693197,0.13587113221486408,-0.7455345392227173,0.03342666707572195,-0.52036452293396,-0.9471312242915944,-0.7999290030263883,0.05659444503044062,-0.47764721194492044,0.14829722007874144,-0.5966667533514327,-0.8684251007081498,-0.5926343202590945,-0.162328243255618,-0.5406370162963868
Bartlein,Bartlein et al. 2011,,pollen MAT,45.0,-67.0,-0.8625,1.0,-0.12755750020345052,-0.4791057449533548,-0.2252801758582393,-0.5662218907390653,-0.1753914117813101,0.34223475444117746,0.18651827190454928,0.32567543785808667,0.0756727650683489,0.093170191315578,-0.47554812431335447,-0.6489033541397015,0.06509765610098849,-0.12310091584363542,-0.2645103931427002,0.05360379219055175,0.20619160334269207,0.3215663592020671,0.1902613162994385,-0.4822969436645508,0.2977435725291589,-0.43093843460083014,-0.6579675602192445,-0.35179337332723976,-0.07158512891483142,-0.5707344677423155,0.11982766145847953,-0.2961515905731561,-0.6739993408127922,-0.527536273002625,-0.31672232151031393,-0.07437078952789336
Bartlein,Bartlein et al. 2011,,pollen MAT,41.0,-75.0,0.8637,1.0,-0.20100688934326172,-0.04662551034298398,-0.4005485816202736,-0.5082770378531745,0.288445636961195,0.34007671009351487,0.1576323183303501,0.28772405332696555,-0.1461497885287224,-0.09050956337128643,-0.4131953716278076,-0.6844841998590585,0.11990554630756746,-0.270909064614052,-0.27214813232421875,-0.3159294128417969,0.3619106292724609,0.748110008239746,0.18514630794525147,-0.5036755402882893,0.08670105997581319,-0.47116819278481303,-0.6938957121754079,-0.26662100616373613,0.012351390213783245,-0.37371845902431633,0.1022956125039868,-0.27406857830654024,-1.3535142946020842,-0.32739310794406506,-0.3273792266845705,-0.13907774289449032
Bartlein,Bartlein et al. 2011,,pollen MAT,73.0,-95.0,0.759,1.0,0.5271957397460938,-0.6187176951021542,0.8652394460498005,0.5072739391969873,0.5717119640774195,1.32993107931283,0.7362977990418182,1.0579007518731756,0.8400716125719245,1.0627602798567948,0.1730637550354004,-0.10474222343091286,1.5425842763266808,0.41309041770235433,0.779815673828125,0.3842754364013672,1.5221865336100262,1.3889633178710938,1.0235590298970538,0.4990545908610026,0.2558828695897987,0.018715416076322555,-0.19453518913153173,-0.5195143128822519,0.04683791820795152,-0.19530123479699824,0.8645259086986752,-0.051568529570471755,-0.028382371280987737,0.07295730378892695,0.1871802541944716,1.092843606736925
Bartlein,Bartlein et al. 2011,,pollen MAT,47.0,-93.0,0.6536,1.0,0.12586551666259765,0.3595569929249713,-0.2684929045714099,-0.517218248267204,-0.45114895820617695,0.5655089205556272,0.4659437053061593,0.3469187236056114,0.09420732438597436,0.0440877722270265,-0.5440757989883424,-0.9170258279410095,-0.03363907486200375,-0.3335077527946072,-0.2938406229019165,-0.26369366645812986,-0.32606355667114256,0.08166664123535158,-0.033756012916564944,-0.8466324011484782,-0.16904407148193742,-0.5039521651973371,-1.0485217026819045,-1.1287282926990105,0.3308885283738921,-0.2711444383635935,0.311007363434681,-0.05605558050455555,-0.19040886232419468,-0.6588074419233536,-0.2112974113888219,-0.5355669352743361
Bartlein,Bartlein et al. 2011,,pollen MAT,47.0,-81.0,1.0244,1.0,-0.0804530143737793,-0.40984359758378486,-0.3698348042693088,-0.6344661410083052,-0.26034526189168267,0.41447530020166323,0.3337814209709695,0.2797773890807709,-0.036423823526635604,0.12548385502331003,-0.5495314776897431,-0.7924667737442768,-0.009461065102365378,-0.31214860432603303,-0.3506085872650147,-0.21728708744049074,0.18485665798187256,0.2654902935028076,0.1657727062702179,-0.7556581695874531,0.041906404109790435,-0.4762926674242166,-0.9035369906952919,-0.8992802539898384,0.029884646028397285,-0.5525897099544052,0.21438036050831294,-0.41262857034418554,-0.03974160941923148,-0.5918922119670446,-0.31725605196423046,-0.49512936194737744
Bartlein,Bartlein et al. 2011,,pollen MAT,57.0,-75.0,-0.006,1.0,0.11881818771362304,-0.6780679589672054,0.08227131185897951,-0.6374585955612948,0.14010349114735934,0.3550205603425617,0.22489941337257133,0.4801425761804604,0.10539377446725742,0.5432361686059153,-0.4415552616119385,-0.6518876961144612,0.17663611322641531,0.14082926752707944,-0.3170499801635742,0.06563782691955566,0.8828615188598633,0.7553335189819337,0.4293658256530762,-0.28153789043426514,0.10498757974802145,-0.4887823257054942,-0.5906920738426444,-1.990441124087896,0.01575315781122736,-0.5210818658843762,0.4424180744139645,-0.4360991103465658,-0.22752406465184655,-0.5474882523218789,-0.26419607798258427,-0.11761957804361986
Bartlein,Bartlein et al. 2011,,pollen MAT,45.0,-87.0,0.247,1.0,-0.08335533142089843,0.0483946302224055,-0.3579577499230832,-0.6895431896956252,-0.6276877880096425,0.36912561518356435,0.29538343680661694,0.3081386649535459,-0.0047396639171641336,0.04064665059816702,-0.597972285747528,-0.8717681550649803,-0.27261653915047646,-0.33921939580294463,-0.46018385887145996,-0.36739668846130374,0.08315000534057615,0.356203556060791,0.10326306819915772,-0.6781569719314575,-0.028885882528542184,-0.4931392192840577,-0.9714019397014972,-0.926319303567342,0.07580115150211682,-0.4603401857379506,0.1963045398112584,-0.6534552265376512,-1.1126325910323178,-0.6123912096023559,-0.367017078399659,-0.5966536283493042
Bartlein,Bartlein et al. 2011,,pollen MAT,43.0,-85.0,0.724,1.0,0.00976117451985677,0.19906003596845825,-0.38671181484143685,-0.5568016549216621,-0.3624214755164246,0.49450182669562714,0.20193749065849417,0.28460780111682876,-0.025610362752392552,-0.06075081043604126,-0.5751893520355225,-0.8253009122979219,-0.12928639799356534,-0.2956931616462838,-0.46247029304504395,-0.4221305847167969,0.4822178522745768,0.7239898045857747,0.11894447008768716,-0.7406381368637086,-0.02940810843044649,-0.5320664715003856,-0.9952711496815114,-0.514875465405801,0.07593230728204005,-0.3853822922239988,0.19968868217900662,-0.31373301720588287,-1.492254871129429,-0.5342060592439443,0.1576620737711572,-0.2359582053290472
Bartlein,Bartlein et al. 2011,,pollen MAT,43.0,-79.0,-0.438,1.0,-0.17239105224609375,0.14665109644619548,-0.45101676374151917,-0.6470429082965594,-0.23047739876641035,0.42720495472119413,0.29864513666083387,0.24501310156416314,-0.01809994192339443,0.001299395641212368,-0.5007879257202148,-0.7696731451311642,-0.03625239133834944,-0.2980697890505718,-0.3732776641845703,-0.4067505359649658,0.3504822476704915,0.6907826614379883,0.17355665206909177,-0.687361200650533,0.10971653172492885,-0.39341647606135355,-0.8859619249323072,-0.3790191625110504,0.0650873449284945,-0.4093746940628526,0.18380064286701064,-0.3668554453740328,-0.877569577170265,-0.43557585080464734,-0.39737619558970044,-0.20090138753255207
Bartlein,Bartlein et al. 2011,,pollen MAT,49.0,-65.0,0.2037,1.0,-0.08569253285725913,-0.6392581079865309,-0.25786348340074783,-0.6664064624032786,-0.2834340797530297,0.3078260149533115,0.1139533883952002,0.17477453841127916,0.0679708674709675,0.07559537686447802,-0.5926588475704193,-0.7256852813974722,0.2990077117458018,-0.07986558675702946,-0.4365137219429016,0.4148862361907959,0.25604898134867354,0.367521874109904,0.2020971179008484,-0.5597207397222519,0.18870084139470333,-0.5006195647216538,-0.573864459744754,-0.5647336832875299,-0.13624103947414548,-0.5652678289665669,0.06788457328338232,-0.5421982299974303,-0.6500422799435149,-0.6646781033939787,-0.3372028734948901,-0.20405605783065153
Bartlein,Bartlein et al. 2011,,pollen MAT,45.0,-81.0,0.185,1.0,-0.19607086181640623,-0.1324824668771391,-0.4048338177325224,-0.6744975894045253,-0.45784089565277036,0.3535990769629385,0.3320084835070122,0.2642684551612371,0.03687164472551045,0.08528800544345547,-0.5664600491523742,-0.7926011186414966,-0.168627467006445,-0.30105112913482257,-0.3916869878768921,-0.3030433654785156,0.15368995666503907,0.32996511459350586,0.17862768173217772,-0.7373107671737671,0.1219853618080365,-0.48701076507568364,-0.9071827230606103,-0.6743429136105235,0.05150787425368868,-0.496954652404161,0.2147066464573925,-0.8040353934016913,-0.4804959910267945,-0.5562829256057742,-0.3614488124847406,-0.44841653108596813
Bartlein,Bartlein et al. 2011,,pollen MAT,47.0,-89.0,1.1765,1.0,-0.15342470169067382,-0.2159370575399891,-0.3346152749652029,-0.6522899564071487,-0.4521784109539455,0.4853759112065337,0.3521011904379382,0.35040768528081123,-0.00976021057757896,0.05757008115715781,-0.5778692781925201,-0.8911982056956596,-0.3401381745934533,-0.3705750467916409,-0.36783926486968993,-0.28110742568969727,-0.31412208557128907,-0.009237937927246075,-0.05120472590128581,-0.7152255376180012,-0.09580111486839092,-0.7422001505223096,-0.9613369299563299,-0.950383331896566,0.051281084842576846,-0.5275669159830103,0.29063487276256056,-0.3550861402438198,-0.4583443092633769,-0.6364432017008467,-0.4492547618018259,-0.6513724105887944
Bartlein,Bartlein et al. 2011,,pollen MAT,49.0,-99.0,-1.349,1.0,-0.0321097755432129,0.2801966143880753,-0.1774645990447889,-0.6025964138612042,-0.4173260815938315,0.5465616799610117,0.6208236380444815,0.41058050457136336,0.3864053699330814,0.34494889711515153,-0.4898930966854095,-1.030562225609446,-0.12225765176117499,-0.25648295210510436,-0.19225699901580812,-0.33626523017883303,0.30769395828247076,0.3507195663452149,-0.03886253356933594,-0.7479978998502096,-0.15906291675729295,-0.4072013472052801,-0.7483129260430665,-0.785114550240567,0.37187006483927265,0.08267512240145364,0.3877362888043959,0.12336910377705447,0.05698219891006569,-0.7452865017784971,-0.41078079276614654,-0.5980233703719244
Bartlein,Bartlein et al. 2011,,pollen MAT,45.0,-65.0,8.906,1.0,-0.09821097056070964,-0.4893189644409325,-0.21607223332508907,-0.5533805707764994,-0.006335377693176074,0.3629585109418427,0.20220943418498855,0.3472351450478138,0.13782348031048794,0.13732728989609683,-0.46360063552856445,-0.6510199358637485,0.14747134596109399,-0.12396339007685397,-0.23008251190185547,0.2172088623046875,0.1892229715983073,0.3178982734680176,0.2024945418039958,-0.4842681884765625,0.3110809393968764,-0.47309160232543945,-0.5848402848491847,-0.3020509963365288,-0.04991743180569243,-0.5393066238479323,0.1435014756821335,-0.285636914520218,-0.7332721560845682,-0.5800479650497438,-0.31567680835723877,0.0772213935852046
Bartlein,Bartlein et al. 2011,,pollen MAT,53.0,-59.0,2.4467,1.0,0.45702277064323427,-0.5707999965689141,-0.1106263191771214,-0.49814079403155864,0.176199190351699,0.3337297631678362,0.16810669298822523,0.24599733941141513,0.22175162964759287,0.8358410801935053,-0.42892985343933104,-0.5220350927274394,0.8587362743914129,0.05722813214681522,-0.3713240623474121,0.920686674118042,1.126709067026774,0.9056382195154826,0.5893863224983216,-0.33261553943157196,0.17768047431923706,-0.3639820394961697,-0.38429526199117536,-0.808933105781516,-0.016004618088330223,-0.3835584932194558,0.2666479356453023,-0.21241090140431304,-0.5725003814467895,-0.5985468248526256,-0.22509867615169954,-0.1430830224355062
Bartlein,Bartlein et al. 2011,,pollen MAT,43.0,-81.0,0.0103,1.0,-0.11260604858398438,0.1345156845563784,-0.4262537655979817,-0.6227342570334746,-0.331474035051134,0.4566954118961343,0.2791267775952115,0.2627757937378566,-0.0215359021440446,-0.012720317214719907,-0.5291686058044434,-0.7861971292734629,-0.1147044405341151,-0.29318780887622664,-0.40466880798339844,-0.4113918781280518,0.3192075729370117,0.5392461395263671,0.16624030113220215,-0.696661392847697,0.0613898978507731,-0.41658568642066574,-0.9262157196237071,-0.4734838993291524,0.05842463096990744,-0.39959890537786824,0.1725612601060045,-0.3937091386479032,-0.9191292787526502,-0.45427216423882444,-0.40555423365698906,-0.23813914404975045
Bartlein,Bartlein et al. 2011,,pollen MAT,47.0,-87.0,1.1125,1.0,-0.22328996658325195,-0.3472018717531729,-0.35741950198095596,-0.7090368225870521,-0.4626536830266323,0.4066730260150906,0.35544860026267655,0.33929857935678276,-0.016700516381768886,0.08206423270324205,-0.6033623337745666,-0.8775546968138221,-0.45727413184941146,-0.36227645512217654,-0.38535633087158205,-0.291588044166565,-0.37430784702301023,-0.12302068710327148,-0.009475145339965822,-0.6888485550880432,-0.046178031820499926,-0.7114917343003871,-0.9410984322398508,-0.8854447210204214,-0.04590045203459668,-0.5840873504512409,0.28115179090039527,-0.48791970240283433,-0.31380374394055044,-0.6297196454472016,-0.45895599921544417,-0.6666771619849736
Bartlein,Bartlein et al. 2011,,pollen MAT,47.0,-69.0,1.2745,1.0,-0.1426579284667969,-0.6263269266932072,-0.2922555789036873,-0.6341883466528693,-0.14767732726202965,0.2960245960271696,0.1766306922658888,0.2280729808468612,0.08702811563605858,0.18128365502349242,-0.46993634700775144,-0.64971108266406,0.3727804120630045,-0.1684629074410539,-0.34971208572387696,0.037462043762207034,0.27304532527923586,0.37667156219482417,0.16596979364752773,-0.5636375546455383,0.16247845637826488,-0.4659002550645525,-0.8043201934553666,-0.6733945857167372,-0.07910522975573678,-0.5896756167519047,0.1646143411879761,-0.29153428373071566,-0.6031316066001741,-0.5548159148957998,-0.2654229448901292,-0.258720662660069
Bartlein,Bartlein et al. 2011,,pollen MAT,45.0,-69.0,-0.1193,1.0,-0.1584209442138672,-0.44305675013461704,-0.2746066065845238,-0.5912894666665631,-0.06340358257293705,0.3334556909958002,0.16820867738642617,0.291001785031435,0.0333795480629746,0.10053728358767387,-0.4562191963195801,-0.6416973615764938,0.16230641305446658,-0.1491115195619548,-0.3067165851593018,-0.06411428451538086,0.23758630752563475,0.36843614578247075,0.16790791749954223,-0.5137640237808228,0.23731040570273068,-0.40168190002441406,-0.7600378801093706,-0.44562555901700035,-0.06163037487583634,-0.571591581010439,0.12947302249456094,-0.28585674102085407,-0.6217549208252758,-0.5002615928649906,-0.30430164337158133,-0.20955590009689337
Bartlein,Bartlein et al. 2011,,pollen MAT,49.0,-89.0,0.9197,1.0,-0.027303155263264975,-0.38899352430756007,-0.34189257511680526,-0.5057852930836713,-0.2736319499545612,0.4571331506710009,0.4123462154335735,0.34751285092962,-0.11129020157194117,0.10846572971448412,-0.5486946880817414,-0.9153854851495801,-0.19690387509762708,-0.3784717170774024,-0.33258442878723143,-0.21451327800750733,-0.3124140159289042,0.017936016718546548,-0.09702172815799714,-0.7146195371945698,-0.11183248438902328,-0.5638709033675108,-0.9141371872610452,-0.8733971981739859,0.038867193552353727,-0.5591402752955438,0.2567381855145318,-0.334243406584308,0.09835231690207505,-0.6687558445665572,-0.43120419449276337,-0.5502712070279653
Bartlein,Bartlein et al. 2011,,pollen MAT,49.0,-91.0,1.8317,1.0,0.08654678980509442,-0.2538307997227832,-0.31870312327028205,-0.48005865879774773,-0.3956070306566022,0.5148161556273986,0.43903548092924977,0.35713743899838557,-0.05823411140328074,0.11905546463871895,-0.513470859825611,-0.9395123608173339,-0.12448330726474299,-0.37425190532755515,-0.32072014808654786,-0.20372989177703857,-0.48716900428136195,0.028520962397257488,-0.0816328736146291,-0.851381242275238,-0.1451431927136208,-0.5353612549265249,-0.9139048258936365,-1.243728193251653,0.1308517041081006,-0.509193785002618,0.255317024977211,-0.29217839540284674,0.13368718387134526,-0.6758382115099169,-0.36379132668177283,-0.5262443857060539
Bartlein,Bartlein et al. 2011,,pollen MAT,47.0,-63.0,0.9345,1.0,-0.11566457748413086,-0.5257916580831181,-0.2709561569546529,-0.7771893344576286,-0.2578485149807398,0.3479061877680759,0.16985868468139498,0.26630821543332883,0.11954845392461227,0.06274422232952026,-0.6014178633689882,-0.7595244692228107,0.17637759521603308,-0.15205816558178392,-0.30015773773193355,0.5329478740692138,0.17796483993530274,0.3138740062713623,0.19307056903839112,-0.6288953423500061,0.26002005358344477,-0.4628063082226845,-0.5568593921460795,-0.4120255999490595,-0.07604789648653637,-0.5212814720336774,0.13138176186734044,-0.4600047475755995,-0.7705165998445982,-0.6590302917692398,-0.36595940060085674,-0.007841782304975776
Bartlein,Bartlein et al. 2011,,pollen MAT,43.0,-75.0,0.7005,1.0,-0.22254161834716796,0.0899811677540816,-0.4288293414225802,-0.535525651245549,0.14824344052208843,0.3431100225526523,0.2884644698567729,0.23998543611285095,-0.00980851566517688,-0.03660249390798896,-0.46880078315734863,-0.7268020746184082,0.18030563443899142,-0.28508481825389564,-0.31087779998779297,-0.3329758644104004,0.3417210578918457,0.6958460807800293,0.17166481018066404,-0.6460297107696534,0.09638535975113882,-0.43846884648998896,-0.7887432315259215,-0.24924702758311615,0.042789052965960105,-0.44049786087345794,0.1627248674939819,-0.27479382798728463,-1.032528950749591,-0.4296278291278419,-0.34707111782497785,-0.23325334919823537
Bartlein,Bartlein et al. 2011,,pollen MAT,49.0,-81.0,1.51,1.0,-0.1920563364028931,-0.5486964053949279,-0.324641200008769,-0.5574728505549374,-0.3193085347281564,0.3772820998277802,0.25852282207918215,0.31589786434695527,-0.007588243816226775,0.15520715619135883,-0.548515459895134,-0.7990367325640674,0.034323079418390356,-0.2861534988214627,-0.32768723666667937,-0.2072917938232422,0.35617778539657596,0.2635132384300232,0.14600302442908286,-0.7094760984182358,0.010779677151173478,-0.5714318872431206,-0.9089847798402831,-1.1131242631863194,-0.021458703958753995,-0.6320502021130199,0.25245556093726607,-0.402189235564409,-0.05442745007983478,-0.6151295112238993,-0.40580022401279964,-0.4505533651510875
Bartlein,Bartlein et al. 2011,,pollen MAT,43.0,-73.0,0.5202,1.0,-0.208096809387207,-0.12151227438402185,-0.3812863897619191,-0.592056272667279,0.1217763312657675,0.324414366032361,0.24330434456695876,0.24247647116521898,0.06382962681296002,-0.03233749925302438,-0.4447207212448121,-0.7140522850954442,0.2335707172751438,-0.24239552370560272,-0.27381052970886227,-0.2545610904693604,0.27935087839762374,0.7289145533243814,0.16173354148864746,-0.5293474594751993,0.1571555846385866,-0.4597623351615465,-0.7431168068607612,-0.29160069224701807,0.008435949799756851,-0.47271069272156246,0.1352236677564968,-0.26420330245946233,-1.1240676698002272,-0.420301583078173,-0.38858956231011266,-0.23000531991322834
Bartlein,Bartlein et al. 2011,,pollen MAT,47.0,-97.0,-0.6875,1.0,0.036998805999755864,0.4299618469931008,-0.18587991462128356,-0.5960668089263897,-0.48788782331678604,0.5656588303968941,0.5554309738699159,0.34317374416964513,0.3212202608653182,0.1902429431040336,-0.5263057947158813,-0.9420202311880536,-0.05947156026959533,-0.25586851299015007,-0.22711515426635742,-0.3699030876159668,0.19266331990559898,0.26509625116984054,0.0064792553583780926,-0.7116563717524211,-0.14496337951270227,-0.3288335435305343,-0.8646207338881133,-0.6564700975728214,0.36259961778112737,0.04912991797716226,0.351754316403471,0.04447600550700213,-0.1534223098788222,-0.6675385740068234,-0.42400773896111377,-0.6074745077557034
Bartlein,Bartlein et al. 2011,,pollen MAT,47.0,-99.0,-1.415,1.0,-0.0014864540100097642,0.3742287202368513,-0.13841851557283347,-0.5506078651379243,-0.40491173903147376,0.5907057549034068,0.6258922884874631,0.3492364290737848,0.29437923935368676,0.2831296603975003,-0.47343970537185665,-0.9492304158790964,-0.05119060948491246,-0.20616025208468566,-0.19945328235626222,-0.43879213333129885,0.39191123962402347,0.4191781806945801,0.007886414527893069,-0.6419680913289388,-0.09961146166998675,-0.2755049099132439,-0.7443775427528395,-0.5026339405729392,0.38653016731689116,0.21343209512799716,0.3739329667513107,0.12060996980126873,-0.10520364963679835,-0.6069769011603476,-0.4506586975521512,-0.5787948915693495
Bartlein,Bartlein et al. 2011,,pollen MAT,45.0,-63.0,-1.464,1.0,-0.024810218811035158,-0.47847360925470184,-0.21032782410303902,-0.6153589390986306,-0.18377654552459483,0.37895783006599526,0.21580057512793244,0.3687948522375408,0.14406148648521105,0.09625577002857064,-0.449857783317566,-0.6424928010372672,0.2937818318605424,-0.14999620349097487,-0.20942702293395996,0.47239913940429684,0.1607809066772461,0.30030241012573244,0.15499370098114013,-0.494384765625,0.3229944575946136,-0.35630731582641606,-0.5255901783886674,-0.29517503132487577,-0.003858830563294953,-0.5033231952242462,0.15123417152997193,-0.2848874281146392,-0.555172110020687,-0.6648870229721068,-0.3924237489700316,0.7285509347915634
Bartlein,Bartlein et al. 2011,,pollen MAT,49.0,-79.0,2.426,1.0,-0.20061398188273113,-0.5768606387527808,-0.3048103252662464,-0.5684830428183127,-0.2746676015853884,0.3543388359186358,0.2383990834007099,0.3030904255233108,-0.045036459246709945,0.1656604410751916,-0.5449224501848221,-0.7686011106721059,0.0443209995515637,-0.24645349765014724,-0.32517742812633516,-0.17636756896972655,0.3810899337132772,0.28632213751475016,0.16832485740383465,-0.6672962506612142,0.04918792365902921,-0.5696518041202925,-0.9200499983740767,-1.1310961685415988,-0.027447092376675558,-0.6492776877094955,0.23747886336394516,-0.39709986137123543,-0.04793169168107447,-0.5955903351306918,-0.42579105032814946,-0.43916823638810054
Bartlein,Bartlein et al. 2011,,pollen MAT,45.0,-97.0,-0.9085,1.0,0.052115313212076825,0.6147524561145993,-0.16341233287928347,-0.500408489024228,-0.46359176635742205,0.5939454311685624,0.600880177899103,0.2549435668243112,0.12102984624702406,0.016009848091777523,-0.5344630956649781,-0.8920376543452444,0.019015185534954016,-0.2027503494730078,-0.2708747386932373,-0.4855703830718994,0.33958781560262047,0.38149299621582033,0.0037399291992187503,-0.6485313177108765,-0.08180034147978499,-0.27479789257049564,-0.8898695949441705,-0.4255345638965129,0.3416493909908735,0.10326450704273729,0.3602420354598078,0.008843150008640702,-0.4119605951091524,-0.534401273727418,-0.44388000965118396,-0.5603046894073487
Bartlein,Bartlein et al. 2011,,pollen MAT,53.0,-99.0,0.927,1.0,-0.0028040790557861315,-0.3114762180878384,-0.23437648499064126,-0.6390821492008912,-0.2628422967592875,0.545723077241743,0.41366491859290716,0.3578457414311886,0.16016366277155455,0.27872102159915113,-0.5052664130926132,-1.07884361291485,-0.24733426049351692,-0.3150076961236416,-0.2398021936416626,-0.1870559275150299,0.13006881713867188,0.11674509227275848,-0.16511183798313142,-0.9029933313528696,-0.1952440815509498,-0.615756603538955,-0.878218829435645,-1.3596859256709783,0.09714239805673264,-0.537385265365823,0.23166629967578403,-0.29839123126796124,0.1141601461674486,-0.803881871038013,-0.3517988383769989,-0.6175112160709167
Bartlein,Bartlein et al. 2011,,pollen MAT,51.0,-95.0,0.023,1.0,0.17089099884033204,-0.15501883335700117,-0.28269939314445036,-0.39585767799799854,-0.3257380525271099,0.5210660127419754,0.5142612762471508,0.3558345383845382,0.11145822971688094,0.1667460363334777,-0.505662128329277,-1.0193408535593333,-0.1458441702648997,-0.32596893975151026,-0.28483763337135315,-0.1974586844444275,-0.2718644897143046,0.014025449752807645,-0.03759287844101587,-0.8969200849533081,-0.19662650210151897,-0.4971302209710467,-0.823857577416396,-1.2682490741519932,0.14251467282018496,-0.4711216721432827,0.3080083398451813,-0.1627506834731054,0.16967470919579034,-0.7371011575063069,-0.3369466563065848,-0.5281513015429179
Bartlein,Bartlein et al. 2011,,pollen MAT,41.0,-81.0,-0.5905,1.0,-0.0762786865234375,0.17207648783648022,-0.42173792551441047,-0.45203948485523443,0.39990524397955596,0.43236437335513,0.17961100799136953,0.27747844521693155,-0.19989435632243885,-0.10469630053311818,-0.4845766067504883,-0.7057930760968796,-0.021297256648543542,-0.29892469336502264,-0.3689208984375,-0.44062151908874514,0.6085234451293946,1.052175407409668,0.13295250892639157,-0.6297481060028076,0.012052413697989577,-0.4447832253507388,-0.9567337462666723,-0.2662722576249413,0.03358884067649226,-0.31569181422549075,0.15678289929253317,-0.2882540832552459,-1.229383354901876,-0.3695622762044274,-0.28538076082865454,-0.03747333526611271
Bartlein,Bartlein et al. 2011,,pollen MAT,41.0,-73.0,0.346,1.0,-0.1947871398925781,-0.28509942818377954,-0.29657285205954176,-0.6778405726274922,-0.3556629901462108,0.39652407388541694,0.14813675807727503,0.2928323750763928,-0.09707811727296245,-0.10354478615034948,-0.3405218601226807,-0.64051579169695,0.006858187913899007,-0.2337980664269427,-0.2127758979797363,-0.22835426330566405,0.4332824834187825,0.6955470657348632,0.25039462884267166,-0.40614374478658044,0.19513174825355944,-0.35396915559142017,-0.526593294071086,-0.3307245763003012,0.03362435645025027,-0.35500221270850024,0.10776693629629291,-0.2711691664578324,-0.8935643829373456,-0.3108876546223963,-0.37812675899929477,-0.18941076490614148
Bartlein,Bartlein et al. 2011,,pollen MAT,49.0,-71.0,1.793,1.0,-0.11643337885538736,-0.6498700666139123,-0.27518164218662483,-0.5564823890305904,-0.25024738947550373,0.3016785494534048,0.15864806842387102,0.19865081139202156,0.08979642911608234,0.25335564546247746,-0.4803180724382401,-0.5994219746417423,0.2971970461308947,-0.1092467631411929,-0.3680134177207947,0.04241857528686524,0.3045039558410645,0.30913805047671,0.12938381815950076,-0.5474032362302145,0.13987408226463385,-0.48302310543496607,-0.7730861752672137,-0.7934730150388376,-0.10268033673913371,-0.6026409363457665,0.18659884320481743,-0.3366072246296375,-0.15691683776544493,-0.5658290336529415,-0.4020616279708017,-0.2744096863600942
Bartlein,Bartlein et al. 2011,,pollen MAT,47.0,-111.0,-0.331,1.0,0.09963144302368165,-0.00181062329886994,0.08409156250099963,-0.25345300994442793,-0.09879607306586322,0.6136187634680179,0.8154678691305337,0.39855928237158705,0.18619992912132494,0.33923807876014134,-0.08719629049301172,-0.8415506149744265,0.3899979708716268,-0.02094062578653899,0.31906986236572266,0.06506628990173341,0.5375015449523926,0.6315014839172364,-0.03676359415054321,-0.6651391585667928,0.24936129791305833,-0.1612705090323275,-0.1692976416272692,-0.3375660980281604,0.5201791357743939,0.1760656060563745,0.34085231949428885,0.27982557462755236,0.22116224670041917,-0.3026232507493768,-0.29487653838263694,-0.2148988021744623
Bartlein,Bartlein et al. 2011,,pollen MAT,41.0,-87.0,-0.0643,1.0,0.12912387847900392,0.5616000260455873,-0.3819715894442812,-0.5059090675998892,-0.4308091502719479,0.5171066767951242,0.15785241786855944,0.22228066413042452,-0.22786227685976693,-0.10784314060081436,-0.5689661026000977,-0.7847750631800006,-0.03559934198856567,-0.2622967276787778,-0.43791904449462893,-0.4680550575256348,0.8118453979492188,1.1823284530639646,0.11203514099121094,-0.7597774664560955,-0.08852882496616456,-0.5082138259611146,-1.137792740259476,-0.39266263903186294,0.03725137423042467,-0.2786550630513457,0.22909241610103653,-0.2363930556501199,-1.6431525941240412,-0.4727124214172366,-0.21949015723334442,-0.17891898473103782
Bartlein,Bartlein et al. 2011,,pollen MAT,-3.0,29.0,-2.0548,1.0,-0.732961883544922,-0.6286635433832678,-0.4273508297933345,-0.27447409408369633,-0.4479489072163907,-0.18236293787138969,-0.4075952502189869,-0.34792479243668173,-0.5196156657466859,-0.5151826668553318,-0.5394138336181641,-0.789123089344525,0.3033657133579266,-0.4545113919420457,-0.7798843383789062,-0.6451372146606446,-0.2420604960123698,-0.023725738525390637,-0.7065908368428547,-0.46090030670166016,-0.3397655689357685,-0.5156719467523148,-0.6109537261180782,-1.33734870089538,-0.6037904159833809,-0.6536246980204269,-0.462863472208747,-0.4810202167491269,-0.2660147100267515,-0.587335809071859,-0.3626592318216969,-0.3013317489624024
Bartlein,Bartlein et al. 2011,,pollen MAT,59.0,27.0,1.5177,1.0,1.0453186225891113,-0.6447074114360943,0.5041403377081137,-0.1279716739881449,0.4652569182713827,0.9041492361165264,0.6696227632838427,0.32344317234964326,0.561977340648133,1.1328285379517455,0.04407894015312195,-0.5932528310874055,0.3597094452008587,0.23628845106082663,0.17238309383392333,0.45142427682876585,1.2173352432250977,0.9599841117858887,0.825334119796753,-0.20085622866948444,0.5917207342306108,-0.2506870420729698,-0.24506229334116125,0.1364353502159868,0.4389046571050063,0.02805083699428159,0.2726195453045546,0.5164149690466074,0.2807455801654268,-0.21800511148240873,0.2654293828540375,0.34611633353763144
Bartlein,Bartlein et al. 2011,,pollen MAT,45.0,-111.0,-0.0873,1.0,-0.01063585281372069,-0.05731427612380115,0.13420942381013684,-0.10840757728424481,-0.23137154579162483,0.49595944894489896,0.6445443678493197,0.3239584818458127,0.039472865951177535,0.312962554427703,-0.1049600735306736,-0.6981270426583204,0.3974693599157036,-0.04784006261821322,0.24414861500263216,0.049922695755958556,0.5258983612060547,0.5448564052581787,-0.1113476812839508,-0.7353311777114868,0.3850917651105678,-0.10166746377944946,-0.2306939948524046,-0.4335159673415919,0.4281979482417624,0.14075506106076005,0.40795975601711,0.20218359122453913,0.13059081948951953,-0.29977517127990694,-0.2888545989990232,-0.1851580366492271
Bartlein,Bartlein et al. 2011,,pollen MAT,59.0,25.0,1.1267,1.0,1.0814569791158042,-0.5710229471309408,0.5310775123374756,-0.11964396243726615,0.3163769563039143,0.9121061681785421,0.7429717566258504,0.37313338199863433,0.5231546009703498,1.2308940053072066,0.048492610454559326,-0.5589380284972782,0.39015089357271615,0.260200697098273,0.18530642986297607,0.5501155257225037,1.238387934366862,0.9703039487202965,0.80310697555542,-0.15843125184377035,0.6224226482375578,-0.22640391127528203,-0.2559354429081834,0.15463606572156974,0.44202376571279056,0.04927340186352431,0.28689304171800073,0.5172831470234935,0.2611522037520272,-0.16191871960957877,0.26178753376007025,0.3437132954597471
Bartlein,Bartlein et al. 2011,,pollen MAT,47.0,-79.0,0.1577,1.0,-0.10934208234151205,-0.4502293874238654,-0.36587928328396135,-0.6309537025959615,-0.24330092112223262,0.3925404571934982,0.3000075672432962,0.2531459883396008,0.047257234614896275,0.13335044634075505,-0.5386817723512649,-0.7587670397450333,0.063055095542223,-0.28923584505657196,-0.349841833114624,-0.19842360019683836,0.23664774576822917,0.29082597732543947,0.16813408911228178,-0.7169860899448395,0.08007548956855219,-0.46986696387889215,-0.8863020526685923,-0.9037130111898155,0.02936321996464467,-0.5717875195580775,0.20924823252940833,-0.3733836473295769,-0.10286463101899956,-0.5669203586048552,-0.31363228559494105,-0.45759722471237185
Bartlein,Bartlein et al. 2011,,pollen MAT,49.0,-93.0,1.0725,1.0,0.13991090774536133,-0.06844584466906788,-0.28974745349345127,-0.4729565639386063,-0.4353418580691022,0.52920247049142,0.47250762965222093,0.37206123845796457,0.07760110833410987,0.12861215975681925,-0.5020653933286667,-0.9601119986763048,-0.08851444292813637,-0.3555030639079448,-0.2994995951652527,-0.2165287375450134,-0.5571333289146423,-0.20341611862182618,-0.06404276371002197,-0.8756541510423024,-0.1787139390273504,-0.512439144287103,-0.9083961339639531,-1.445006690212528,0.22315522012747668,-0.4139500941674638,0.34281544319027407,-0.12069394806314263,0.15461158433321848,-0.688089548216926,-0.305129480361939,-0.5502103814813826
Bartlein,Bartlein et al. 2011,,pollen MAT,45.0,7.0,2.3223,1.0,0.33651320139567054,-0.7578996804246998,0.10341449015113867,0.18503882546846354,0.7265658378601028,0.3948683624267578,0.7081857801908806,0.7044115411261163,0.004276796224208286,0.3358100925800712,0.018815922737121585,-0.3056891765297349,0.49961099028587386,0.3839841442849251,-0.2704930305480957,0.02021923065185547,0.6593457539876302,1.1771670659383138,0.07855974038441976,-0.031107425689697266,0.33179976447088344,-0.2321404457092285,-0.18788198582520962,0.10620981469844917,0.1506098016779252,-0.30647116230579047,0.23258692559452115,0.05024678093956288,-0.168038531850724,0.06641206741333003,0.3715231895446773,0.1927191972732541
Bartlein,Bartlein et al. 2011,,pollen MAT,45.0,-123.0,-0.376,1.0,-0.14313106536865233,-0.3518711401522148,0.08659685123235242,-0.24270592650575365,-0.1454127311706534,0.48327294209839733,0.35191671353438136,0.31269316664623026,0.14143526231238612,0.1971481077644159,-0.14538486003875745,-0.636644357196728,0.13934956490993491,-0.10054073591512967,0.25398998260498046,0.24324541091918944,0.08992080688476563,0.14904022216796875,-0.23047876358032227,-0.483090877532959,0.4050526128264336,-0.22136125564575193,-0.21114345220885447,-0.029141264891679765,0.19446905293857863,-0.10046488341470387,0.22111688280146546,0.13825210166096458,0.09806391432127334,-0.26071014404296905,-0.05444726943969725,-0.14917733669281
Bartlein,Bartlein et al. 2011,,pollen MAT,57.0,-65.0,-3.5973,1.0,0.4085371653238933,-0.5957456588690574,0.020098526446412152,-0.6705973354235618,0.19137759208679264,0.44514483465113125,0.12356700736421727,0.42416661891064744,0.3179556042389614,0.8213230567858408,-0.3901376724243164,-0.5726698764210837,0.525184899568558,0.18466202833625947,-0.24204349517822266,0.5815343856811523,1.1714178721110027,0.9686186154683433,0.5992749849955241,-0.24502646923065186,0.13474514602805027,-0.48070739509885035,-0.4716616922832144,-2.2061128089440807,-0.026875206242212447,-0.3568736696617111,0.3917773090225023,-0.2815951301144737,-0.3239576355038561,-0.5153555870056151,-0.145367383956909,0.00881958007812503
Bartlein,Bartlein et al. 2011,,pollen MAT,47.0,-61.0,0.063,1.0,0.003955796559651694,-0.41183403855833833,-0.26344856039067577,-0.7696368223019389,-0.2294798019197253,0.3882766878966759,0.19854853976173342,0.2803610688079757,0.16695027119124384,0.054943648480904925,-0.5635182380676278,-0.6840023900049536,0.2734351992607112,-0.17056796775368654,-0.25502843856811525,0.7505258560180664,0.16812382380167645,0.28599061648050944,0.26421168804168704,-0.5678908824920654,0.2591182249495159,-0.4038916307943635,-0.4966264887290818,-0.4019119933014435,-0.05876156393809156,-0.4962079905958787,0.15211356009644794,-0.4391526663455298,-0.4848488800388906,-0.6837762753168743,-0.35253183576795727,0.20226451396942122
Bartlein,Bartlein et al. 2011,,pollen MAT,27.0,-81.0,-1.128,1.0,-0.24900985717773438,-0.3462749846088392,-0.0851091292978495,-0.1434659204937525,0.14963193893432594,0.16336986173879015,0.020386284033429805,0.26196646016144276,-0.44201466097902176,-0.057005293040793964,-0.35219345092773435,-0.4184945174809618,-0.18869057297706449,-0.11372890121040238,-0.3447185516357422,-0.41728687286376953,0.2506493377685547,0.39442794799804687,0.054910526275634766,-0.2999539375305176,-0.03304328918457031,-0.35164936065673824,-0.37687734435836107,-0.288005108884388,-0.16263352848848076,-0.2620951624665667,-0.009557943035689319,-0.17802337263004386,-0.2212175513892495,-0.11190557479858393,-0.15259742736816403,-0.12275154113769532
Bartlein,Bartlein et al. 2011,,pollen MAT,41.0,-71.0,-1.0875,1.0,-0.1376448059082031,-0.4632690675787997,-0.2539815412232366,-0.5318758345244371,-0.37460999488830526,0.4600798337253523,0.15157775863797107,0.32935407359947777,0.0776107261506985,-0.0623658028623087,-0.2985602855682373,-0.6040826066993328,0.004683873057367427,-0.27676540321184906,-0.1657179832458496,-0.14038267135620117,0.3406641260782878,0.6602560806274413,0.27905318895975745,-0.39450526237487793,0.29732111813239354,-0.27175087145343857,-0.41711523451653726,-0.2968165952974702,0.0898856074551245,-0.40524199350777623,0.10988077635474681,-0.3033477857162744,-0.4953953130747978,-0.34195777045355946,-0.4199247572157118,-0.2565623230404328
Bartlein,Bartlein et al. 2011,,pollen MAT,49.0,-73.0,2.13,1.0,-0.15113833427429202,-0.5908586255606962,-0.2790493131781982,-0.5575408543559968,-0.28321025649706505,0.30181224941381113,0.174573885018978,0.21231788936170112,0.05349046061105812,0.22527461232682197,-0.4943796247243881,-0.6263874173898516,0.22155385762452978,-0.12340199872180298,-0.3658094257116318,-0.030096694827079773,0.3207492669423421,0.2798298315207164,0.15703728114565213,-0.5638488431771597,0.12495139776796432,-0.501809855286157,-0.8069362617927195,-0.5611188567697717,-0.08382022248970597,-0.6090595705930019,0.1959846577414776,-0.33990558562880924,-0.1385484371929551,-0.5617296563254465,-0.4531609266996386,-0.2893360212776396
Bartlein,Bartlein et al. 2011,,pollen MAT,47.0,-65.0,3.533,1.0,-0.12246414820353191,-0.6075171018211538,-0.26151649489828926,-0.6809626821534606,-0.18510403368208075,0.30743879060888374,0.1964037997670875,0.2539577049875458,0.05606234869905162,0.1387845045697973,-0.5789274573326111,-0.7396407558463765,0.15463374108076072,-0.12338544254544379,-0.3322516679763794,0.29476916790008545,0.2297800223032634,0.3565447012583415,0.19101453026135762,-0.6115781664848328,0.23004479572146314,-0.49012312172110645,-0.630365068762391,-0.43213016721026365,-0.0630874416382941,-0.5485510741270281,0.13229745683406224,-0.3673556110194764,-0.9478834452396934,-0.6104838715659253,-0.3217052618662518,-0.12692739168802902
Bartlein,Bartlein et al. 2011,,pollen MAT,49.0,-101.0,-0.241,1.0,-0.018156693776448567,0.2901428618702549,-0.1304668960289877,-0.5816228208169082,-0.3552029885186088,0.5514438464402762,0.7128689820235768,0.4217993367625939,0.3154627210647165,0.34390134595938643,-0.45857816338539126,-1.0436590084795607,-0.040882497280835976,-0.20132012339628402,-0.10024135112762451,-0.3208797931671143,0.3610257069269816,0.41891506512959803,-0.007680718104044595,-0.708743174870809,-0.1235195515354488,-0.38422788838313193,-0.6486119432066241,-0.6773798541560331,0.40643736121878604,0.1667978546157518,0.3873684645145069,0.18237836894785014,0.1704756509307959,-0.697253666983711,-0.4359929905997376,-0.5630226318041485
Bartlein,Bartlein et al. 2011,,pollen MAT,61.0,25.0,1.4124,1.0,0.9779398918151856,-0.7122114955173984,0.6133065708707216,-0.35458792107869797,0.40157328976525253,0.8605932868265764,0.6692672625172845,0.3695878984661902,0.48522247123200474,1.2829441616581054,0.023422394879162374,-0.64332985975307,0.25872597479124215,0.2611530878543892,0.24980279803276062,0.5033730268478394,1.2443223635355634,0.8605972607930502,0.8044580300649007,-0.15915882214903834,0.5478113344934541,-0.37874134893972267,-0.32183928651136584,0.02808874850913068,0.5201466920892649,0.007942111451918761,0.36003992876448393,0.560924932611378,0.43513694442316214,-0.23498545752631333,0.19817219177881865,0.27956398278474803
Bartlein,Bartlein et al. 2011,,pollen MAT,49.0,15.0,-0.1392,1.0,0.6999788284301758,-0.7594412720652577,0.15902888494846582,-0.050403583876215095,0.14054942131042505,0.43368622121891365,0.7200694893748538,0.7057267114693679,0.2688735472867412,0.6202688959980099,0.1298640966415405,-0.3313415875595212,0.9804350167512905,0.3763312513558223,-0.1268322467803955,0.16184663772583008,0.9788605690002442,1.5603281021118165,0.221722149848938,0.13981588681538898,0.5114275429014727,-0.0471286510132949,-0.05099930940305932,0.1194793357998888,0.16863216338684794,-0.17075201635128964,0.19783714327223906,0.2350950896810115,-0.06418529856902168,0.12836705313788535,0.41574692726135287,0.2150709311167398
Bartlein,Bartlein et al. 2011,,pollen MAT,51.0,25.0,-0.0865,1.0,1.2720580418904623,-0.8025812909758849,0.274420230954413,0.017550209769264732,0.6274725914001462,0.5368912633833719,1.0500665554138324,0.6487927472812844,0.37131863399154996,0.8321751054301896,0.19581341743469238,-0.42574042532739975,0.8798784181475632,0.21054913496682448,-0.0034754276275634766,0.17770886421203613,1.259431012471517,1.3281535466512044,0.49377334912618,0.005692124366760254,0.6345623529158924,0.1484960241414409,0.05354028753163129,0.17181672992034036,0.2547702119390663,0.048873200838800715,0.21803966483419082,0.4401151179267675,0.04683603211926439,0.16014647483825706,0.7163822650909424,0.3505633274714151
Bartlein,Bartlein et al. 2011,,pollen MAT,57.0,-63.0,-1.3045,1.0,0.3966384887695313,-0.6300427058363595,0.04705890833629667,-0.6844948250677836,0.2019318580627445,0.4765519987112412,0.14339828020255363,0.437797707148012,0.34171895782833084,0.9576901961935348,-0.39684374332427985,-0.6358845325096425,0.6721851930022247,0.17453412975718313,-0.2378702163696289,1.1512867212295532,1.3309870910644532,1.201110019683838,0.6721952247619629,-0.17145490646362305,0.13507808943114719,-0.40260280170073776,-0.44581294272085803,-1.6833668338849606,-0.02538179245576663,-0.3043283265032546,0.3696821094107755,-0.24523191590296728,-0.36648478778825294,-0.48925034205118784,-0.13401497205098456,0.008251349131266307
Bartlein,Bartlein et al. 2011,,pollen MAT,51.0,-121.0,2.194,1.0,-0.06550689061482748,-0.28168774184337536,0.07045499644941774,-0.4418361333770964,0.16634239753087368,0.4591747450670493,0.6142191754494604,0.4826847256237246,-0.27059185041100425,0.2544288657248131,-0.13325136080384248,-0.8033828278045712,0.4408773437142375,-0.12904605708495856,0.36108452081680303,0.2137002229690552,0.30893718401590986,0.4461777687072754,-0.17137395838896433,-0.7408537119626999,0.27657709798349994,-0.30297682724354436,-0.19359806310592573,-0.2920410226084866,0.11811705709451387,-0.06596963436185227,0.10956398066296202,0.027739921885064377,0.25049298352421595,-0.4104653726021448,-0.04112891952196713,-0.30740206559499106
Bartlein,Bartlein et al. 2011,,pollen MAT,47.0,9.0,2.4689,1.0,0.4090632438659668,-0.8178104708617426,0.10682593370809207,-0.03369785081558238,0.14775140285492072,0.3681269755580976,0.6546522800796006,0.7282657277742137,0.0853649057973126,0.4509274936694584,0.026918959617614747,-0.3330572275227627,0.8199821859598185,0.4439888521004409,-0.24641749858856202,0.1183316707611084,0.6409937858581543,1.2899201011657715,0.06153254508972168,0.01726361115773519,0.40924823240170566,-0.13678562805915545,-0.16998454371568786,0.12090413988885541,0.13172295958349842,-0.179508695671185,0.19580252950835167,0.10945353179627693,-0.16297858600730436,0.07907316419813348,0.33473918173048356,0.08443063735961936
Bartlein,Bartlein et al. 2011,,pollen MAT,1.0,35.0,6.1872,1.0,-1.1702805836995442,-0.8286671937431965,-0.6850377448876828,-0.9193209321750598,-0.73788128958808,-0.28327394133211486,-0.6226560833092025,-0.46023525095522055,-1.0456061362723794,-1.0073998887950746,-0.9777369499206543,-0.9327994589128299,-0.2560203224420556,-0.7457658122948292,-1.0908174514770508,-0.8981037139892578,-0.35077883402506516,-0.07709999084472657,-1.2162184397379558,-0.46222861607869464,-0.9274015100715889,-0.46030659011676167,-1.1267853169015476,-0.04205792059923291,-1.019885200846222,-0.8191580547987753,-1.1919935448991932,-0.764536883793346,-0.3961064948792117,-0.7306518024868435,-0.4725669225056968,-0.7569614092508952
Bartlein,Bartlein et al. 2011,,pollen MAT,41.0,-77.0,-0.483,1.0,-0.1928348922729492,0.1586590985837535,-0.452945847029643,-0.4393203705210256,0.2734484291076657,0.34673476395394026,0.18455873869113487,0.2847099566957821,-0.13432320388249205,-0.11089118017348264,-0.45998833179473875,-0.7024713917687663,0.23606528937816595,-0.29377259118053817,-0.3229676246643066,-0.38884396553039546,0.4478077697753906,0.7520362472534179,0.14054293791453043,-0.5893176396687826,0.0713275481421068,-0.4802377645203003,-0.8191009961420449,-0.25837312062866,0.000514254974124901,-0.3536575952011298,0.11359705485742716,-0.2543493825805495,-1.5165145584422692,-0.350639809502496,-0.3245836257934574,-0.12227722326914459
Bartlein,Bartlein et al. 2011,,pollen MAT,57.0,27.0,1.4676,1.0,1.1398977279663085,-0.5940588975829246,0.427071500925585,-0.03732805353948794,0.5369673124949128,0.7157979826310148,0.755750355863883,0.37410227164698673,0.6805345082243057,0.9550391954540531,0.09022758007049561,-0.5136297891966535,0.5328702403232433,0.20937080773342387,0.10510275363922118,0.3131828784942627,1.216296215057373,1.0784744453430175,0.6601692295074463,-0.144506573677063,0.6464820709261233,-0.13751605616280066,-0.18816908899703444,0.14970725303850033,0.40552582086398076,0.028096243323106753,0.20850157688622997,0.5023854080635858,0.06711962615254274,-0.1221190373102826,0.35730976263682024,0.38668034712473554
Bartlein,Bartlein et al. 2011,,pollen MAT,57.0,39.0,1.7943,1.0,0.6972285652160644,-0.6913045185651687,0.3647703922825126,-0.36988932540296415,0.47609466552734325,0.6373711842751479,0.5167776480318244,0.08982219056659367,0.4511922874863292,0.8402819993591313,0.0048737525939941415,-0.6230788033584777,0.2341839095577582,0.09156622552090934,0.06639407873153687,0.023320579528808595,0.9176556968688965,1.2092596912384033,0.5291627919673919,-0.3791012242436409,0.469101937752749,-0.3163353219736316,-0.18739636599322645,0.054603220028012614,0.5235367138719871,-0.0778683884862672,0.14760228822284613,0.5393618305746705,-0.057880792338900616,-0.34101209640502944,0.3921524445215857,0.15972840388615925
Bartlein,Bartlein et al. 2011,,pollen MAT,31.0,-83.0,-1.658,1.0,-0.06694524129231771,0.15827243867514013,-0.14676337228442915,-0.2724577783006935,1.0704323662651922,0.19295974557250062,-0.23163899001922078,0.16538382086418088,-0.43850917175172854,-0.19237678617980206,-0.43800077438354496,-0.4388251959903203,0.1460652291774761,-0.22634807851500144,-0.4112358093261718,-0.4806352615356445,0.4070749664306641,0.7879640197753907,0.028853289286295568,-0.3307488759358724,-0.002553903441414986,-0.4055707189040184,-0.6490747763958702,-0.13768686053402812,-0.47244245210178143,-0.4099472021050441,-0.012640247713162535,-0.21444743894483514,-1.2216139118234952,-0.17113495932685024,0.2934664196438277,-0.3215786849127876
Bartlein,Bartlein et al. 2011,,pollen MAT,45.0,5.0,0.1616,1.0,0.42631117502848304,-0.9151716723048715,0.07523926482937596,0.13625946909319148,0.7324445247650133,0.42919250111867313,0.6974818473893103,0.6972606340486021,0.18040557586574144,0.3956321506447511,0.04180788993835449,-0.31900709919281767,0.5962760075926785,0.3686271424659685,-0.2553586959838867,0.015926361083984375,0.6772384643554688,1.1718200047810874,0.16651610533396405,-0.00865030288696289,0.3292228335559503,-0.2272963523864746,-0.2029252938047102,0.07300524130895061,0.1268513817398648,-0.2781254187521069,0.26455236120617553,0.05256740419769418,-0.16419851480206682,0.03602361679077145,0.4446988105773939,0.21428680419921892
Bartlein,Bartlein et al. 2011,,pollen MAT,51.0,-107.0,-0.19,1.0,0.07719708124796548,0.1956184466730283,-0.05086141779031876,-0.5666258922073767,-0.2894076077143351,0.5336178304230417,0.8372004038816843,0.4467170042527254,0.1749095307110278,0.2715766512664838,-0.3659633934497834,-1.1019555444626854,0.03380428906530061,-0.1334945765742242,0.09753111600875855,-0.16972894668579103,0.3595081265767415,0.45606199264526365,-0.07298105160395305,-0.7106155157089233,-0.0755555193493036,-0.4904499571643165,-0.503561820234441,-0.7146072460350116,0.36682817512930393,-0.07372339632131797,0.42067890592034546,0.25187221034109175,0.23465457176679555,-0.6522256771723426,-0.33183410962422805,-0.46882100224494944
Bartlein,Bartlein et al. 2011,,pollen MAT,49.0,-67.0,1.512,1.0,-0.06947573820749921,-0.7382288886839348,-0.2561856189105851,-0.5972505670130643,-0.2501759653621263,0.2885708958072977,0.15395895660154435,0.17474164763832173,0.04980166275589138,0.23371343034215128,-0.49711125493049624,-0.6300826621474972,0.38717642650008244,-0.08706221997576019,-0.4236238211393356,0.2225801348686218,0.3403657404581707,0.3940554324785869,0.15506127029657363,-0.5562262187401453,0.14554898447990428,-0.5309322903772211,-0.6467848505697151,-0.8181864286510467,-0.10523481254655576,-0.5765283838696891,0.1223546872767862,-0.43166404504974987,-0.4739753000596788,-0.6248112016254003,-0.3329491416613264,-0.1978927916288376
Bartlein,Bartlein et al. 2011,,pollen MAT,47.0,13.0,2.0241,1.0,0.43128109614054355,-0.982960364189661,0.16495453157148862,-0.05858624549424041,0.32096912595960825,0.4291759665323008,0.7276598399807334,0.7294518216078492,0.11327464048741104,0.48128412677331367,0.019390320777893048,-0.34455558423593313,0.7994888871908183,0.4084011345688483,-0.21010935306549072,0.08676104545593262,0.7956019020080566,1.3834904607137044,0.08398814837137858,0.06774123509724936,0.4464158707577854,-0.04626891549616287,-0.09539845513484674,0.1088906000655917,0.12208385781610928,-0.23348708093940138,0.19952651016106587,0.1550068829212552,-0.20358260072925405,0.11739551226297987,0.36273438665601965,0.035474168989393415
Bartlein,Bartlein et al. 2011,,pollen MAT,49.0,-85.0,0.467,1.0,-0.08521057764689127,-0.46840755761173275,-0.3566057399440023,-0.5542005761064703,-0.14537410868538783,0.4421482624591532,0.3435138113166268,0.33886209757371555,0.017239510219958613,0.12437499219268702,-0.5559080392122269,-0.8511321245756621,-0.13373307343572005,-0.3486631196241579,-0.34094518423080444,-0.23354339599609375,0.14678224523862204,0.19086077213287353,0.051447661717732754,-0.7650760610898336,-0.05026737769507826,-0.5458604569109308,-0.9006836169077457,-0.6756579425610755,-0.01798252073078434,-0.5689834820558941,0.26251182718790556,-0.38851821730928005,0.0494992934128397,-0.6451958616574607,-0.36769082480006793,-0.48818674352433944
Bartlein,Bartlein et al. 2011,,pollen MAT,49.0,-59.0,3.9735,1.0,0.21153525670369466,-0.4020639108333963,-0.2767920314175757,-0.8205247173688717,-0.12421595732371014,0.377370150309977,0.17637048098430688,0.2510059982364461,0.13742843596087306,0.25861241714469,-0.5646824896335602,-0.5422812509430426,0.42064139507711157,-0.175814298328051,-0.3047499418258667,0.812977123260498,0.2594730865955353,0.393642741839091,0.3578960331281026,-0.48535938560962677,0.2171882422533475,-0.41851150170868384,-0.39489652309774426,-0.4907630668826373,-0.0660096391080692,-0.4543878284041952,0.18177557326747437,-0.3965625262191272,-0.424977469408777,-0.6581036382251311,-0.25007738802168095,0.18955188459820238
Bartlein,Bartlein et al. 2011,,pollen MAT,61.0,-69.0,-1.6495,1.0,0.06605178833007813,-0.8170760666915937,0.31105143200060625,-0.290006120978519,0.23251298268636061,0.5835135949920888,0.20852098517667728,0.6066330488792188,0.32062959529217366,1.0785544187468008,-0.27561621665954605,-0.6540355786254725,0.48995777490973963,0.05224513117607127,0.08522701263427733,0.6233139514923096,1.3658853912353517,1.0724747085571291,0.907116765975952,-0.04136395454406739,0.09539697613048506,-0.43015390185520297,-0.22558957068387067,-1.0943043595483741,-0.038438626940585335,-0.28157915942349926,0.5468243405224532,-0.2943350873632713,-0.3046137329414171,-0.3062231779098505,0.004833099577162383,0.7069666216108541
Bartlein,Bartlein et al. 2011,,pollen MAT,47.0,7.0,2.34,1.0,0.44938324610392255,-0.8145488633651206,0.0854059208019307,0.014792196849252504,0.02040172629886304,0.383607587805039,0.6579488412182889,0.7234374965573775,0.15852348165763192,0.45504345503805804,0.0440875768661499,-0.3321669591513444,0.852235546708111,0.43870967735386524,-0.22721257209777831,0.09131960868835448,0.6688021659851074,1.3202147483825684,0.12253286679585773,0.04262204964955648,0.385631957624308,-0.25258534195159127,-0.18269347029793742,0.13336492218743298,0.11102259198486494,-0.19085180055329892,0.21714116555181795,0.07218695951616602,-0.16789325765098836,0.05837033059861918,0.35726933479309164,0.15182212935553677
Bartlein,Bartlein et al. 2011,,pollen MAT,45.0,3.0,1.6438,1.0,0.513722038269043,-1.0006008375142796,0.045216636714973085,0.12978861058872077,0.6422873020172107,0.45002305740572535,0.6456290596871788,0.6822604690569225,0.15083059334121615,0.42286196421633976,0.02252750396728516,-0.3334566282596539,0.6982226073741915,0.3440492980457088,-0.23583040237426756,0.02270793914794922,0.7111011505126953,1.3142797470092775,0.19940721988677979,0.016019105911254883,0.3305890249652492,-0.2507334709167481,-0.21649574202596583,-0.07569865084428862,0.07484997019015682,-0.2605944665125754,0.2859382006077984,0.026502128723775997,-0.1733435429881495,-0.0008736610412597705,0.3009900093078639,0.23494915962219237
Bartlein,Bartlein et al. 2011,,pollen MAT,43.0,41.0,2.409,1.0,0.47836352030436197,-0.8258254940156676,0.22462482125114863,0.02202692693167501,0.4420981449551039,0.47744606434701575,0.6040744994902778,0.7008126442578566,0.18727375574077093,0.4746830717463228,0.020209932327270506,-0.18921695993445184,0.689956063032152,-0.00608511159225552,-0.16282167434692382,0.03707733154296875,0.854564208984375,0.9273517100016275,0.19409660657246905,-0.14647833506266278,0.6353840681228775,0.10107533892234313,0.5318753988249566,0.4055049722432964,0.10449874382184932,0.11134443156804974,0.36769655765848736,0.6003120685401542,-0.3460405793343441,0.07306370205349415,0.6167187955644398,0.23966724925571015
Bartlein,Bartlein et al. 2011,,pollen MAT,43.0,-111.0,-0.1563,1.0,-0.3552610397338867,-0.13614109027647017,0.17950349936796017,-0.1082174072032193,-0.2979765513208181,0.4386352171751582,0.5104959160956145,0.24002407930097985,0.04740310076110436,0.24850508057407525,-0.16968126520514365,-0.5627533929768944,0.3368146111257375,-0.11570409782477473,0.11567813754081727,-0.027268916368484497,0.5156893539428711,0.4163144302368164,-0.1863939380645752,-0.8101528882980347,0.46054475909679193,-0.1423426089736456,-0.4235594654948148,-0.5415462353580417,0.30723172742124316,-0.005505359540352587,0.42757899021163903,0.2018777157814492,0.002285002185457156,-0.4232519467671704,-0.287963800960117,-0.25407583807905515
Bartlein,Bartlein et al. 2011,,pollen MAT,67.0,-155.0,1.9021,1.0,-0.5967519760131835,-1.5637832051006635,0.5234407907704781,-0.4413834043412446,-0.5669326649771793,0.5468686246935494,0.04207896275120108,0.8420991142015686,-0.17246920340991426,0.17430514508563313,-0.4714003801345825,-1.2438643884325467,-0.22690227158330817,0.019463998370316392,0.11486673355102539,0.029025554656982422,0.2795574188232422,-0.0007032394409179719,-0.43221705754597983,-0.3351536591847738,0.01809092222734556,-0.449063272656659,-0.6780781404770668,-0.500438774335135,-0.6592254459612905,-0.7737891639429164,-0.07578634305672366,-0.2519047729841264,0.3609355997721146,-0.795897603034974,-0.39198973443773,0.24420931074354374
Bartlein,Bartlein et al. 2011,,pollen MAT,-1.0,37.0,4.426,1.0,-0.9239542643229167,-0.4949778291538285,-0.6279124104511833,-0.5799860892778484,-0.587243220011393,-0.14625556021533098,-0.4806804999359039,-0.448012645527008,-0.605889339716674,-0.7021243772778683,-0.5170996189117432,-0.9973812037387801,-0.3311425238847732,-0.8206501778651718,-0.8114261627197266,-0.37648954391479494,-0.26976209004720053,-0.05113744099934894,-0.7012454096476236,-0.3405063947041829,-0.5186333497078653,-0.441987512950546,-1.0166376062892244,-0.27866717420175174,-0.5358432311636082,-0.5548322132460446,-0.597970992139745,-0.5803680741529402,-0.3830590275035673,-0.48188304901123036,-0.5005537562900119,-0.7046091715494792
Bartlein,Bartlein et al. 2011,,pollen MAT,49.0,-123.0,-0.903,1.0,-0.22940664291381835,-0.49609965830348624,0.11226434699051367,-0.3904291883835348,-0.1970862478680091,0.5293007775016827,0.49607667618005685,0.42376361035276194,-0.07863335881031866,0.20337886780189848,-0.16322795152664185,-0.7356667259817307,0.20252299383282868,-0.07213902243157633,0.3839765906333923,0.2683470010757446,0.13926996231079103,0.33764799118041994,-0.25729238510131835,-0.5718739032745361,0.36450645350961397,-0.2952157331492017,-0.17282666397482,-0.10755604209736766,0.1355652907210272,-0.22391281129988982,0.15814329355271642,0.06589481578631932,0.15573741607927216,-0.3155012528101609,-0.195705911848278,-0.2808407485485075
Bartlein,Bartlein et al. 2011,,pollen MAT,49.0,99.0,5.5333,1.0,0.031780576705932616,-0.2580720469154534,0.08649848246690392,-0.23290857051876282,-0.11478405661053068,0.2692088811381236,0.3300427747144614,0.25889034159215674,-0.1963355968006223,0.12345500279514174,-0.369408917427063,-0.4666311874054544,0.09033288061618897,-0.14335085305855044,-0.05629258155822754,-0.025050371885299683,0.04343681335449218,0.6352628707885744,-0.08941882610321045,-0.5607416828473409,0.07328528337214785,-0.11103918062904987,-0.622639440465979,-0.5699995539435725,0.024634863787791693,-0.15184707435563338,0.01982077497955869,-0.30321626359285336,-0.2319042932684994,-0.5577014366785684,-0.24269006517198324,-0.3327251206503974
Bartlein,Bartlein et al. 2011,,pollen MAT,49.0,-55.0,0.6205,1.0,0.4058756510416667,-0.7872505102227197,-0.1321989921818217,-0.4839168684207731,0.11704440381791953,0.38976514616675745,0.2170328895029096,0.28200029367813856,0.2774683569042379,0.7345202579851993,-0.4219421520829201,-0.3918208323507613,0.8541473813355025,-0.018822264131367908,-0.1953268051147461,1.0334925651550293,0.8321842193603516,0.7543019692103068,0.6297110954920451,-0.3078795373439789,0.22234251432443297,-0.27856085600105557,-0.3279735108461251,-0.4611158168310951,0.08520539686097142,-0.30216483072431477,0.2701905966425411,-0.09826836205202337,-0.5094491516286058,-0.5901551047960908,-0.17449670036633802,0.20543007122145776
Bartlein,Bartlein et al. 2011,,pollen MAT,57.0,15.0,1.2683,1.0,0.9938634872436524,-0.5243281541801602,0.3975166011013012,-0.1265383773897995,0.30703291893005435,0.7035111061371313,0.7929988265207469,0.5485658023596811,0.34793347910523986,0.9072207022218282,0.13080716133117676,-0.36725123780810026,0.49676873572170555,0.3888142113328761,0.14842557907104492,0.7108194828033447,1.245849609375,0.9796707153320313,0.4826159238815308,0.13678216934204102,0.6414468660564552,-0.026904206843961286,-0.167671879031814,0.2406228254161715,0.36133991750842315,0.004215220075315223,0.35773995185232577,0.3383610678286597,0.1486031776114286,0.003936966260274106,0.19848382472991943,0.2723592758178711
Bartlein,Bartlein et al. 2011,,pollen MAT,41.0,113.0,-0.7846,1.0,-0.458999563852946,-0.7435340205616336,-0.24036340951217539,-0.7992929810259656,-0.26983494387732626,0.018284199788702483,-0.1831682490104096,0.053222583942213554,-0.9523706448989377,-0.25388671186052186,-0.6563213646411896,-0.911284910302703,-0.3163313984870906,-0.4451876180462923,-0.6982697248458862,-0.6070906400680542,-0.36001856486002604,0.0008872795104980617,-0.061045006116231273,-0.36231839656829834,-0.06702289704886458,-0.5897143668258389,-1.0703688097596602,-0.494612328873487,-0.41549088376672483,-0.9553488203693128,-0.30235383356488144,-0.6963614115708581,-1.0163154752853216,-0.9516189157962797,-0.47297857602437277,-0.7257528048091466
Bartlein,Bartlein et al. 2011,,pollen MAT,53.0,17.0,0.5084,1.0,1.0787100601196289,-0.6189564344625399,0.2697842598297536,-0.009590096294518251,0.4176661268870036,0.5423922647695182,0.8197947545039833,0.6548251150959201,0.34131367088713005,0.7094523882981392,0.22048871517181395,-0.36741705771848954,0.8566702306270598,0.356829567658462,0.030222845077514646,0.3204366207122803,1.1758577473958332,1.3377958552042641,0.4299595483144124,0.14173694451649982,0.6539024257122428,0.038064177167622074,-0.046079240293555576,0.13436453418142913,0.29055334685587786,-0.015899096017494608,0.24049655038789244,0.31462453808777807,0.1850752598834629,0.12136556307474777,0.40523871845669224,0.3403220558166503
Bartlein,Bartlein et al. 2011,,pollen MAT,43.0,-77.0,0.393,1.0,-0.21033040364583333,0.1708834674056604,-0.4517021818105446,-0.5855245172209489,0.08936021804809827,0.387664400772447,0.3205142550142034,0.2414826782086379,0.008704347565516676,-0.013152168499904762,-0.48474612236022946,-0.7445396396071862,0.05223080217838136,-0.3022349677789254,-0.33979301452636723,-0.3782979011535645,0.35189299901326493,0.719292132059733,0.18746461232503256,-0.6956780751546224,0.10671709372877056,-0.3802385557759553,-0.8362619646159515,-0.28065031117366734,0.05854498235792242,-0.42195862333820877,0.15432876552187103,-0.31558212328749846,-0.9368320067710265,-0.4315816111034822,-0.3749665472242559,-0.1608705923292372
Bartlein,Bartlein et al. 2011,,pollen MAT,37.0,-107.0,-0.2215,1.0,-0.33762416839599607,-0.4339106787388803,0.15894309050180547,-0.5645696374017157,-0.2990866200129192,0.17770767243199292,0.028742423219481755,-0.12254216234145787,-0.2752751098272203,-0.33687864015666114,-0.44707011878490444,-0.5517712232400118,0.23249563835561277,-0.07710609169201937,-0.18353506326675414,-0.2822490930557251,0.3396102078755696,0.005744838714599607,-0.34964805761973067,-0.5273073514302572,0.23626801279627496,-0.36640732075775273,-0.8342920267399742,-0.7089317772874397,-0.18559173934116607,-0.23551366434160037,0.3673823016083292,0.04269719001175374,-0.2965395284425949,-0.5031550460391575,-0.1393590026431614,-0.44103064351611665
Bartlein,Bartlein et al. 2011,,pollen MAT,61.0,31.0,0.6862,1.0,0.8451343123118082,-0.7600246678055997,0.5401398076402104,-0.4540636157031377,0.24584027899636152,0.9595929446365256,0.4952062895438322,0.2315832519982044,0.4678814550367744,1.2291884235837112,-0.0314625084400176,-0.7167871714217003,0.1380397669536653,0.20914020627015406,0.21324388682842255,0.37064355313777925,1.1280991665522258,0.7994140942891439,0.8081616842746735,-0.2926786715785662,0.4673026882004874,-0.4525447563729437,-0.33023450701792667,0.09604229589156116,0.4248835302070066,-0.00699197627884116,0.29043268555660373,0.5862976217589781,0.3223419926592291,-0.34026277595096205,0.1936169412400983,0.16541662100288607
Bartlein,Bartlein et al. 2011,,pollen MAT,55.0,-77.0,-1.4453,1.0,-0.10816125869750975,-0.713037290097476,-0.060071003250338095,-0.5400149429594845,0.07580212487114793,0.32146181785476613,0.24728862050386027,0.4694277795704833,-0.03304957297657159,0.3504034244153738,-0.5216739177703857,-0.7041914655037119,0.0016561001539242386,0.022092884741651872,-0.37114291191101073,-0.07099652290344238,0.580746587117513,0.8244781812032065,0.18926567236582437,-0.4320465723673503,0.07880414491443842,-0.5251404293003307,-0.7783872625830185,-1.6858752861076765,-0.039855996525906844,-0.6235184473601284,0.3768887062904274,-0.5145369844453569,-0.2726488015960753,-0.6693142970403035,-0.4935352537367079,-0.04643544356028283
Bartlein,Bartlein et al. 2011,,pollen MAT,43.0,-95.0,-1.955,1.0,0.04341526031494141,0.7851506883514079,-0.21469775731563176,-0.47486443375545373,-0.5484336747063532,0.5853632849522694,0.5096874703351515,0.14139890295759255,-0.17091838261744816,-0.18733887285639983,-0.5708764791488647,-0.8741849230673406,0.058957630395888846,-0.20038251998940954,-0.3403661251068115,-0.5126070976257324,0.28003730773925783,0.27391802469889326,-0.0024604956309000657,-0.6874826749165853,-0.07742940016971919,-0.37183263211122664,-1.0322172148061084,-0.42621293553519396,0.2788369050473367,-0.06126262512106253,0.33825172805445614,-0.03731326654681674,-0.8799247737990198,-0.5511152214474153,-0.4748910797966856,-0.5718742238150702
Bartlein,Bartlein et al. 2011,,pollen MAT,57.0,-5.0,0.2913,1.0,0.7298768997192383,-0.3548781279166156,0.23462720036581897,-0.1575799110598325,0.06582436561584734,0.6148532146455469,0.3051769973966535,0.3147001690963153,0.04068322850507951,0.6935644559661545,-0.06422436237335205,-0.3729095839337671,0.04158047065138617,0.02222471259146428,-0.09570193290710449,0.6456918716430664,0.9862913449605306,0.9035327911376954,0.4173937877019246,0.16988539695739746,0.3749054845424271,-0.15972829027634178,-0.14599180611887103,-0.030456067194908322,0.10184918635577514,-0.19582464608015065,0.3643730825015631,0.039709260667397404,-0.06019394533647805,-0.2532687981923422,-0.14332127571105993,0.15755355358123777
Bartlein,Bartlein et al. 2011,,pollen MAT,65.0,33.0,0.4563,1.0,0.7360373616218567,-0.6156658084752589,0.6781690529090171,-0.4940959270861712,0.0894408707817398,1.1400622347643674,0.37072516373397263,0.31106923893362437,0.46436002126296383,1.47723622766042,-0.15294063091278076,-0.8359033724030129,-0.11105136612658353,0.14504270562920168,0.34898412227630615,0.519172978401184,1.331253743171692,0.7099414587020874,0.8151069730520248,-0.2550659775733948,0.32609907757346834,-0.575104982800401,-0.5051290299101782,-0.06580639286270992,0.42345216126368973,-0.06437531533237595,0.46136773399860015,0.5181964324621755,0.6648981879244402,-0.4511172125736874,0.015007986625034941,0.19128814008500833
Bartlein,Bartlein et al. 2011,,pollen MAT,63.0,15.0,1.3186,1.0,0.8283392190933228,-0.5804506071188715,0.6745747109771688,-0.2388847663631995,0.1495472013950348,0.7450788259503195,0.6546253535353046,0.39763506051673,0.28403876578412346,1.1715671470996458,-0.0963896811008451,-0.6003444467108914,0.0638578258704873,0.28286277902277335,0.25972791016101837,0.7584259510040283,1.3038538455963136,0.7606394052505494,0.634073057770729,-0.009863510727882385,0.45702463459232756,-0.3760955922014463,-0.2463380112059234,-0.03436652016155009,0.37795545435054967,-0.09013866829527459,0.42249180540258613,0.2844552089070579,0.6315290981964286,-0.2588671147823341,0.010314553976058741,0.20149996280670165
Bartlein,Bartlein et al. 2011,,pollen MAT,67.0,-67.0,0.228,1.0,0.6290053812662761,-0.9038334885235393,0.8125612151022981,0.15652258117513712,0.5353207291497118,0.7111619165279941,0.44479182341725576,0.5825712881661657,0.45967099270856127,1.712291587336618,-0.14698057174682616,-0.6390677897052253,0.8991758368609309,0.2064937432381863,0.6379168510437012,0.4573478698730469,1.7015330505371096,1.3802021789550785,0.58771866162618,0.19146172205607098,0.1756639662198819,0.41267862012516787,-0.1430557717821649,-0.6472630197892262,-0.09395115743210608,-0.27295137347976606,0.8523653495816128,-0.08723935549294644,-0.5710667043355142,-0.08883249494764402,0.32768095864190105,0.9753102832370333
Bartlein,Bartlein et al. 2011,,pollen MAT,49.0,21.0,1.5727,1.0,1.137776374816895,-0.8234886361693555,0.2595199812160692,0.15408373910537765,0.7493360466427275,0.5145184012513286,0.9739369719223292,0.6949059689146972,0.3748976753771078,0.7451847923429621,0.15526068210601804,-0.33407366398645216,0.9623836442828189,0.29401545623180997,-0.05039029121398926,0.18022680282592773,1.2656510543823245,1.6211272811889652,0.3464007711410523,0.04904890060424805,0.5795572155001868,0.03782332851517996,0.1141048426602289,0.09350623156011223,0.14640928009010923,-0.039454536300430824,0.19877324108447558,0.360538343138523,-0.001166680188218377,0.21010429064432778,0.7961372481452086,0.3717551241980659
Bartlein,Bartlein et al. 2011,,pollen MAT,43.0,-123.0,0.311,1.0,-0.0619937515258789,-0.28033698149201214,0.04964452298990422,-0.08370647850420027,-0.09773618910047709,0.4825831246743102,0.3317191646498637,0.26411221240961924,0.02328889165478366,0.27539898600067225,-0.10623159408569345,-0.5573252522521899,0.2570353358983985,-0.0879401539007543,0.24955127239227293,0.03135457038879395,0.31766475677490236,0.3893183898925781,-0.1959063720703125,-0.512544314066569,0.4471123399714606,-0.11109430628834968,-0.22108279063472358,0.04218335298501251,0.2765600684143753,-0.057786895642767476,0.29051825644952944,0.20936136923722456,0.007520287149658474,-0.19602945645650266,-0.04036720063951289,-0.11150763246748181
Bartlein,Bartlein et al. 2011,,pollen MAT,37.0,-105.0,-0.073,1.0,-0.3140241622924804,-0.37856370982216625,0.13178772703527925,-0.5094812551611125,-0.29250760608249277,0.1687934041072925,0.04282543770544016,-0.09900772083508778,-0.26633785029572815,-0.4563771441228952,-0.3945632576942447,-0.5088671477620275,0.2966004163026809,-0.08750101106569232,-0.19211357831954956,-0.33149993419647217,0.45452451705932617,0.14636878967285155,-0.31101930141448975,-0.4719775120417278,0.20545594204740664,-0.30737672145924266,-0.9092945967072894,-0.4817186368573134,-0.21430762677857748,-0.2783288267200851,0.3656407878585316,0.006331158051683231,-0.4129559615795808,-0.49289917945861816,-0.11782558759053548,-0.2550976382361518
Bartlein,Bartlein et al. 2011,,pollen MAT,51.0,9.0,0.8,1.0,0.8126107788085938,-0.7758543735113053,0.10807257550793847,-0.031135569833768605,0.06991353352864553,0.46822766605022514,0.6628573643836893,0.6456772887917708,0.2801431757781813,0.5928132239526054,0.15046491622924807,-0.3417481505815787,0.8455124646425239,0.39128117300411625,-0.07691788673400879,0.3060891151428223,0.9661084365844727,1.413558006286621,0.33338807582855223,0.21649599075317383,0.5546026857282685,-0.05265089769466951,-0.14097739911887416,0.07674863258737191,0.1463116945969856,-0.10673120352790452,0.2372634381265236,0.18928498177886047,-0.0065385342751149225,0.08822892506917315,0.32765197753906283,0.2699934800465902
Bartlein,Bartlein et al. 2011,,pollen MAT,37.0,-119.0,-0.5432,1.0,-0.07254475911458333,-0.28345658936093265,0.06892650904608867,-0.11127835600528235,-0.05237710422939731,0.34957974705428435,0.4178956075914155,0.22932691948147313,0.09383564961898662,0.04188767620502687,-0.22374801635742042,-0.5155986258016133,0.2526640459895135,0.05919462897324332,0.07244248390197754,-0.31354484558105467,0.4161848449707031,0.2856839370727539,-0.10503822326660156,-0.4887360731760661,0.39395655920295725,-0.16521473429392056,-0.1736067385838913,-0.24718396010487925,0.19711404195040227,-0.1387473969305139,0.5654690789628332,0.35877730272430824,-0.25135954708494096,-0.26783079041375046,-0.0003121852874756559,-0.1380867756737603
Bartlein,Bartlein et al. 2011,,pollen MAT,63.0,27.0,0.5553,1.0,0.8672073841094972,-0.683132537940463,0.6705438622819623,-0.32684772488123626,0.25869237422943114,0.9089654918651232,0.4926209327321208,0.34193699224945073,0.4568234235057369,1.3212136452527183,-0.02115016579627975,-0.7444503273114725,0.12499532793018514,0.23844817692808964,0.3235249280929565,0.5402430891990662,1.2750093269348146,0.7580029392242433,0.8434307408332824,-0.20169227197766304,0.4527249550274247,-0.49125463340872616,-0.39209684071732887,-0.13510436215669103,0.4789380906909632,-0.03672816017834302,0.4051595719374339,0.5361027217716412,0.5598985209565984,-0.3280563592910771,0.11466072797775198,0.24689725518226624
Bartlein,Bartlein et al. 2011,,pollen MAT,51.0,-57.0,2.96,1.0,0.44292303085327145,-0.43948459366173237,-0.13472610949417976,-0.5593624157564636,0.11961426575978595,0.36837974631259573,0.12909911058548024,0.26478936775425427,0.2115279822653288,0.6622214430525939,-0.45178589671850206,-0.4433754947155245,0.9124906074255712,-0.009164625496802309,-0.258510160446167,1.1389604091644285,1.068878402709961,0.9473169374465942,0.5769487845897675,-0.3671284168958664,0.19809484247239753,-0.4048750853995984,-0.316987811761801,-0.6402682960700341,0.015121905449792734,-0.35359142939770116,0.2183495248894429,-0.25967769777903366,-0.6253487069200377,-0.6000817090272903,-0.2206446727116902,-0.1015528637170793
Bartlein,Bartlein et al. 2011,,pollen MAT,61.0,15.0,5.2821,1.0,0.8445514678955078,-0.490695540457202,0.5676911646091661,-0.23200756072295475,0.18299072848425982,0.7195865941526051,0.738864256289651,0.4821331434140324,0.29006726933217786,1.0443608985969148,-0.013446938246488427,-0.5132433136647495,0.2510644864840477,0.31584947475812597,0.19526775181293488,0.6932228207588196,1.2123908996582031,0.7615296363830566,0.5614545822143554,-0.011541937788327536,0.48305103830459495,-0.27405223606596335,-0.22865188168609124,0.03917717086289948,0.34077068303527547,-0.09239054298319178,0.39603991763080215,0.3153642018111668,0.4247264078369238,-0.16539905468622884,0.054450809955596494,0.19341416358947758
Bartlein,Bartlein et al. 2011,,pollen MAT,61.0,17.0,6.4535,1.0,0.9253152147928874,-0.8039740391673548,0.5970215944204182,-0.27026635965176676,0.20925712956322573,0.886585572458121,0.755615171479477,0.49347814433430454,0.34647424582258507,1.1730555150118611,-0.006868825107812746,-0.527361903626867,0.269484692801242,0.3214847986751216,0.19082212448120117,0.6917591333389281,1.3461116154988606,0.8304514185587566,0.615406494140625,-0.004916816949844361,0.5515465785402762,-0.2926657662472165,-0.2761339728110632,-0.0021521249205267504,0.39410996766944034,-0.053330886981973996,0.4325426048825024,0.37537626795564394,0.9270036639555915,-0.16847508351008164,0.11480783489015334,0.13351482636398723
Bartlein,Bartlein et al. 2011,,pollen MAT,53.0,-7.0,0.5511,1.0,0.5816284434000651,-0.35631514269086345,0.11906072749082841,-0.11240754499268157,-0.35558437983195096,0.48776492944763805,0.25712205249052905,0.33202725276737033,0.004349709021567415,0.5765662057787753,-0.02009944915771481,-0.3732605394807446,-0.032204166054725494,0.06883307097457471,-0.16947011947631835,0.5064261436462403,0.8164796447753906,1.020851313273112,0.3062328275044759,0.17140714327494302,0.43827729383939923,-0.17766877433549438,-0.1878178522997752,0.04758768848824678,0.039420935768761343,-0.20852057870694568,0.3366348926231471,0.06044177125902218,-0.2188258835963532,-0.2455108907487657,-0.057372374004787834,0.20455362902747298
Bartlein,Bartlein et al. 2011,,pollen MAT,61.0,33.0,0.0504,1.0,0.759338674545288,-0.7274703231879323,0.517374972782981,-0.4170242601713583,0.24008465819888633,0.8973611105000661,0.458914771405386,0.1765897992651519,0.44768309190998046,1.191864485105575,-0.040021026507019955,-0.7344319098899192,0.11866844469903887,0.18485355401515755,0.20089192092418667,0.2963641405105591,1.1059471225738526,0.7830635356903076,0.7760848665237426,-0.3192363828420639,0.44077829691332354,-0.47026694658082085,-0.35036000254337696,-0.023671286281891378,0.4385574166147486,-0.03455957042087475,0.26529132020653096,0.5644243737068374,0.31775389684697697,-0.372346851560805,0.1842378563351097,0.18517052473293402
Bartlein,Bartlein et al. 2011,,pollen MAT,63.0,33.0,0.8122,1.0,0.7453585052490235,-0.6823122710960305,0.6034008356412556,-0.4325155071275978,0.17168944954872112,0.9388695028309197,0.3722737356501335,0.23824035462434023,0.4508558748001488,1.2534459281085764,-0.08302484750747657,-0.8085795799620829,0.02097007726771722,0.17526386894308654,0.2952015161514282,0.39345455169677734,1.1239302062988281,0.7058953142166138,0.7896285218000413,-0.30184756219387054,0.38256454134894746,-0.5340792579478122,-0.38895007144774396,-0.12007032165630942,0.4477278356878187,-0.05616996258278479,0.34549474361755717,0.5286309799744124,0.48609837994728344,-0.4240110576152805,0.09574079215526515,0.18509472131729124
Bartlein,Bartlein et al. 2011,,pollen MAT,43.0,-83.0,0.821,1.0,-0.062281697591145824,0.14260192702934213,-0.40652611262470206,-0.6162468139953308,-0.39953137503729835,0.47165237231244195,0.23176036861373697,0.28053848591155006,0.004694442641266526,-0.03709699513748148,-0.5558918237686157,-0.8030070438793641,-0.1319093182682995,-0.29250228065952216,-0.421962833404541,-0.4111292362213135,0.3298189926147461,0.5641294606526693,0.14261395136515298,-0.7301721970240276,0.014234316270035735,-0.445296501496659,-0.9639715974714206,-0.5015201641747591,0.017459366041148436,-0.40376360119515886,0.17923922878718535,-0.42063400699734416,-1.0499095076673166,-0.48988988399505684,-0.29037598503960604,-0.3609501870473225
Bartlein,Bartlein et al. 2011,,pollen MAT,57.0,-121.0,-0.406,1.0,-0.1657208599646886,-0.5513033337138327,-0.051299905232298174,-0.47511169647649915,-0.26082207361857246,0.550977425218665,0.48306098074187437,0.38869103284194545,-0.380118808349257,0.03859283980019406,-0.21533949375152572,-1.0380481820069274,0.20561795011162637,-0.13533091751861218,-0.06708643436431885,0.16080096662044527,0.30164947509765627,0.2944421609242757,-0.33650520602862033,-0.4875926077365875,0.005253095055880383,-0.5913945368455081,-0.35410235360624615,-0.2722177847887666,-0.1350085181765062,-0.5412788361842453,-0.06367508122189841,-0.19669925388152443,0.011848340102373511,-0.5554536779721578,-0.3174465308586759,-0.46587156613667813
Bartlein,Bartlein et al. 2011,,pollen MAT,49.0,19.0,-0.3988,1.0,1.114113426208496,-0.8094409640331035,0.2333494496139375,0.09583022234778561,0.5722370688120536,0.5054914775984608,0.9085095260763699,0.6998996121558573,0.3328216941998505,0.7296290250443598,0.15676703453063964,-0.31804996618370635,0.9795070573687559,0.3227982654352341,-0.07918019294738769,0.1825690269470215,1.265328744252523,1.6960370254516604,0.32598352432250977,0.06727234522501628,0.5598693189028688,-0.01029173107678447,0.07631888074249091,0.08473722713393943,0.11709210517429587,-0.09205289130084049,0.20349769925432257,0.3296004935431097,-0.014655191880005409,0.2009889973534478,0.6764111306932232,0.37563760439554844
Bartlein,Bartlein et al. 2011,,pollen MAT,55.0,-5.0,1.092,1.0,0.7045230865478516,-0.36324076298284363,0.16370387883072307,-0.13215134175068782,-0.2556915548112658,0.5610804433206666,0.25401680683713257,0.34870604001575634,0.08498624203849184,0.6913617533205925,-0.023638010025024414,-0.35752594418837513,0.10202010720968335,0.094162049335863,-0.10474872589111328,0.5890941619873047,0.8459122975667319,0.8818845748901367,0.38769614696502686,0.22173448403676352,0.4062607963195247,-0.13067836911860664,-0.14675234901841436,0.0011994993905780436,0.07063875210053881,-0.17111652315276854,0.3690451521157186,0.08298799767232853,-0.14601054828387763,-0.22005801730685765,-0.04177445835537383,0.1573473877376981
Bartlein,Bartlein et al. 2011,,pollen MAT,59.0,11.0,3.3255,1.0,0.9823894341786703,0.6952165566611778,0.4543156094318008,-0.15621438967317242,0.25190420309702555,0.6768460627158734,0.7877116315704661,0.5180004597735353,0.3312145774813239,0.8754384326174256,0.04849603176116943,-0.4026765702755716,0.3214876757003369,0.38801425079961444,0.16098873615264891,0.7092746973037719,1.1951528040568034,0.807195660273234,0.5477914810180664,0.09487611055374144,0.5917017596159225,-0.11433633254895594,-0.16808751436726233,0.15328986401629122,0.2812502611694522,-0.062011732783098066,0.4212306039329271,0.2822852603145749,0.30204520447188365,-0.10185956690046574,0.10261203845341975,0.18069090909428065
Bartlein,Bartlein et al. 2011,,pollen MAT,63.0,-145.0,-0.9168,1.0,-0.36892921129862466,-0.8540511018273725,0.16484072854472842,-0.9469857772808372,-0.508826565742493,0.39809283558647945,-0.06159905274126194,0.49183901276993114,-0.15783366534212506,0.10114218611313279,-0.37395262718200634,-1.4676499831736154,-0.20075986212389196,-0.14325005435629493,-0.0584564208984375,0.34032607078552246,0.3671513239542643,0.14375489552815757,-0.7981345256169636,-0.29334819316864014,0.0150537698405097,-0.5150421026766862,-0.4422394079193661,-0.008307158917600085,-0.6294319840788555,-0.6999483616281663,-0.19048428845826063,-0.2900653412908086,0.1975492991356688,-0.6050062775611875,-0.45914566516876193,-0.09727077484130862
Bartlein,Bartlein et al. 2011,,pollen MAT,67.0,-153.0,-0.1963,1.0,-0.5617084884643555,-1.5546919553203367,0.48261575988936056,-0.49340583348165373,-0.5690870443979894,0.5437882967605174,0.04945747736258947,0.807151941017099,-0.1895323047748539,0.1793510001123759,-0.45972971916198735,-1.261286518165284,-0.21151865953495824,0.012982386103476068,0.06542129516601562,0.028943729400634763,0.3104006958007812,0.014264717102050779,-0.4620662689208984,-0.3885289033253988,-0.0040086275935612235,-0.5075703454258141,-0.663544769175334,-0.508316723080112,-0.6681849955874628,-0.7448028300639964,-0.07243916437848999,-0.2665973251484278,0.3480427197083867,-0.7641293128331511,-0.42117424541049475,0.27341190761990014
Bartlein,Bartlein et al. 2011,,pollen MAT,59.0,23.0,-0.4426,1.0,1.0715269406636558,-0.6022655808609907,0.545183534607282,-0.24146723637524528,0.3074142042795818,0.894913074738219,0.7837492989369867,0.4228235916476253,0.4895854306248772,1.3165958926481025,0.06589819192886352,-0.5291263060226589,0.4078226509504005,0.2923314340072486,0.1992442846298218,0.6225429058074952,1.2974174213409426,0.9290447362263998,0.7616472133000691,-0.13127392530441284,0.6548256151532889,-0.2725269792502492,-0.2602049939447506,0.15790221365280796,0.4421253722430333,0.05854984871194339,0.36507574939906556,0.5329236138681583,0.30554615399132407,-0.13667653931511797,0.22734497123294384,0.28134239779578296
Bartlein,Bartlein et al. 2011,,pollen MAT,55.0,13.0,1.6664,1.0,0.8066913604736329,-0.561999547083696,0.30602379062470497,-0.22197819709519193,0.1780611038208007,0.5985881787909778,0.7023045351191418,0.5724072861989267,0.31335172548737644,0.8474394545431212,0.18177735805511475,-0.3625669272542261,0.5972325541079027,0.3929276533192433,0.11457972526550292,0.6206390380859375,1.1231727282206216,1.0919878005981445,0.47540493011474616,0.20144267876942953,0.6627025569605334,-0.009010472809454589,-0.10934526790522492,0.2759431439469158,0.23718189911786622,-0.020406840749055886,0.30987694341071853,0.3067009545487689,0.2349374436291725,0.06783390045166014,0.1995605839623345,0.22747942606608093
Bartlein,Bartlein et al. 2011,,pollen MAT,51.0,5.0,0.5512,1.0,0.7257825851440429,-0.5955465457276192,0.08391273033657703,-0.0759411823888224,-0.06002195676167771,0.4823591110855149,0.607096585743965,0.5995221656717621,0.1987863956102648,0.5507162959952392,0.10098123550415039,-0.3689113517205026,0.623741498589514,0.31556081890428517,-0.09384584426879883,0.35224390029907227,0.9897521972656249,1.2055733362833658,0.3272198994954427,0.18102765083312988,0.5373252988841977,-0.07520003743195455,-0.12730039613253252,0.057642811929872306,0.13478195227844053,-0.13374698896201231,0.23864772304080734,0.12849976010714934,-0.06189928746057128,0.026366392771403104,0.16420157750447606,0.3046829382578531
Bartlein,Bartlein et al. 2011,,pollen MAT,57.0,-3.0,0.5522,1.0,0.6924995803833007,-0.3480467680438997,0.24735282979623335,-0.15376927646239105,-0.08972945849100579,0.6089002229993579,0.33972759402569574,0.32698350155731754,0.09307631828194529,0.7233192393659061,-0.059157729148864746,-0.37421741585579,-0.0038900502026099695,0.0558462041825037,-0.052114009857177734,0.6693349838256836,1.0135432243347169,0.8860700225830078,0.41125440597534185,0.15589678287506104,0.4030299613874084,-0.15310328235278842,-0.13133349188780835,-0.027620996217030524,0.11670850958671115,-0.15927022577866265,0.3854900702002006,0.049860885271374285,-0.0032539105166710654,-0.21386812527974453,-0.12583266894022654,0.1733116658528646
Bartlein,Bartlein et al. 2011,,pollen MAT,65.0,-127.0,0.1206,1.0,-0.4455830891927084,-1.1627004292747822,0.13872047287597655,-0.565079884405468,-0.5638076596789884,0.49644531651069007,0.05313024707914882,0.5161216996295896,-0.14340121138606501,0.10242236242290992,-0.3523850917816157,-1.2572136276822885,-0.15057661304032327,-0.08273049923434364,-0.24152460098266604,0.13316986560821534,0.5172454833984375,0.23608411153157555,-0.3505364418029785,-0.5124586423238119,-0.11687502538184208,-0.4975192399348036,-0.5528870236935222,-0.6320965407206425,-0.4417101119612173,-0.6285686739025999,-0.05689867887603011,-0.3381678745709135,0.2194532018809967,-0.608774317635431,-0.5423945294486155,0.122539223564996
Bartlein,Bartlein et al. 2011,,pollen MAT,43.0,-1.0,-1.7371,1.0,0.14069043477376303,-0.4702732045602799,-0.00928890324778667,-0.040359730618164294,0.3500220510694742,0.4057806066691053,0.45005192307307673,0.6499574555355205,-0.08082149985622991,0.25776257936452635,-0.09730911254882812,-0.34275232495050945,0.5012737005949026,0.22312279633971954,-0.2770406723022461,-0.011617565155029298,0.47994804382324213,0.8414964548746744,0.0706325626373291,-0.1863193511962891,0.23334495905591301,-0.33716426626885715,-0.19767241691410797,-0.0168564202117235,0.01904407956168087,-0.2708939389532713,0.2959150797777901,-0.12130417196634134,-0.378844940713696,-0.13758506245083268,0.0058318932851168445,0.01603584289550783
Bartlein,Bartlein et al. 2011,,pollen MAT,63.0,35.0,0.29,1.0,0.6944795290629069,-0.6463397412275038,0.5783240916384748,-0.46207546744834527,0.1637482881546019,0.9489836908236764,0.33641633229837103,0.21040383401358742,0.43282042674932025,1.229335777910948,-0.11102527379989605,-0.8314527127757598,-0.022086697068480227,0.15680808777857622,0.27579057216644287,0.33098363876342773,1.0698440869649253,0.686667529741923,0.7881690293550491,-0.32647712528705597,0.36101257153511784,-0.5532168639556934,-0.4170117537272112,-0.1036050923388665,0.45592278382420487,-0.06788578202100826,0.33429950916064943,0.5236253970259102,0.47393412928125533,-0.4620800912380222,0.08463387191295563,0.13084298968315122
Bartlein,Bartlein et al. 2011,,pollen MAT,43.0,-3.0,0.7589,1.0,0.061217193603515636,-0.2620384840191109,-0.00048564616698119206,-0.10580785956378486,0.21379988458421653,0.4088679183656614,0.37339867542026894,0.5855853429144251,-0.11641140538745556,0.2109727849213017,-0.11997408866882324,-0.336232094254547,0.23844508230686087,0.18143316951968824,-0.2855104446411133,0.012531375885009764,0.4561556243896484,0.6539189910888672,0.0363770866394043,-0.20837672551472983,0.2327141852125534,-0.32663252288125433,-0.2197702212071292,0.059576498732185956,0.03267033279775543,-0.2518920300913461,0.2981541776577596,-0.13062426524817394,-0.3791369471890002,-0.19645779927571627,-0.03916580941942011,-0.12192929267883301
Bartlein,Bartlein et al. 2011,,pollen MAT,31.0,121.0,-1.2429,1.0,-0.17083868662516277,-0.8150586515826153,-0.38035669784173093,-0.805147211972145,0.15061186684502476,0.09315552743564358,-0.14216023328539815,-0.1835194275010235,-0.2929211260209298,0.06297093291359146,-0.5843328475952149,-0.6982058629202409,-0.29228837490081766,-0.5122223226148083,-0.5197587013244629,-0.3092127799987793,0.03064837137858073,0.47349353790283205,-0.0983349291483561,-0.6010326544443766,-0.5568718812030717,-0.8918188956815052,-1.0215324423002223,-0.7381893339667379,-0.35627327692752403,-0.6258025960920439,-0.12189496934825157,-0.5082810988676425,-0.8958194052364054,-0.7797213660346135,-0.2828929159376369,-0.6301628324720594
Bartlein,Bartlein et al. 2011,,pollen MAT,61.0,29.0,0.7097,1.0,0.8936096795399984,-0.6969728687309029,0.5614047277539341,-0.31897602251711554,0.3066335950957406,0.8774573692462818,0.5410567683037795,0.28657670473125685,0.4712322062837325,1.2220828567011432,0.0011410258710385143,-0.6998816229050636,0.19958380199151013,0.23312948142386072,0.2437317818403244,0.39762822091579436,1.1685266923904418,0.8102341524759928,0.7970830502112707,-0.25085553526878357,0.49196801274973156,-0.4285306649428051,-0.3151641740556555,0.07573067859344888,0.48736114074993586,-0.01293014406160083,0.29871078377713245,0.5596919392397983,0.35419630030365395,-0.30858365694681833,0.1986448976728647,0.23427726709180402
Bartlein,Bartlein et al. 2011,,pollen MAT,43.0,-7.0,1.1196,1.0,0.02140577952067058,-0.1621736247875151,-0.053347329615185415,-0.0780582721662044,-0.05540234989590089,0.4402928552536375,0.2597490257105492,0.4363644521099175,-0.1186268839823508,0.2366916779998073,-0.13079452514648438,-0.4009140829560097,0.2240385651588434,0.14908507793151027,-0.3296045303344727,-0.04518165588378906,0.4451805623372396,0.5525002797444661,-0.002312761942545571,-0.22615281740824383,0.22959697534766113,-0.3296525777405995,-0.33087148745601036,0.02678668285634679,-0.0084723906980729,-0.2723852708729712,0.34901769332329335,-0.12282529022703553,-0.4353544391537613,-0.21491955651177344,-0.05317219098409066,-0.013104242748684323
Bartlein,Bartlein et al. 2011,,pollen MAT,57.0,41.0,2.148,1.0,0.6282732137044271,-0.6965632595296025,0.34757379907947794,-0.42860745055565697,0.49531309763590364,0.624027739493977,0.47081744856341046,0.084735511143848,0.4614558480492994,0.8009172302518965,-0.03660506010055542,-0.6294049949847083,0.18421198218129495,0.09411321586030555,0.07043946981430053,-0.022674703598022462,0.8422642008463541,1.1448741722106934,0.4697927594184876,-0.4232635125517845,0.42745813423729495,-0.3362422480828027,-0.17915818152648483,0.026262427408411563,0.5338044123584182,-0.08847279202978789,0.134018553998482,0.5202995876124675,-0.04958916794333808,-0.3877310117085776,0.3882951577504472,0.12774979670842487
Bartlein,Bartlein et al. 2011,,pollen MAT,55.0,-3.0,2.1677,1.0,0.6957313537597656,-0.4151498489039891,0.1749244019134253,-0.23762167575405696,-0.3084343115488689,0.559394894078531,0.3568476052036282,0.36873441171526294,0.09329425809884306,0.698390592305052,-0.02540867328643799,-0.37851924521438673,0.1156232506036745,0.1289051470401932,-0.07468514442443848,0.579983901977539,0.9196176528930664,0.9406526565551757,0.3492578744888306,0.1855708360671997,0.430194515560946,-0.1344128657386794,-0.1345058990526021,-0.1082138452911197,0.08873493064665323,-0.16450210699453152,0.3442922931759027,0.07376102271016477,-0.1324657619134305,-0.18539496527777782,-0.04323724640740291,0.17018983893924294
Bartlein,Bartlein et al. 2011,,pollen MAT,51.0,-117.0,1.7277,1.0,-0.12069226264953613,-0.2887492798164597,0.034961013427190706,-0.912408395557873,0.21509109169244822,0.47603700725388315,0.6599296649887245,0.5175809475717668,-0.43623097246077436,0.19724467138085774,-0.06278411597013522,-0.8806155762638939,0.3462211679667225,-0.08635518293611809,0.31319786310195924,0.21453845500946045,0.4358300685882568,0.5324198722839355,-0.19979227036237715,-0.7103336155414581,0.24700392558706616,-0.3485599622621515,-0.18021078387207848,-0.30595689963378225,0.18744171525776318,-0.12282626667626476,0.1410166431514288,0.024908413875161236,0.17329844148077272,-0.44615135192871075,-0.05479883352915384,-0.3351666704813641
Bartlein,Bartlein et al. 2011,,pollen MAT,49.0,89.0,0.575,1.0,0.003966792424519857,-0.13157723240530833,0.02011245239863706,-0.3467420483468164,-0.2953881459765941,0.4646327177467804,0.16495452185918255,0.22711951807681038,-0.1600247765030877,0.09072592447018607,-0.3324317932128906,-0.5305327414174338,-0.12512671723961705,-0.12028892205433495,-0.059800708293914796,0.09332082271575928,0.4817400360107422,0.5606007893880208,-0.23329460620880127,-0.25913555423418677,0.23712426548187734,0.061061544925026905,-0.5064022416098848,-0.6630367547974296,0.001110403864416628,-0.12646292795132183,-0.11291292193673566,-0.25910750144039135,-0.3574362124504654,-0.6085071398152243,-0.20446245074272096,-0.34282928784688316
Bartlein,Bartlein et al. 2011,,pollen MAT,47.0,-1.0,-0.4017,1.0,0.48375952402750655,-0.5478693732843464,0.022934586358870232,0.09403277183194182,0.17355123519897553,0.4896111656416129,0.44214055673276154,0.5802070517282303,0.09284688363254155,0.42351740395161636,0.036853694915771486,-0.37828748787486466,0.43922942280769645,0.2862453140434521,-0.24019565582275393,0.22117481231689454,0.7682384618123372,1.0753862889607748,0.18210463523864748,0.10534993807474773,0.43674590192973334,-0.13373254314424848,-0.2246052226060134,-0.2688347680335862,-0.007483816712470581,-0.18457929423693953,0.3145444400492345,0.036893872835620185,-0.2229945328972805,-0.08765566084119993,0.07626612981160487,0.22605740759107823
Bartlein,Bartlein et al. 2011,,pollen MAT,57.0,35.0,1.5703,1.0,0.864400291442871,-0.7552809186769688,0.38391636460758166,-0.21942487428556656,0.5286955515543615,0.6604350594444918,0.603747618295974,0.11727940273696144,0.42783472823510005,0.8983249798559422,0.055970609188079834,-0.5838241911951287,0.3878414663486168,0.12507001319698796,0.08485400676727295,0.12096208333969116,1.0667940139770506,1.143259080251058,0.6134196440378825,-0.2931576520204544,0.5280242973133814,-0.25111124031845705,-0.21626922988294084,0.0018807602787847474,0.4834776227091711,-0.07612048919783317,0.17392187429544098,0.5535312580675305,0.04558572834574994,-0.2558944622675579,0.39200643698374404,0.29258361260096233
Bartlein,Bartlein et al. 2011,,pollen MAT,53.0,21.0,0.9089,1.0,1.1527013778686523,-0.5353527128929699,0.3020399381427181,-0.04802803166137577,0.5548744657304554,0.5730116780712888,0.9866901578441649,0.6475464568596814,0.4078969192352708,0.7887821694566762,0.22670347690582277,-0.3991140445687062,0.8558087870478628,0.29071338111156125,0.06277279853820801,0.30811533927917484,1.2280824279785159,1.3546241760253908,0.4633197832107544,0.048707564671834305,0.6678169156033639,0.14991990784392367,-0.03984504602498508,0.159742681309193,0.26593542767294265,0.008618480859065355,0.215422668091715,0.37863164698547513,0.10389286856001073,0.14058948622809522,0.5059460057152643,0.3007681030697291
Bartlein,Bartlein et al. 2011,,pollen MAT,57.0,57.0,0.1335,1.0,0.09580523490905762,-0.3922018639189833,0.11963728865166748,-0.4877516417466182,0.18441467523574664,0.48522557011711914,0.16638599040534108,-0.03984541569950868,-0.046410610716991214,0.4242769606523318,-0.34562126249074937,-0.6664353625887054,-0.20183826815336842,0.16670340394541813,-0.03479691445827484,-0.1757303148508072,0.46834621429443357,0.44105880737304687,0.056889974549412727,-0.5392303168773651,0.20530260424194674,-0.4740028155869521,-0.4709319042175052,-0.4728071046560208,0.2562064497299158,-0.2503333977496355,-0.04191211634360117,0.2281632153868634,0.02449928840209431,-0.8340885122617087,0.08175460894902527,-0.2232605528831482
Bartlein,Bartlein et al. 2011,,pollen MAT,51.0,21.0,-0.4934,1.0,1.1871852493286135,-0.7170895958789096,0.25047044668872903,0.01862878524121118,0.7195721340179444,0.5240168259229566,0.9904837024446251,0.6734491735791597,0.4082207434478168,0.7663707238808444,0.21474685668945312,-0.3873991209287721,0.9732962876558302,0.2964314758904856,0.003704881668090821,0.24178023338317872,1.282461280822754,1.5401450729370119,0.399373893737793,0.07398033142089844,0.6242082198080409,0.14610224303723496,0.04144317965388873,0.13501515846354062,0.1957564369183498,-0.03020470995801328,0.19491328741398042,0.37778569948580987,0.047152818168554364,0.1907425244649252,0.6201508998870854,0.33335523605346673
Bartlein,Bartlein et al. 2011,,pollen MAT,65.0,31.0,0.7005,1.0,0.7781110604604085,-0.6275620621211748,0.7017340039185049,-0.4616704552619461,0.12012197822332414,1.0504591099792138,0.3792395650165303,0.32607128582300793,0.4941948361571128,1.5040208920702307,-0.11344455480575556,-0.8108012713762865,-0.06677069122022095,0.16299366377254476,0.3765769720077515,0.5614398002624511,1.375713841120402,0.7226175387700399,0.8129470497369766,-0.2148825128873189,0.3478463699387593,-0.5601844742189684,-0.40301397799969907,-0.13053473208071015,0.4145584089685641,-0.05434574669202043,0.47593490804170346,0.5141084584428024,0.6825637072622693,-0.41847771439287423,0.03764016413026332,0.20279354519314235
Bartlein,Bartlein et al. 2011,,pollen MAT,55.0,-7.0,0.7421,1.0,0.6694051742553712,-0.3843676142811512,0.17878138795162682,-0.1365153944655872,-0.1783870326148142,0.5614433964849339,0.242651867623134,0.3105215809378748,0.008382707029831436,0.6270778505662509,-0.04770760536193848,-0.3560510270579115,0.00016550719737958713,0.05922049370001279,-0.14139881134033203,0.6012448310852051,0.8369270324707032,0.8728247960408528,0.35650466283162435,0.21181869506835938,0.3827754154192855,-0.19089017587503124,-0.15670542126484197,0.02532465588258392,0.04106458360109047,-0.19667078965021714,0.3637331708915563,0.04125913439826304,-0.18283805420880306,-0.27938296000162754,-0.08486979272630482,0.2062741041183472
Bartlein,Bartlein et al. 2011,,pollen MAT,59.0,13.0,3.1745,1.0,0.9890432580312094,-0.19737627890978837,0.45911342346636785,-0.13801086565191945,0.28040640513102205,0.6894060692258591,0.7923250993950408,0.536186911434641,0.3417296819162571,0.8955684916495579,0.0499294638633728,-0.42255836623657433,0.3522876753471785,0.37948147638893603,0.15098297595977783,0.6725249052047729,1.2326759179433187,0.8369527403513591,0.5779026063283285,0.03302621841430664,0.5817699636698366,-0.168628708798046,-0.18043201526518604,0.14427874428046394,0.3117945927618728,-0.07247883359326915,0.4324253247709442,0.3130067429188012,0.16119183696445533,-0.09336809847090026,0.12054396470387742,0.21515421496497247
Bartlein,Bartlein et al. 2011,,pollen MAT,59.0,15.0,2.6727,1.0,0.9800601959228517,-0.4620500144932331,0.4748071118929205,-0.15683176153200176,0.29306943946414515,0.7209980191629386,0.8043045183383124,0.549984539694051,0.36067030650183274,0.9401429976713062,0.05546003580093384,-0.4318953143487505,0.3798909854143847,0.3671149793761757,0.15032827854156494,0.6435309648513794,1.2489793777465823,0.8643170356750489,0.5847095727920533,7.528066635131142e-05,0.5717938566167373,-0.17647125074985012,-0.20575599546290319,0.1330561102979832,0.35692728014153047,-0.0538221924957403,0.40935782613611527,0.3453596685280539,0.300869188632824,-0.08200487825605644,0.13937207063039103,0.2295159790250989
Bartlein,Bartlein et al. 2011,,pollen MAT,53.0,-3.0,1.4627,1.0,0.6469001388549804,-0.49207724257307617,0.11232336830213437,-0.41855280913909493,-0.4433128547668465,0.5193600824555428,0.36491787003574017,0.41273326349673334,0.05648817804852654,0.5445211582761806,0.015017127990722714,-0.3735011677846406,0.2201716408133506,0.17782391739684283,-0.11871824264526366,0.48073625564575195,0.8916312408447266,1.0411099624633788,0.3081907367706299,0.20438575744628906,0.4811623649813135,-0.12397978277124197,-0.17456496664216237,-0.24748233175588724,0.035385829247583336,-0.1862481939687391,0.3133143594584317,0.0839948369302986,-0.17631429114527536,-0.1493976434071858,0.00581187672085238,0.21910451094309485
Bartlein,Bartlein et al. 2011,,pollen MAT,51.0,23.0,0.6931,1.0,1.2414579645792645,-0.7629814959605958,0.26419174662430467,0.017528586940700988,0.6744310347239179,0.5311103804373992,1.0338849856949868,0.6644960420915449,0.38677522709612727,0.8047008648820282,0.20568060874938965,-0.4067262725724562,0.9527197271585461,0.25682731745501275,0.007144546508789063,0.2136073589324951,1.2864574813842775,1.4453886540730796,0.4290106805165608,0.04633748531341553,0.6348779200395863,0.160205408006725,0.05423278386512912,0.15689558437150194,0.22932692841080235,-0.0025927085194128808,0.20423124300045237,0.4156606423423642,0.04395338350681968,0.18466626803080258,0.6645462512969975,0.3116851425170898
Bartlein,Bartlein et al. 2011,,pollen MAT,57.0,61.0,2.194,1.0,0.007620674769083658,-0.30179005998950975,0.060182936495041806,-0.5571145107297691,0.08148875474929769,0.4504736277174349,0.14764289241146036,-0.01798762860006395,-0.009022288556421433,0.3508011584976093,-0.3855118811130524,-0.668307148697716,-0.14356039501726578,0.20800187890629807,-0.049402689933776854,-0.179618901014328,0.46794053792953494,0.5285243320465087,0.07698650424679121,-0.5216370671987534,0.1770037135365724,-0.48001959497752067,-0.5147455650962403,-0.11969048599764577,0.15274666862442535,-0.2817073057462061,-0.07140691825834428,0.184642337610013,-0.086912199849229,-0.9152082125345867,0.023402496178944788,-0.3259592731793722
Bartlein,Bartlein et al. 2011,,pollen MAT,57.0,-119.0,0.625,1.0,-0.11062810719013214,-0.6258990482731014,-0.0605583408509375,-0.5338816761534305,-0.24752318700154805,0.5809597925760176,0.5485455090064332,0.38121884474431744,-0.3826483225538688,0.009916808539447477,-0.24435436427593213,-1.09185273192861,0.14193591675721112,-0.16623989660609562,-0.1216736078262329,0.11320525109767915,0.31019965489705403,0.3116609668731689,-0.24319185783465705,-0.5397691130638123,-0.03416214331438448,-0.5993520254269018,-0.39628370971613724,-0.14960603600591738,-0.130761675931177,-0.5876522051437351,0.04845662955214125,-0.18564821219185668,-0.02478693822191738,-0.6026589433352154,-0.30729427138964355,-0.5064798990885417
Bartlein,Bartlein et al. 2011,,pollen MAT,7.0,39.0,5.3742,1.0,-0.9510762786865234,-0.8851003592939388,-0.8993163324791505,-1.0351311158500678,-0.6386869960361057,-0.3209263601200498,-0.648913947584032,-0.861225134373771,-0.6357864889879015,-0.8534278963994542,-0.9108253955841066,-1.3421555380995025,-0.5241985797882083,-1.1028089383593225,-0.9449038505554199,-0.7032493591308594,-0.25367107391357424,0.007342910766601571,-0.8664520263671875,-0.6149781545003256,-0.4898070120710174,-0.8444823531283913,-0.7327144006933055,-0.8477388005811721,-1.084170708595165,-0.9492943898838792,-0.9704293982086714,-0.8714108957889425,-0.8484293568536801,-0.8973006036546499,-0.7137062708536781,-0.973476930194431
Bartlein,Bartlein et al. 2011,,pollen MAT,61.0,87.0,-0.1833,1.0,-0.10421209812164306,0.06718730699911839,0.24851828294647021,-0.5274152549205728,-0.2593787823783021,0.7674161639560734,0.1652757500107327,0.24108242757381837,-0.24431301721269058,0.4623718725675797,-0.47455267906188975,-0.5469194602309465,0.19147329403415167,0.42210576178218406,0.08308534622192382,0.03765525817871094,0.9557055091857911,1.1403080987930299,0.23042236328125,-0.6511272589365642,0.09865210539359193,-0.39125342224132115,-0.5958588520725197,-0.16999840791056428,0.2298806776917415,-0.19692311610864996,0.23074031251105864,-0.2162917020047418,-0.41893365608970073,-0.9879866050349342,-0.22454146146774367,-0.4672957902484468
Bartlein,Bartlein et al. 2011,,pollen MAT,67.0,25.0,-0.3055,1.0,0.8305400848388673,-0.5402195220667374,0.8827751723200943,-0.4520736190075354,0.08914497229788021,1.0641271933625316,0.4502674519937289,0.35863617582755236,0.5621512835453508,1.7567727284644428,-0.15921807289123535,-0.81234360204541,-0.13194524997035023,0.2196240784759959,0.47220468521118164,0.9263129234313965,1.6055029392242433,0.836808983484904,0.813794579108556,-0.06166801850001018,0.334146529024542,-0.5081376887083564,-0.4344398396329824,-0.19890176811670385,0.41623316420568895,-0.07340680104791297,0.644195579843152,0.447784315648268,1.1128217286712307,-0.41017538226313116,0.006631035771634329,0.3191491365432739
Bartlein,Bartlein et al. 2011,,pollen MAT,67.0,-143.0,-0.1843,1.0,-0.4851509602864583,-1.3565051247441224,0.31701966243859014,-0.45405997188631486,-0.6382257371478605,0.4796119563653347,0.266750064632408,0.6834696864280336,-0.19088463505200207,0.19947147111258354,-0.4732803821563721,-1.2547407147102807,-0.2653415524082525,0.042182366054384246,-0.16579585075378417,0.09368290901184081,0.5875047556559245,0.07842498779296875,-0.4379082393646241,-0.4330871105194092,-0.04323242144749581,-0.5887847270028134,-0.5300056152116197,-0.6569950841835968,-0.5624502345836042,-0.49997798912119407,-0.07504429783254804,-0.32107784057545674,0.3530493391705357,-0.6582770480049982,-0.4904057820638021,0.10212221145629882
Bartlein,Bartlein et al. 2011,,pollen MAT,63.0,-123.0,-3.946,1.0,-0.5041550254821778,-0.9803110723138369,0.08268122238190659,-0.5192974229315738,-0.5464542341232301,0.48752397797630354,0.1987878705779869,0.45598490091523824,-0.19047402292542343,-0.09417009022722597,-0.3624413251876827,-1.240821160416333,-0.06919441996869251,-0.13614490606911406,-0.30316801071166993,0.05164458751678466,0.42536159515380856,0.19083141326904296,-0.45213104248046876,-0.5455331206321716,-0.1345407345136966,-0.6615433980871768,-0.5597500765326184,-0.6172237338930366,-0.38335629303819346,-0.7195997196492876,-0.01547544049608515,-0.33604017957960364,-0.030108660388435283,-0.6322540521621707,-0.5354036569595338,-0.10654968261718752
Bartlein,Bartlein et al. 2011,,pollen MAT,61.0,77.0,-1.3333,1.0,-0.15587777694066365,0.09532616578172036,0.2174231042460415,-0.7044185180071739,-0.45396643718083646,0.7269854700002968,-0.016635141491971872,0.1518496071581546,-0.11318594379649463,0.37820224942945124,-0.5285955905914307,-0.6232463660014459,-0.08710157483386709,0.4622445635195167,0.11665921211242675,-0.13112130165100097,0.6717821979522705,0.7076665989557902,0.150541090965271,-0.5619481007258097,0.07492749500902769,-0.4997037082350626,-0.592920667385789,-0.541600676395098,0.20724908466376277,-0.19963941318048284,0.10234736308983694,-0.10900756661119931,-0.41874654357752905,-1.1875097990036014,-0.3657830276423042,-0.4794165690739949
Bartlein,Bartlein et al. 2011,,pollen MAT,39.0,21.0,-0.8213,1.0,0.3930393600463868,-0.6090050833715501,0.2004553886496134,0.0867756538916268,0.4395982042948395,0.4725257213185017,0.5524982630823503,0.6452876743101175,0.13096447040956413,0.47931170076049906,-0.025451564788818357,-0.3153868713559474,0.4832888066768691,0.21081316688553065,-0.14104080200195312,-0.08783416748046875,0.6872089767456057,0.9471405029296875,0.331064453125,0.02582836151123047,0.43524993672922135,-0.11642387419157696,0.0065262131303531305,0.13549333016336818,0.22430977799330015,-0.1619885861017386,0.34646390955576073,0.3139042860545138,-0.1499382342069176,0.09954892794291191,0.33280272483825696,0.19429887135823598
Bartlein,Bartlein et al. 2011,,pollen MAT,43.0,13.0,-0.8434,1.0,0.5465678405761718,-0.7105335344202572,0.1909604534793347,0.09121867152628503,0.7639706579844171,0.466567813867635,0.6580316194109879,0.6520756752272563,0.1265058126659802,0.4866591576898448,0.05420970916748047,-0.30824003848712533,0.6801765173673646,0.31625354826459406,-0.11973266601562499,0.055987453460693365,0.811857032775879,1.2754408518473306,0.31464772860209145,0.027899106343587242,0.3841116471553833,-0.1538192183698149,-0.13863983582710177,0.06743711114840337,0.1121191502661876,-0.28510875373542166,0.266444591109541,0.19430440567615664,-0.1721744914063992,0.09839229053921181,0.27341171370612255,0.1133476363288032
Bartlein,Bartlein et al. 2011,,pollen MAT,53.0,-61.0,-1.234,1.0,0.37947080810864764,-0.5685561659243831,-0.12829672457402388,-0.48397611356283105,0.19585891882578635,0.31737181948256704,0.13855272425197163,0.26155023445367975,0.1922763919239077,0.8019804200488276,-0.4329357385635376,-0.5382837528737386,0.7153032120317222,0.034896562956417174,-0.3942084312438965,0.7072301387786866,1.037963250478109,0.8407609446843465,0.5062414594491322,-0.35467979311943054,0.174640331846871,-0.4002979887173805,-0.4420799532537092,-1.1261467521661892,-0.04040112901678996,-0.4262435068955882,0.2620931946953897,-0.23569110359751977,-0.5242569160068999,-0.593771450387107,-0.22820625570085312,-0.18400715404086648
Bartlein,Bartlein et al. 2011,,pollen MAT,61.0,35.0,-0.4981,1.0,0.6901275793711344,-0.6680876668121175,0.4910211705994435,-0.35427042381173035,0.21319648027420063,0.8327571131407256,0.423338603103622,0.14261902926070585,0.4325785253995702,1.1018826254438707,-0.06230504065752017,-0.7599919576382306,0.10520627563652075,0.1658322597005418,0.1987656205892563,0.23528844118118286,1.055108642578125,0.7626373132069906,0.7293640156586965,-0.33972734461228055,0.4158318143570236,-0.46984581374177137,-0.3751682085682507,-0.14627051676879033,0.4956802498429228,-0.06038916954003005,0.249942477059297,0.5433853759221646,0.3473356232035104,-0.40513798925611755,0.17297326193915422,0.16787347164418964
Bartlein,Bartlein et al. 2011,,pollen MAT,41.0,47.0,2.3,1.0,0.3926157633463542,-0.42590233308327047,0.11382464422236008,-0.008452220150028573,0.3205255561404761,0.4029098707000328,0.2687963876074589,0.6850524652743303,0.15261836920377736,0.2448685915034106,-0.05258536338806152,-0.2311282665326749,0.48804137110710555,-0.062454377864478085,-0.34064331054687497,-0.18075990676879883,0.806769650777181,1.0412648391723633,-0.06912427425384521,-0.16663241386413574,0.4077343737206363,-0.02116123584124015,0.21038544896845104,0.31982177441618537,0.13946904217974376,-0.14348485585734982,0.5592764864996542,0.545166510867971,-0.4946035941609752,-0.07550525665283221,0.5334082709418402,0.017204349305894515
Bartlein,Bartlein et al. 2011,,pollen MAT,37.0,99.0,0.7,1.0,-0.17589990615844725,-1.0817671124256085,-0.4397615609031824,-0.48612807116245044,-0.4156284192535611,-0.11575206485413478,-0.06081004624052133,-0.289935774115696,-0.5953139140304746,-0.024343536466524922,-0.8094785213470459,-1.0749111122812751,-0.5277412310242654,-0.8331134157805212,-0.4484433650970459,-0.4790749192237854,0.13332416534423827,0.152727746963501,-0.4346371614933014,-1.118675023317337,-0.23995911611404908,-0.5947313230222336,-0.6112251962807383,-0.7461891533182121,-0.5007647981959895,-0.7609247204536043,-0.1410829090075244,-0.345920735325441,-0.2952285873352686,-0.6688614209493002,-0.4958259595765008,-0.5311815388997396
Bartlein,Bartlein et al. 2011,,pollen MAT,43.0,-93.0,0.4988,1.0,0.07630107879638671,0.7912078199559995,-0.285391631758946,-0.5160918284453269,-0.6341213915083147,0.5738601880532379,0.4516591596756403,0.17262634809605293,-0.13057806290153282,-0.17800347832110763,-0.604640555381775,-0.8614961229262004,0.028451959788798782,-0.2248066318368589,-0.37030849456787107,-0.47788009643554685,0.29612716674804684,0.643139419555664,-0.0031331825256347675,-0.7750492095947266,-0.11992276375839803,-0.45070682784017524,-1.1088389330348363,-0.6554202883845391,0.2769764080748702,-0.145504007574679,0.3123463825882912,-0.08767057651760529,-0.9750589279165739,-0.5903904120127363,-0.46572114096747486,-0.4958244132995605
Bartlein,Bartlein et al. 2011,,pollen MAT,43.0,29.0,-0.4661,1.0,0.5199550755818685,-1.0525813509132478,0.2644345913123721,-0.12790546096368602,0.3302043596903483,0.5406796430956218,0.5877167696325708,0.6090242995504862,0.33365225011334115,0.7004539785519521,0.010076856613159182,-0.35839109458077545,0.6303008854389195,0.16785196701917368,-0.048258209228515626,0.12342519760131836,0.8891926956176758,0.8934559885660808,0.4428067207336426,-0.038918495178222656,0.5429657124062238,0.026495712112208414,0.2551706613335362,0.4160183171203661,0.11985559040671641,-0.06503400920077833,0.33835708294088596,0.579014425101184,-0.017153283686765847,0.06712659729851625,0.42915181583828427,0.1266355980767144
Bartlein,Bartlein et al. 2011,,pollen MAT,69.0,-133.0,0.6052,1.0,-0.3874442036946615,-0.8690005426200611,0.4390876445258023,-0.31513179004890585,-0.5068610779444384,1.0765144265013569,0.8911896095541312,0.7172121588470989,-0.2205628148599763,0.27759955003376985,-0.4149777412414551,-1.094942781545324,-0.005504554430334832,0.25299751792305025,-0.12636013031005858,-0.06892766952514648,1.1132892354329427,0.42252596537272136,0.39742283503214515,-0.3102133274078369,0.030327125281744204,-0.31941878317357375,-0.49760021347395833,-1.0538151512889682,-0.23571067671115925,-0.3511750298992836,0.09034306649222068,-0.36443986846117477,0.48464201093283266,-0.7072621901830038,-0.5884449879328411,0.304515676498414
Bartlein,Bartlein et al. 2011,,pollen MAT,41.0,21.0,-2.037,1.0,0.5197222518920899,-0.8253558285222011,0.24776250265076052,0.22847019258958384,0.6624402671390105,0.5062788547378739,0.7048144721546412,0.7290483684550154,-0.00842376847044862,0.5926017665330117,0.03652992248535156,-0.32131855251923724,0.7242609620094327,0.2544227099108614,-0.12688055038452148,-0.05413522720336914,0.7857241439819337,1.1578579711914063,0.2929631614685059,0.010138273239135742,0.4691752601110606,-0.10579746102839746,0.04519371058740893,0.20522406353808914,0.2125682221047383,-0.27078185535786414,0.2885820702104717,0.3267931231739668,-0.2653623950979964,0.14918665885925306,0.39379668765597914,0.25125965754191065
Bartlein,Bartlein et al. 2011,,pollen MAT,45.0,-121.0,4.593,1.0,-0.08388118743896483,-0.3434495868870916,0.09118825880714207,-0.10492165012654006,-0.11379265785217306,0.5238416423387258,0.478234599573606,0.33030644120542285,0.06059172007582456,0.2443055198804964,-0.0668140411376956,-0.6163677242171384,0.40685421973466857,-0.0835783163720594,0.320539379119873,0.13572111129760742,0.3161921183268229,0.4112852096557617,-0.2041422208150228,-0.5775394439697266,0.4385734335186636,-0.16364622116088867,-0.22598611531178012,-0.1118056799107843,0.3021825328222224,-0.00010816079286225799,0.32774774066569057,0.3023288702941657,0.21103192591781372,-0.25643739700317403,-0.11872329711914091,-0.10385327339172364
Bartlein,Bartlein et al. 2011,,pollen MAT,63.0,-7.0,0.7812,1.0,1.1117046801249189,-0.7867302597670188,0.5084202620764404,-0.17444451958396812,0.16112803936004655,1.3347881104209969,0.2760026823498822,0.13043241762857846,0.5558790932870575,1.5112030348354244,-0.08627032041549709,-0.449640885283738,-0.34680117692027645,-0.08067698740496024,0.09280927181243895,1.7863938808441162,1.7952743021647137,1.2341430282592776,0.7483271646499634,0.18386831879615784,0.2895012856383246,-0.2174260041436305,-0.06784478744315284,-0.28299638335018157,0.2058985664321842,-0.13006373737315188,0.7800310616890426,-0.033454066661759735,1.0270458005720828,-0.228203701972961,0.10095555782318247,0.43741909265518186
Bartlein,Bartlein et al. 2011,,pollen MAT,59.0,69.0,-1.0202,1.0,-0.10195934593677522,-0.06847423767591734,0.07364875389971234,-0.6682871965521768,-0.2851048921876486,0.544898105894034,-0.001953791467862894,0.0677770693597238,-0.18148788407395136,0.32857125498723083,-0.5201631188392639,-0.6894248096693534,-0.24238248392939524,0.339649121243741,0.021908092498779296,-0.14850947856903077,0.47047570228576663,0.49461320161819455,0.14447091460227965,-0.5511569976806641,0.09878997352229658,-0.48459123652497843,-0.6530400621769847,-0.33555614738551276,0.1318293469134284,-0.2729578333052959,0.007240712460548518,-0.005441565415183943,-0.36377815937080554,-1.1006524450249144,-0.2378624373012123,-0.4817183268070223
Bartlein,Bartlein et al. 2011,,pollen MAT,55.0,-71.0,-3.142,1.0,0.1629828453063965,-0.4709430858089369,-0.06299114263487543,-0.5921742293327704,0.06264013714260522,0.3454525164268469,0.17006823291004972,0.3530165778381894,0.16889595468410712,0.5250793693233486,-0.44440119266510014,-0.5587322196766802,0.2396466955542575,0.11876280627516828,-0.3383586883544922,0.0990403175354004,0.7442585627237956,1.1340607325236003,0.38175855477650955,-0.31316284338633227,0.12765781837436888,-0.49372983750453375,-0.6185536952745847,-1.8689363175717102,-0.025715569426720503,-0.5242601899841379,0.34476257323653725,-0.33254706812309925,-0.26235040394278475,-0.5720602459377713,-0.3400664541456434,-0.1871321810616387
Bartlein,Bartlein et al. 2011,,pollen MAT,55.0,59.0,0.8882,1.0,0.015467103322347006,-0.29829692823197773,0.05011563842597583,-0.47895497721592184,0.19159077803293864,0.3865537880648236,0.23796118154465828,0.004063158297627319,-0.03014004005551136,0.2810637951789435,-0.3391629010438919,-0.6010735141765817,-0.1475394847802824,0.08673581880899783,-0.08135123252868653,-0.13148552775382996,0.44430261850357056,0.5138683954874674,-0.027806845307350156,-0.48385549833377206,0.22371380177307404,-0.3834141697111622,-0.49381577901526635,-0.3490452803403917,0.15431390391024602,-0.20972470953460656,-0.08872919079302682,0.22836216457678665,-0.23547191736936693,-0.8367056926091512,0.10249485704633925,-0.1904902988009983
Bartlein,Bartlein et al. 2011,,pollen MAT,53.0,-57.0,-2.362,1.0,0.6618322610855103,-0.535793017409445,-0.05613184340838397,-0.4846057610180238,0.13012727850013348,0.36948030765457307,0.2294754456920174,0.23044444436915051,0.319403098346648,0.9477291931825742,-0.4196284532546998,-0.4263976663928388,1.0830232303589584,0.07802135560054804,-0.290283676981926,1.3481124758720398,1.4094830417633055,1.1811732387542724,0.7000150251388549,-0.2532083342472712,0.1794943934056769,-0.3278090452239725,-0.34337032461169004,-0.629002482042786,0.030411174537069218,-0.3172240800487132,0.2919109202922388,-0.11284833132201828,-0.6450191472669009,-0.5669376512368521,-0.20540325409836246,-0.13274380842844657
Bartlein,Bartlein et al. 2011,,pollen MAT,61.0,27.0,1.098,1.0,0.9331105613708496,-0.6758598006739488,0.5864040821232522,-0.27514510197669906,0.36466596259011214,0.866116960620521,0.6011100776687865,0.3318589012410876,0.48068253539505895,1.259312557019368,0.015798384696245265,-0.6738721898948726,0.22820965466235282,0.25056088005300725,0.25033741295337675,0.45002410113811486,1.2271066474914551,0.8211055946350097,0.8240096628665924,-0.20089010025064152,0.5147742705610562,-0.40401787076013407,-0.3139416948139792,0.04835155906095098,0.48765265956950626,-0.003769459463495232,0.32671277069172344,0.5651588644457508,0.42882888789999973,-0.2749581072065567,0.1993335551685754,0.2826957783434125
Bartlein,Bartlein et al. 2011,,pollen MAT,55.0,-119.0,-0.751,1.0,-0.028971163431803386,-0.3115271999134049,-0.030203576795815975,-0.3507547866735633,-0.07916755808724299,0.5260096593681305,0.5837257424068674,0.4281637405542625,-0.29550696941665994,0.12938637127800037,-0.15307544171810128,-0.9994217952092126,0.19902922934852343,-0.12545415529182125,0.08843007087707519,0.21719183027744293,0.3020091414451599,0.36590436299641926,-0.2711385692159335,-0.5614486287037532,0.06780566471067868,-0.5253623111303012,-0.33123676307083527,-0.3648751784518958,-0.009488335899659384,-0.4282505195263997,0.031683445091725985,-0.09463845781052456,0.14919490761125792,-0.544020340177748,-0.24460038277837967,-0.4328436679310268
Bartlein,Bartlein et al. 2011,,pollen MAT,19.0,13.0,2.1333,1.0,-0.2638251749674479,-1.4981665719280173,-0.5726753302058472,-0.5575447696530345,-0.5748168139987522,0.07373394644394621,-0.7991277237151094,-0.5852124796118016,-0.7112974832807996,-0.10446004877914816,-0.5455105781555176,-1.7401863885751128,-0.6119954705238342,-1.2429719101866616,-1.0629758834838867,-0.8591026306152344,0.30996927897135423,0.21131393432617185,-0.45589515686035154,-0.3301151593526205,-0.009895722432106015,-0.33325098290305166,-1.3554935201379634,-0.9963199307587792,-0.9485242781358483,-0.8938643812866586,-0.029211610614022717,-0.3607309372253511,-1.1060465852479429,-0.8484649764166933,-0.11260280609130853,-0.5251052390204536
Bartlein,Bartlein et al. 2011,,pollen MAT,59.0,31.0,1.67,1.0,0.9415989017486572,-0.772674864474098,0.46505597496411427,-0.21246310018599734,0.3879313707351683,0.7808135346082846,0.5619999395197233,0.1941956618597301,0.532320028631795,1.0324746064679189,0.027573579549789444,-0.632503730228473,0.2647766742855292,0.2005681586370675,0.1500331401824951,0.27970157861709594,1.1493935823440553,0.9181563377380372,0.7349440995852152,-0.28291094303131104,0.5334167117664923,-0.324600394321759,-0.24071749361418265,0.22141180697088786,0.4443379592758195,-0.007177394304284711,0.21700310738697753,0.5478589243091642,0.2632025904135932,-0.26252406173282233,0.27158566051059274,0.3075386863284639
Bartlein,Bartlein et al. 2011,,pollen MAT,51.0,-67.0,4.2095,1.0,0.044300618171691904,-0.5436193999605768,-0.21675335463249182,-0.5329994294044147,-0.15389393389225015,0.2969365411846642,0.15143321769478726,0.17812515280788224,-0.02311158692997839,0.4305076780979456,-0.47050282955169676,-0.5498084221383471,0.3798872353509066,-0.005767906529652045,-0.3850770711898804,0.23133995532989501,0.6422635777791342,0.5512242722511291,0.18737080097198483,-0.500657856464386,0.14023794899322622,-0.4789659965399053,-0.5594144130758312,-0.17701255543496086,-0.09573800593949586,-0.5390829120626879,0.17011976938860496,-0.32534112059164577,-0.2699934946187952,-0.6045937220255535,-0.3552549799283346,-0.24782595713933314
Bartlein,Bartlein et al. 2011,,pollen MAT,23.0,-3.0,-1.4,1.0,-0.20695884704589845,-1.0681984322202571,-0.5791667312705018,-0.4357723724968183,-0.4240270381503631,-0.08665065124780297,-0.043485777894967804,-0.07082218055103791,-0.14098903214120298,-0.06964819657101165,-0.5946009635925293,-1.1326093150074859,-0.5224773168563839,-0.6869422531539906,-0.9002883911132812,-0.6232433319091797,0.6491175842285156,0.40447418212890623,-0.3602600479125977,-0.09760491053263345,-0.19680533369868117,-0.5557877253066889,-0.9605805268638907,-0.6969154431594355,-0.6678129899109662,-0.8489661885378366,0.05898620941804577,-0.5935239233493006,-0.9372884697935617,-0.6653767267862947,-0.28173113928900784,-0.4300288348727756
Bartlein,Bartlein et al. 2011,,pollen MAT,53.0,-9.0,-0.9077,1.0,0.5608124542236329,-0.32069508434510613,0.13841954483592867,-0.09336258721252125,-0.3103817685445149,0.4978913552050792,0.23198816242774592,0.27425555813387703,-0.002221889634180212,0.5634887574689695,-0.03914041519165036,-0.3833010791691872,-0.11343943178653706,0.033974308173203474,-0.20041160583496093,0.48234252929687504,0.8057102966308592,0.8683982086181641,0.28569077491760253,0.15025417009989422,0.3898910725789753,-0.18326903817419,-0.18956972873713868,0.03720338403021184,0.050407277488516575,-0.23417525632492592,0.35425826746359446,0.05034711129228563,-0.21382015411947355,-0.2954832077026367,-0.09804090923733177,0.16743703842163093
Bartlein,Bartlein et al. 2011,,pollen MAT,59.0,-63.0,0.097,1.0,0.35730905532836915,-0.581747290627287,0.19495885406454622,-0.3187828932268735,0.24362987995147703,0.5454489946581572,0.22854282265937562,0.5781909701038033,0.4199058312205056,1.0902874071730924,-0.2564244270324707,-0.6526206432081422,0.932583278417591,0.2101449883842852,-0.11095376014709472,1.4164466381072998,1.7025417709350588,1.2682994842529298,0.9420997858047486,0.03259301185607911,0.10656784678977975,-0.3796920912483787,-0.34978314859419163,-1.1429098032784588,0.0243987685190763,-0.1856794724316524,0.4753651112986644,-0.14730909740881892,-0.3738428765629318,-0.36730547481112963,-0.09794802400800912,0.3638988039228655
Bartlein,Bartlein et al. 2011,,pollen MAT,53.0,9.0,-0.2497,1.0,0.8078971099853516,-0.6625900864991671,0.16487254368929918,-0.2714198182586891,-0.08695504930284371,0.5110505637071018,0.7080717619120827,0.5981743717719366,0.23558435487519527,0.6415356641549799,0.13044662475585939,-0.3360954893430874,0.6715803205966947,0.3244189099574218,-0.010686874389648438,0.35740909576416013,1.0305061531066895,1.2948440170288087,0.3837544059753418,0.21127796173095703,0.619175463776076,0.011970178004906426,-0.09157478419990613,0.08784688502295525,0.15222228561579995,-0.0825730842337452,0.2421030769269571,0.20070273667702282,0.08478151021832929,0.07123728328280982,0.22045830090840662,0.26341430346171074
Bartlein,Bartlein et al. 2011,,pollen MAT,61.0,9.0,4.6705,1.0,0.8967593431472779,-0.3024284727464017,0.5351191760570936,-0.20595678458390052,0.14626617239581227,0.6902377611442964,0.7257119987521904,0.4129212134654352,0.24520853167959994,0.9243269019122318,-0.021356171369552465,-0.39161188773819555,0.15530529777861607,0.3009866717092686,0.20545658916234968,0.7525430381298065,1.1664579820632937,0.8206966876983643,0.46173639059066773,0.10542336106300355,0.546763410429879,-0.22209084085259476,-0.1567238430675214,0.055911793526678334,0.2769255646795845,-0.04252311117987378,0.4376306342079631,0.1979287676746717,0.4077395770613277,-0.22968110773298533,0.006265491247176726,0.27161754369735736
Bartlein,Bartlein et al. 2011,,pollen MAT,47.0,-123.0,-3.726,1.0,-0.2096866989135742,-0.4567526901325176,0.10964044048792168,-0.35228721319972384,-0.08472214804755289,0.5248458005687683,0.40992706721911876,0.3653230211076273,0.08688928790676857,0.14495451216353655,-0.18335597515106208,-0.6964379026098036,0.10590257793664928,-0.08492303675117945,0.25819845199584956,0.302347993850708,0.06792221069335938,0.20072055816650392,-0.28635839462280277,-0.49716512362162274,0.3712094350150631,-0.2373414044304206,-0.1905997009295006,-0.07712426058391346,0.1693821677713806,-0.1499823292785508,0.18676953920244194,0.08919574043527372,0.10442586485333287,-0.28758035235934776,-0.141346004274159,-0.22423989666832825
Bartlein,Bartlein et al. 2011,,pollen MAT,-5.0,29.0,-1.9454,1.0,-0.6995356241861979,-0.6142603779620035,-0.39900986423293633,-0.3605283181550484,-0.43631985982259425,-0.22562699731217123,-0.31322481900495647,-0.27454798936293606,-0.4188767986292813,-0.42266497481385956,-0.4262208938598633,-0.7760677577083454,0.05594599246978829,-0.369904526332743,-0.7421760559082031,-0.5163202285766602,-0.19318072001139325,-0.08634974161783854,-0.8396104176839193,-0.3890419006347656,-0.32131555016458135,-0.4566549761007008,-0.570964498564663,-1.0222101443322829,-0.605396355041973,-0.7002878235386601,-0.508815751739137,-0.46321746031788613,-0.32074045392011874,-0.5158203230963814,-0.186564392513699,-0.3175304942660862
Bartlein,Bartlein et al. 2011,,pollen MAT,67.0,29.0,1.5219,1.0,0.7806796058019003,-0.5304308094307577,0.8201442550271328,-0.4822697024623184,0.054164209763208786,1.0753558618845211,0.42264094608807706,0.3561385073301483,0.5435674394590091,1.7852655864536744,-0.16872150897979737,-0.8402402306291065,-0.15819188122259534,0.183187983003594,0.46678943634033204,0.8178032398223877,1.6568532911936442,0.8545636971791584,0.8614264253775279,-0.12154948711395265,0.30700639550923947,-0.5523962512804271,-0.40999185273439676,-0.4895385921537504,0.4013036164861689,-0.05428048753174772,0.6447483333221391,0.4741793448652738,0.996813630910474,-0.4597543388605126,-0.004443649947643808,0.29834185494316956
Bartlein,Bartlein et al. 2011,,pollen MAT,49.0,25.0,0.2743,1.0,1.162955411275228,-0.8023448340681101,0.29244418910794984,0.12918126057471938,0.8100308895111068,0.5524620755279073,1.0535322330838055,0.7022750364400034,0.3589197133603254,0.7598122778384653,0.16230571269989014,-0.3782959158729205,0.953603854775428,0.22178295808533205,-0.06032443046569824,0.1287534236907959,1.1945690790812176,1.3942413965861005,0.3876191059748332,0.010110855102539062,0.6124922603945613,0.10731894933886277,0.2222064108008357,0.2350288947494098,0.25047963283227176,0.02449651544023385,0.19488326971240452,0.44232798107108806,-0.051822935394497845,0.18925290637546122,0.7078820334540474,0.3393658532036675
Bartlein,Bartlein et al. 2011,,pollen MAT,57.0,37.0,2.2448,1.0,0.7799236488342285,-0.7051038403065277,0.3708304631009063,-0.3542414127422983,0.49911823908488084,0.6469042305368097,0.5598548245439559,0.10355079665177756,0.4343283969556845,0.8708220812614571,0.03922896981239318,-0.6143601130532571,0.3028972027357649,0.1011371642192419,0.08837406635284423,0.08406217396259308,0.9850781440734864,1.271328706741333,0.5780115099747976,-0.3337000757455826,0.505872691774148,-0.28564334364413446,-0.2187152640972758,0.10720553158409246,0.5004469251012414,-0.07359360561471531,0.16591930852218834,0.5654243839087875,-0.06125467315962803,-0.30124870141347265,0.3838697353998817,0.22339689572652183
Bartlein,Bartlein et al. 2011,,pollen MAT,49.0,23.0,-0.1603,1.0,1.1364112726847333,-0.7992644663217896,0.2795863827492227,0.1576863055072903,0.8649915885925306,0.5313285935827452,1.0160874118947467,0.6933835964750625,0.3606188487195009,0.7571535075896639,0.15104427337646487,-0.35275998073117,0.964428539574147,0.2587012630851496,-0.048178100585937494,0.15563039779663085,1.2408104832967124,1.4884110641479498,0.34926287651062005,0.037566939989725746,0.5979569624374523,0.09279113971146143,0.15300618585394485,0.13433143425862032,0.2213878494457644,-0.007721786139320875,0.19073653226657789,0.4162207503855333,-0.015476105822720083,0.20966708925035266,0.7899009492662215,0.3871908092498779
Bartlein,Bartlein et al. 2011,,pollen MAT,55.0,31.0,0.1968,1.0,1.0667336463928223,-0.7740163035968042,0.36172454516623453,-0.13132260222546696,0.5935729715559218,0.6496704351753129,0.871355628228687,0.3011520308662194,0.8488898628287862,0.869559298319412,0.14166643619537359,-0.5080250403384261,0.5797848515212526,0.11776478971944293,0.03563888072967529,0.14762074947357176,1.1796047528584799,1.2407746315002441,0.5791002750396729,-0.19905952612559003,0.6184037809537289,-0.0761716688718038,-0.07021161566994595,0.07504137123275072,0.3936751919419491,-0.0206432315593481,0.18229672295430713,0.5135329949175773,-0.10520834494045311,-0.1141451623704699,0.5002975569830999,0.3833544254302978
Bartlein,Bartlein et al. 2011,,pollen MAT,67.0,-157.0,0.0782,1.0,-0.6420553843180339,-1.5353921639343382,0.5695030064553926,-0.21208241449335513,-0.5728960975011186,0.5480145466281306,0.05520949308644938,0.8770462873860383,-0.15122752927554572,0.1708052000011073,-0.49607133865356445,-1.2215564572136013,-0.26403991762931084,0.02132416287945388,0.1473689079284668,0.022486114501953126,0.2258509953816732,-0.008583831787109383,-0.40937462806701663,-0.32963411013285326,0.042816899639670336,-0.48284930525871406,-0.6584996370789509,-0.15985787793049674,-0.6428302247280819,-0.7703021096985336,-0.0608796107737181,-0.24246634131515235,0.3276370635785658,-0.8399791214201195,-0.36402951876322387,0.3309471310509575
Bartlein,Bartlein et al. 2011,,pollen MAT,51.0,1.0,0.5327,1.0,0.5997736994425455,-0.5529448250579847,0.08804508228761865,-0.20091207925864712,0.07679913202921568,0.4954511102962834,0.4173274442580044,0.5379663239446026,0.14185517554743712,0.6114879303496997,0.04197273254394531,-0.38573558888522574,0.3896859645843479,0.2682435758881342,,,0.9967175674438477,1.1599634806315104,0.3320302772521973,0.15340781211853027,0.5215440618847386,-0.09370700983949844,-0.16146584723117072,-0.27230919064011305,0.08069605651998021,-0.15450848514848653,0.2820621496467019,0.08967285886662187,-0.10868366780631164,-0.0666221141815185,0.13260876337687205,0.24847374598185215
Bartlein,Bartlein et al. 2011,,pollen MAT,37.0,-109.0,0.55,1.0,-0.3006835683186849,-0.4869688551355663,0.17122488011743342,-0.2623771006049791,-0.3561608590020081,0.209554964332061,0.22735948944699283,-0.05565520532012769,-0.5699599033323896,-0.30450394498282596,-0.4943564414978025,-0.5980218809455339,0.18334165476262573,-0.10626591969981712,-0.14461684226989746,-0.28929953575134276,0.2775400861104329,0.01161205927530924,-0.35501919587453207,-0.6101531585057577,0.266191271503369,-0.3840836423539608,-0.7485979336071881,-0.7139732805553918,-0.17025511755553002,-0.21886058085544824,0.4889121359352918,0.007582726744867993,-0.32559341834326194,-0.5316028383043078,-0.14866605864630816,-0.44353813595241975
Bartlein,Bartlein et al. 2011,,pollen MAT,61.0,69.0,2.6,1.0,-0.11044485390186311,-0.0002852164394785122,0.15108137380447295,-0.7120967264451851,-0.47736127853393545,0.6602810745756517,-0.06304037838919734,0.057258721846418545,-0.1453794218123353,0.4228078753845179,-0.5381452083587647,-0.6963250173471074,-0.1925142044568722,0.4245325062379848,0.13957819938659669,-0.19858779907226565,0.4459339046478272,0.586316740512848,0.16170902013778685,-0.5354746977488201,0.08518032564399919,-0.5454378462795619,-0.582759864081209,-0.486847047928889,0.1208312573269843,-0.2515628219187905,0.06408276799670891,-0.020987385869793117,-0.31933106528399835,-1.164589603741964,-0.3011095073488026,-0.5150253195232816
Bartlein,Bartlein et al. 2011,,pollen MAT,43.0,3.0,1.1547,1.0,0.38127243041992187,-0.8294399264444968,0.04395725867741683,0.03876742168212607,0.5981205929650196,0.4486755053157294,0.5920477060384319,0.6552266022662576,0.06638905048621396,0.3469231147667638,-0.01488165855407715,-0.31981657342823966,0.4598664164543159,0.26725195983353744,-0.2206703186035156,0.033216857910156244,0.6165053939819336,1.028174934387207,0.23706644058227544,-0.05783549944559733,0.3076116912313032,-0.2498961355553488,-0.22557592844090188,0.17435318658251606,0.0978770116562826,-0.30684970806081,0.3215869413789012,0.05609931360807288,-0.22316017438641778,-0.023883008956909015,0.07305757734510737,0.02797008620368107
Bartlein,Bartlein et al. 2011,,pollen MAT,39.0,119.0,3.2333,1.0,-0.5616401926676432,-0.46792542444582624,-0.14129710009072866,-0.8445001712978762,-0.3932301394144687,0.09357819463229555,-0.278113599924831,0.039783151198594664,-0.4770090520617092,-0.10278380174116124,-0.8685535430908203,-0.8046279663161235,-0.43665181398391695,-0.3360076648004235,-0.3683796882629395,-0.30935697555541997,-0.4918594741821289,0.3301043065388997,-0.020056816736857094,-0.6396856307983398,-0.11734598898977523,-0.6060442811147799,-1.05683145647462,-0.31376331780655375,-0.5263004074571693,-1.0795856735558953,-0.3458535304147774,-0.4876257819631041,-1.2037627544876868,-0.9129198551177978,-0.38769556681315104,-0.6607663949330649
Bartlein,Bartlein et al. 2011,,pollen MAT,59.0,-5.0,-0.3097,1.0,0.8067698160807293,-0.4292318541695474,0.2922120218628342,-0.13952911799516465,0.057906431621975424,0.647988649368797,0.2693880417714648,0.27747739214722605,0.1460728932423473,0.7700448475596573,-0.10586953163146973,-0.39849605550446365,-0.1545027486979984,-0.018587916365038648,-0.09261393547058105,0.8031919002532959,1.210911560058594,0.9931192398071289,0.4982920646667481,0.16653839747111004,0.33551765265038,-0.22843880656610055,-0.1321882127170738,-0.12645679004009988,0.13248379325985937,-0.17305375622288852,0.38762380181721445,-0.015069620008534033,0.0537822253664197,-0.2718086507585314,-0.12837293412950254,0.15501755343543158
Bartlein,Bartlein et al. 2011,,pollen MAT,39.0,-111.0,0.095,1.0,-0.3161920166015625,-0.33566787983266266,0.19319096642995903,-0.3376240819624453,-0.5480040613810211,0.2813741896178756,0.4726885393458595,0.08602923798971865,-0.1813234792017798,-0.15083770647241004,-0.4582024812698373,-0.5859859121333819,0.2664108961820619,-0.19708161079966405,-0.07535662651062013,-0.1751929521560669,0.2940033340454102,0.17850345611572266,-0.3142508459091186,-0.7922807931900024,0.3924415400396762,-0.23899971749621446,-0.648109531340823,-0.6902051727245194,0.006046305045991209,-0.14152642262488227,0.612403023356475,0.18824154964913303,-0.174116571780203,-0.5735835154851278,-0.2666530291239421,-0.6369013468424485
Bartlein,Bartlein et al. 2011,,pollen MAT,43.0,23.0,1.8638,1.0,0.7418890126546224,-0.9246273349167089,0.2995198866126807,0.28973065245467916,0.6775055101182721,0.5004549833699768,0.7575798303902535,0.793697950571191,0.09587881565603343,0.6656578086325956,0.05640053749084473,-0.32956845906150806,0.8347572058439261,0.2925037253721238,-0.1802289009094238,-0.07238998413085937,0.9668393707275391,1.3923064676920573,0.3713841311136882,0.031382242838541664,0.4877468959330806,-0.03766228555260794,0.1337711085528461,0.40883843015887184,0.13689833207207647,-0.21334368426549172,0.30300046018132387,0.34759510674363464,-0.2759200310139297,0.1758174525366891,0.5083540969424782,0.2920993296305338
Bartlein,Bartlein et al. 2011,,pollen MAT,55.0,-113.0,-1.285,1.0,0.10939691861470541,-0.45577929966187386,-0.06806298188478084,-0.47993235687823754,-0.06900582578447127,0.6095890657467127,0.7219808820725334,0.40202670812698765,-0.24659792347675968,0.10924464799028277,-0.2385783426463604,-1.127926752387233,0.13184522092342396,-0.18224897568289733,-0.03775862455368042,0.024592304229736323,0.22147891720136006,0.39389073848724365,-0.19232865000764526,-0.6555048227310181,-0.06571077908156692,-0.6312349307180307,-0.4921563848782341,-0.8137254168490784,0.04144947211472015,-0.5015764098513366,0.11051451128454781,-0.07205192262648324,0.24461485679989572,-0.6572743905915155,-0.2477494663662381,-0.5224199694063927
Bartlein,Bartlein et al. 2011,,pollen MAT,49.0,91.0,4.8,1.0,-0.030474920272827152,-0.13211128475104775,0.04685666195982025,-0.2766386350937843,-0.2712367460462761,0.20635386834443112,0.2337962771510973,0.23692135914638104,-0.20668811291226774,0.029810852201671675,-0.336881160736084,-0.511335261327423,0.010135401040314743,-0.1181422300870494,-0.10340718030929566,0.003751540184020994,-0.048806686401367205,0.4460228474934895,-0.11252948602040609,-0.3343997746706009,0.19542785480999827,0.06780330460964731,-0.5155492419241322,-0.6844791005565716,-0.02174372567692389,-0.128404424108597,-0.016793595547545323,-0.2947249530969714,-0.3381196219887883,-0.5986770669619239,-0.19057924416330108,-0.36820115937127
Bartlein,Bartlein et al. 2011,,pollen MAT,51.0,-115.0,-1.28,1.0,-0.15045781135559083,-0.24256169951205844,0.01675351922069054,-0.35150556020900636,0.11484796603520793,0.5018484404986356,0.7101397360444919,0.5005128919067358,-0.3063879195804763,0.22419125775588505,-0.080710394307971,-0.9331186520180301,0.29203820955008153,-0.05666935316549744,0.28745007514953613,0.17400705814361572,0.34117865562438965,0.44084873199462893,-0.23083163450161617,-0.6602820307016373,0.19297532394297245,-0.26930128945731935,-0.2234990199607024,-0.42046173562566,0.26445494903330435,-0.1660705785729485,0.09454052696432137,0.04510793918193164,0.13451499974588815,-0.44241106510162337,-0.13087218999862618,-0.25391916433970124
Bartlein,Bartlein et al. 2011,,pollen MAT,69.0,27.0,0.0603,1.0,0.7586573290824892,-0.5127425050382122,1.0191571806852588,-0.5219986679808322,0.04559421380360931,1.0812729304525308,0.4814764590886397,0.37205549233002577,0.8502719923033079,1.8820099566277353,-0.275624680519104,-0.9295964007829252,-0.34125189557943125,0.17986187568938033,0.506641149520874,0.9589856624603271,1.8079779434204104,0.9419826555252075,0.8102664160728456,-0.08807706832885742,0.29497187689165194,-0.5523251056524774,-0.32996991473600334,-0.29159321694260276,0.4365703495064303,-0.0009837850330118476,0.7926993217665559,0.4108640454026888,1.2910986381998055,-0.47769967764616006,-0.06795725027720124,0.38397915522257503
Bartlein,Bartlein et al. 2011,,pollen MAT,63.0,23.0,1.0048,1.0,1.0479940223693849,-0.7264292278508238,0.7295672513840304,-0.34457406411260866,0.2917563557624813,0.9847645977251402,0.5735981542982914,0.39208854013173094,0.4498777525483038,1.3991753408453427,-0.024053591489791595,-0.7260020557532482,0.1465492701044011,0.23028128030711853,0.31733205914497375,0.6457272350788117,1.3471912829081218,0.8187464110056559,0.8889212914307912,-0.11988469585776329,0.5391940336373872,-0.4091533910754781,-0.3914643417766937,-0.04067674259994367,0.48227495190734027,-0.0119552590289605,0.44519174770502,0.500462400054982,0.6233487256104833,-0.3149115324020393,0.1039066195487968,0.25191835731267925
Bartlein,Bartlein et al. 2011,,pollen MAT,49.0,3.0,0.859,1.0,0.6607277297973633,-0.6152109530577532,0.031887363561956705,0.04329810144196319,0.15957553757561485,0.47360127528681,0.602297540363005,0.6246370560243697,0.19752822240306978,0.49349159927768116,0.10816140174865722,-0.3651843117052899,0.7330795109271993,0.37182001667912734,-0.17592344284057618,0.24227733612060548,0.9135467529296875,1.399010810852051,0.25376078605651853,0.17300891876220703,0.4781162023577913,-0.11402103192982856,-0.19964757493165713,-0.21562267081629852,0.05232783649414575,-0.17144932923000178,0.2520611756220195,0.08737224789080522,-0.10776035513414564,-0.007986768086751339,0.2098369386461052,0.33762182871500646
Bartlein,Bartlein et al. 2011,,pollen MAT,55.0,49.0,0.1293,1.0,0.2986756324768066,-0.7165664774301819,0.20186930513383056,-0.47314194418061106,0.4243696636623805,0.4834272972587218,0.40277364386572306,0.07963896600111173,0.3308686570650141,0.5845063350405276,-0.1798959791660309,-0.6040858698628513,-0.05932954652234919,0.0366778380852707,-0.03694652318954468,-0.1388465642929077,0.7271190802256267,1.045043118794759,0.17729384899139405,-0.4941561222076416,0.34191092865905365,-0.33703558776192055,-0.3071579117824302,-0.20530562488071274,0.47369557013433555,-0.0778349212299722,0.012031495976897084,0.6023693189422048,-0.05144815746672501,-0.5808948940700955,0.2972667985492283,0.053006389405992504
Bartlein,Bartlein et al. 2011,,pollen MAT,41.0,-89.0,-0.153,1.0,0.13388360341389974,0.7131104272043758,-0.3678875930083243,-0.5076237432633761,-0.6224416531456843,0.5229217902509389,0.212101013145397,0.18547569979011247,-0.2077668654479631,-0.12729459923686967,-0.598156452178955,-0.8072458483535547,-0.013515606522561785,-0.23411118846133938,-0.4441690444946289,-0.4554025650024414,0.8225130462646484,1.124447161356608,0.13999494234720863,-0.7613581021626791,-0.10293764163387085,-0.4969911933993864,-1.2121379557276795,-0.3993449691317686,0.12670929403416603,-0.20929499594639941,0.250356228404231,-0.21438421899783797,-1.718936123866234,-0.488692665100098,-0.39884652561611605,-0.2403793674045136
Bartlein,Bartlein et al. 2011,,pollen MAT,-19.0,47.0,4.6333,1.0,-0.4251825968424479,-0.32494360051562005,-0.2308272291425083,-0.2744546635363505,-0.5275596788194444,0.08800265718759652,-0.21072561293556583,-0.16238720299079462,0.04187785393926066,-0.15952122739894908,-0.3482731819152832,-0.653232261701674,0.18189390301704375,-0.2130845912098352,-0.43471298217773435,-0.09127330780029297,0.09275899251302083,0.5600931803385417,-0.21750816980997723,-0.21103286743164062,-0.18143819121361499,-0.3887128226856315,-0.31071846004394743,-0.36508902837449075,-0.34590339133194103,-0.23315680546862874,-0.21515953312089614,-0.3837707228264696,-0.2585084993162264,-0.2829961670769584,-0.3552365197075738,-0.11437866846720382
Bartlein,Bartlein et al. 2011,,pollen MAT,59.0,85.0,-2.1,1.0,-0.15396114985148115,0.05453107147297021,0.2026017133143795,-0.5927456214885809,-0.16181885401407897,0.6336925047834311,0.22331939924510474,0.2875833401782296,-0.21804672243939233,0.34204895541525815,-0.5078411102294922,-0.5584386531640014,0.0605403959751139,0.36582666520882634,0.04275071620941162,0.09237420558929443,0.7083611806233724,0.6599954843521119,0.2479100743929545,-0.6048971017201741,0.12486714666171964,-0.297625979547204,-0.680453246140272,0.03504774348523308,0.2878453738664192,-0.27096125387742476,0.14179409673933535,-0.23088198100850207,-0.46172223397939616,-0.9976493898365235,-0.13606820007165293,-0.5082825978597006
Bartlein,Bartlein et al. 2011,,pollen MAT,65.0,65.0,2.8177,1.0,-0.02088356018066406,0.0263626491413793,0.38860846422370926,-0.7361594762056543,-0.5162586106194391,0.8718330440272735,-0.1694789600511711,0.07935862864174023,0.2569541901842948,0.7032719225827291,-0.47701549530029297,-0.7167621006785032,-0.2734995174595328,0.5469450289444019,0.347200870513916,-0.13480520248413086,0.9223901430765789,0.8091076215108235,0.19758697350819907,-0.3109649022420248,0.12330473874039169,-0.5721823076890824,-0.44576667388758356,-0.31120986513139715,0.21636513575025912,-0.08995548715685754,0.34548015438124724,0.1149395133898725,-0.08040934968617942,-1.1668966743681168,-0.3898058467441139,-0.17231359746721078
Bartlein,Bartlein et al. 2011,,pollen MAT,65.0,-37.0,-4.0,1.0,2.3448487917582197,-0.47309506774741006,1.3212851952496951,0.38892992117018077,1.7811259124014096,1.83171295715118,0.6350341110338565,0.16735983795263035,1.3296237387711802,2.565083997304058,0.470734977722168,-0.7837353986106833,0.31709501383617533,0.2229119359919326,0.1010773003101349,1.6717119455337524,3.740779415766398,2.914732313156128,2.237891737620036,1.0393727521101632,0.37262796022872025,-0.2466853614197048,0.008610062555077728,0.48486736002818076,0.49227505017518414,0.18311952467886983,0.9104984280213908,0.2996031719131529,-0.039145867952676924,0.5962324261665379,1.237969009081526,0.921716732449002
Bartlein,Bartlein et al. 2011,,pollen MAT,53.0,11.0,1.4447,1.0,0.8768497721354167,-0.7027969716784169,0.18617984963656176,-0.16662199305761916,-0.021782179938422436,0.5091926316020021,0.7231704606198821,0.6241165427390729,0.2556741495765003,0.6613945697573083,0.16981220245361325,-0.3180836068521827,0.7403998538851736,0.3744364480259782,-0.014745712280273438,0.33544101715087893,1.0790294392903645,1.3161248524983724,0.3936428658167521,0.20502289136250812,0.6274616012460394,0.037007309787887833,-0.10062371094542642,0.10656756999882736,0.16151452667326974,-0.07492025503503326,0.24559861177761025,0.2144994808990774,0.11756797682325304,0.09896194140116375,0.2610014862484403,0.2988759411705866
Bartlein,Bartlein et al. 2011,,pollen MAT,55.0,17.0,0.7087,1.0,0.8001116434733073,-0.5844084108367917,0.3597034267364767,-0.2274391636092623,0.24254510667588985,0.6244538937571276,0.7655775069200909,0.5748139180687817,0.33716675966112064,0.8649801536131281,0.20618326663970948,-0.36852439791833846,0.6874733678996542,0.36326868491891234,0.14228067398071287,0.6458328247070312,1.143620745340983,0.9528907775878906,0.5086888154347737,0.0888756513595581,0.6803029191079082,-0.03538744721695135,-0.11806726168902205,0.19017581069985504,0.36569606067825716,0.038899470243739104,0.31370492437040104,0.3638696832576632,0.3072807593965693,0.034838528103298544,0.2671391752031113,0.26095998817020005
Bartlein,Bartlein et al. 2011,,pollen MAT,47.0,25.0,-0.4808,1.0,1.0312888463338217,-0.8470294436939498,0.32154925295184494,0.1894899739161623,0.7467088593377016,0.5475978778906867,1.001378323122157,0.7543033992993087,0.37159177319353015,0.7410948824690284,0.10561990737915039,-0.3598378903556935,0.9890817552804947,0.23560762155449133,-0.08479833602905273,0.11379814147949219,1.0570240338643393,1.4019018173217774,0.33845884799957277,-0.018819570541381836,0.5966956128355245,0.04905807797065983,0.23993061371509278,0.36576401513231616,0.15376933782083513,-0.05269428857710329,0.20552804930933363,0.43964026355168095,-0.15249606816900815,0.1817885769738092,0.6056164105733249,0.3102729426489935
Bartlein,Bartlein et al. 2011,,pollen MAT,61.0,79.0,-1.9833,1.0,-0.158416162331899,0.09844032169865218,0.22957366355315928,-0.6850741348752537,-0.4156115990214873,0.745402697138782,-0.0035645796081406234,0.1760792581956503,-0.13153799828935175,0.39476296345089895,-0.5205255508422852,-0.6053371597110858,-0.01910822284587984,0.4630443450499173,0.11193795204162597,-0.08788022994995118,0.7032025941212972,0.731006228129069,0.1647029376029968,-0.579650362332662,0.07763789716815041,-0.4760253932639309,-0.5909666861441459,-0.7621979667805938,0.2035532551752509,-0.19782234125362796,0.12582865117595118,-0.13300642023216247,-0.4476770661901295,-1.1669058362642928,-0.3435711771249783,-0.46880205525292284
Bartlein,Bartlein et al. 2011,,pollen MAT,51.0,11.0,1.3897,1.0,0.8573628616333008,-0.7774502472609344,0.12386511955427229,0.015991251475394687,0.07108137766520217,0.48039976448446636,0.6799898192631991,0.6673288578881502,0.29313284761337244,0.6035907737680815,0.15828220844268798,-0.3218649602801526,0.883819939196109,0.40422190792339674,-0.07346367835998535,0.2932694435119629,0.9899090830485026,1.4819306310017903,0.34216174125671384,0.21685290336608887,0.5573561575725714,-0.03317951917860692,-0.12642230192556164,0.07839914997016223,0.17341910401797636,-0.10436388864846996,0.2375265711747978,0.21619550896153522,0.03249037465596261,0.10426896413167314,0.38723799387613966,0.2625774415334067
Bartlein,Bartlein et al. 2011,,pollen MAT,55.0,81.0,-0.7833,1.0,-0.27801597118377686,-0.2241024525710857,0.03941519727505922,-0.5639996077465083,-0.2120115240414937,0.4030728457918245,0.21916723090290258,0.26301148391564455,-0.27875083560211544,0.06159450865383368,-0.5724038779735565,-0.6220605028936257,-0.23257699236273668,0.08636426217024551,-0.02387125790119171,0.005144977569580079,0.5621278047561645,0.7294869303703309,0.20245445296168327,-0.5022548536459606,0.2758981884606593,0.01474689320865459,-0.7945037724732904,-0.6218434482638553,0.1924988737768697,-0.41051168386914744,-0.05294889264059252,-0.22245818842601872,-0.5820983443601246,-0.9622802926434412,-0.14514110353257906,-0.5319766574435765
Bartlein,Bartlein et al. 2011,,pollen MAT,39.0,23.0,-4.1292,1.0,0.516130485534668,-0.741247609555674,0.2034680992856882,-0.03946522310839222,0.41858201344808,0.49264022823746745,0.5215522659478096,0.6732485724985662,0.09686418370987715,0.47763386076982683,-0.03852987289428711,-0.33615358107029225,0.38808096945286186,0.24945171775904468,-0.10841102600097656,0.0020591735839843653,0.6491009140014649,0.8305838521321615,0.3428477891286214,-0.028274059295654297,0.4431129470853797,-0.15172097315656136,0.04601928893711956,0.22957563286568275,0.19016005584393164,-0.2794004325531476,0.3477683755385478,0.2328503713142428,-0.2446805254782421,0.09850467046101896,0.27060448328653997,0.14098981539408365
Bartlein,Bartlein et al. 2011,,pollen MAT,53.0,19.0,-0.1878,1.0,1.1079197820027669,-0.5641242095698885,0.29124501837129346,-0.05798626704129669,0.5795813486311175,0.5513475978040479,0.9106712437536946,0.6511857859778006,0.3620017601015262,0.7447308018109301,0.22506265640258788,-0.37346478407993877,0.8623021960258482,0.3231397113552893,0.05227131843566894,0.3262034893035889,1.1974690373738608,1.3449495315551756,0.4574018160502116,0.09845729668935141,0.6595844042014756,0.09867897760739103,-0.04680349408725151,0.14956090793987575,0.2816897582536719,0.006500165118430979,0.241859537139141,0.34225010998095345,0.16847682365679287,0.13519097963968918,0.4623202164967855,0.2826891634199353
Bartlein,Bartlein et al. 2011,,pollen MAT,69.0,21.0,1.4698,1.0,0.7985624289512635,-0.44636789451147174,1.2064484487455789,-0.3528446219424749,0.08388015826543174,1.0074059577771348,0.6610896750604889,0.34006884011671573,0.7990452337954146,1.806045425243456,-0.23974041938781737,-1.1032801777867842,-0.3270029549760675,0.12874449677846925,0.5199865341186524,1.134775161743164,1.6705187129974368,0.9488687705993654,0.7523078799247742,0.020954251289367676,0.3495239650154284,-0.3830699298961066,-0.3196551725027547,-0.21422750021546677,0.4123269294813812,-0.007020086235721009,0.7377763162786095,0.3277779643193719,1.1849959299988522,-0.4383425558606783,-0.07765544454256684,0.4013907480239869
Bartlein,Bartlein et al. 2011,,pollen MAT,43.0,27.0,0.2525,1.0,0.7201724243164063,-1.0016725253151404,0.292342012809672,0.06752352814886944,0.5864147652520069,0.5190643704337493,0.6965695564719565,0.6540335704370747,0.21974109717784635,0.6321939731796073,0.04934415817260742,-0.3267960222304949,0.715595394372941,0.21820688103582936,-0.13447008132934568,-0.004632377624511713,0.948282585144043,1.252748146057129,0.32299757957458497,0.005246877670288086,0.5174060000484004,0.05150377673661096,0.25891626464933737,0.3108031612847077,0.08355629636720405,-0.14426951510638825,0.4193678314222863,0.4222504297892253,-0.1864636561184237,0.14294366306728795,0.4949357085757789,0.157675142288208
Bartlein,Bartlein et al. 2011,,pollen MAT,37.0,29.0,-1.8617,1.0,0.41944580078125004,-0.6779841601422695,0.19016874665552838,0.10886895222370055,0.17956574016147228,0.5101168575628401,0.38619660457650307,0.5215835215858357,-0.12796184409112737,0.3814520392485436,-0.08860630989074707,-0.32265646407735005,0.40184686183929463,0.16822987148773905,-0.21239261627197267,-0.13324851989746095,0.6496085103352864,0.6906340789794922,0.23092464447021485,0.13261818885803225,0.40209066005623023,-0.17821298022237125,0.009491219915220369,-0.029243571897410656,0.03938126468179884,-0.20179128086139136,0.5016206756928676,0.4217535961600012,-0.3890003157182483,-0.023986821704440518,0.4006738503774008,0.16522040685017908
Bartlein,Bartlein et al. 2011,,pollen MAT,-3.0,31.0,-2.5292,1.0,-0.7116954040527343,-0.8081120563144744,-0.3864282177259747,-0.5210738262596865,0.027118968963617957,-0.1758696927803952,-0.40499356494348204,-0.4022497196607996,-0.6526447085662846,-0.38912884917305623,-0.5093643188476561,-0.7544393702564983,0.019568818807602136,-0.48953525690738525,-0.7724990844726562,-0.5955263137817384,-0.18164098103841148,-0.0107366434733073,-0.7115556399027506,-0.42180871963500977,-0.3072004315827249,-0.45798136424282143,-0.5226168439781661,-0.6934777822755193,-0.5916186638423987,-0.7297268871845932,-0.40436107028327073,-0.383891771493198,-0.29600640066123934,-0.6748404502868658,-0.2220869382222498,-0.4245564651489258
Bartlein,Bartlein et al. 2011,,pollen MAT,43.0,-91.0,-2.85,1.0,0.10544249216715494,0.693395411245963,-0.3327999090844229,-0.47825426657227355,-0.550735351774428,0.5442440515245546,0.3710504979706944,0.20385379323451333,-0.07794378495674718,-0.15511395815773163,-0.6140518903732299,-0.8499645735961552,0.006889979541301483,-0.25153141338188456,-0.411470890045166,-0.4118338108062744,0.43104913075764967,0.7709914398193359,0.034740184148152664,-0.8070966402689617,-0.1385492008267613,-0.5368282439170269,-1.1385435215634931,-0.5962191735852052,0.2625560270097414,-0.21048427473674075,0.25552179243450035,-0.1864572056354999,-1.2858041065303543,-0.597136073642307,-0.40137607256571306,-0.5059961456722684
Bartlein,Bartlein et al. 2011,,pollen MAT,39.0,-79.0,-0.969,1.0,-0.15522220611572266,0.1428752490422244,-0.42827710660964646,-0.30605738785438014,-0.1554012139638277,0.3422969909524934,0.06829796757330739,0.2915973953233423,-0.18713416532367014,-0.1944407514572074,-0.43561353683471676,-0.6550486897561043,0.3425714209675781,-0.3067473577961146,-0.35285062789916993,-0.41231164932250974,0.555339838663737,0.9411487197875977,0.11616512934366863,-0.5211176872253418,0.05888440276225052,-0.46538843588890233,-0.8972889442148406,-0.1222911378807554,-0.04630236706138628,-0.3126095648534447,0.08463552181034384,-0.21368724180189214,-1.8395498351390973,-0.290014966328939,-0.22595793406168638,-0.14612932205200177
Bartlein,Bartlein et al. 2011,,pollen MAT,51.0,29.0,-0.878,1.0,1.1928813552856445,-0.7864981773549388,0.29399134556627304,-0.014856259210194851,0.5466910711924238,0.5888951614128393,1.0099668295585285,0.601922037055305,0.4602865516357536,0.8449598618919747,0.1646562099456787,-0.47008080339394076,0.7352782741188993,0.12935729593328432,-0.031105995178222656,0.10014967918395996,1.2563616053263347,1.258029047648112,0.5931030019124348,-0.12241983413696289,0.637939875320779,0.21745736005519364,0.06405736268509012,0.30664919973182664,0.22578828484092311,0.13281058694237324,0.2534549036734379,0.49000931105022016,0.04947134387885273,0.08642293612162293,0.6722937345504756,0.3219147237141927
Bartlein,Bartlein et al. 2011,,pollen MAT,61.0,5.0,2.904,1.0,0.9149525960286458,-0.43475932700482484,0.5370721355905776,-0.16958157019582806,0.17189566029442682,0.700210061197477,0.5715916577067462,0.33362157501935397,0.2647679894445623,0.926213995325491,-0.04790028929710385,-0.34859561983870135,-0.0960935935559227,0.1323073634991956,0.12887516617774963,0.9061195850372314,1.3277925491333007,0.9618813832600912,0.5816157301266988,0.09325035413106283,0.5230957845449763,-0.14898781954868165,-0.11772554803698321,0.016476876025198223,0.2666070556248449,-0.05303053835266523,0.4096638768197959,0.16438714725241693,0.40316576939494897,-0.16381560431586414,0.010491371154784955,0.2269098467297025
Bartlein,Bartlein et al. 2011,,pollen MAT,71.0,29.0,0.2828,1.0,0.8765653260548909,-0.6447565915492849,1.234644488232481,-0.5323600638861712,0.0502052613099423,1.5233631303529764,0.6628278161154784,0.45359690028099764,1.2850442273425058,3.5316295028877835,-0.2925400972366333,-1.0354364925706643,-0.6668203483700947,0.2824907210391536,0.44861888885498047,1.7610404491424563,2.624827969868978,1.2561587905883789,0.7544407230615615,-0.14928662590682507,0.28360202015288277,-0.3489400489152871,-0.11986657646652323,-0.5146112696188546,0.4450817884707154,0.04547877863500809,1.2766596995808792,0.3911271269414123,2.1046483340756907,-0.3048674196004869,-0.11746118461920152,0.4532160356309677
Bartlein,Bartlein et al. 2011,,pollen MAT,41.0,-107.0,-1.027,1.0,-0.23099093119303382,-0.2355848325617388,0.18903837116044553,-0.10531766905847569,-0.3982055192523532,0.3441518276972979,0.3453746648730879,0.14268422051982652,-0.23063067325514952,0.02590916438562407,-0.28974479436874373,-0.5626245875779055,0.2955140251666307,-0.0801638437442145,-0.06963434219360351,-0.10181273221969604,0.5335317357381184,0.34053310394287106,-0.23814747571945188,-0.7497799396514893,0.35567921336604735,-0.1657935870137345,-0.6484080483692128,-0.5070347567657767,0.20076587306539928,-0.0060971850104459685,0.4204148237779488,0.13747890475477229,-0.08865826195461728,-0.4617135180367358,-0.20578630765279163,-0.33721482780244627
Bartlein,Bartlein et al. 2011,,pollen MAT,49.0,1.0,0.338,1.0,0.5875890477498373,-0.5908689073978707,0.037087052127734436,0.04984053909256732,0.1630689038170704,0.4845763524342207,0.5417256060206339,0.5966809338394408,0.1287192123390271,0.49183686922056224,0.081203031539917,-0.3665911968892977,0.652296486496925,0.34427571629708803,,,0.9373012161254884,1.2510753885904948,0.22913807233174643,0.1647924582163493,0.4832959020662807,-0.09943787643144933,-0.2127494744136857,-0.3594841935943766,0.03600526170211506,-0.1587353757812388,0.25600948189290507,0.07080313428763804,-0.13687552814651482,-0.047440412309434764,0.13931628863016798,0.30103751924302846
Bartlein,Bartlein et al. 2011,,pollen MAT,51.0,-3.0,1.5165,1.0,0.5803861618041992,-0.5445196097391642,0.06605031875581555,-0.10007097702975695,-0.1787958558400463,0.5017245294384629,0.3535026900694754,0.4304598534492967,0.07113922762387712,0.544281444247551,0.03886351585388184,-0.3736736199774815,0.3132309943437569,0.19886491006199344,-0.14834079742431638,0.4632398605346679,0.8740423202514649,1.041762351989746,0.2733535861968994,0.14176702499389648,0.5076997899118063,-0.0820407448142805,-0.2197386140955196,-0.45568404016865954,0.03301670118924796,-0.21394719824552383,0.3028356733655603,0.07580800929561998,-0.2312860595271287,-0.12293774286905923,0.03873432477315268,0.197073268890381
Bartlein,Bartlein et al. 2011,,pollen MAT,53.0,-117.0,-1.93,1.0,-0.16429465293884277,-0.2133297736455661,-0.004316775583644138,-0.46566654393870655,-0.10186383054488253,0.516255951023505,0.654012564723631,0.499617158723983,-0.46956181802468727,0.13767090071110527,-0.09130976051092121,-0.9578623011678601,0.30328479120507834,-0.09637126858934983,0.2683812201023102,0.1943615198135376,0.3179723596572876,0.40014548301696773,-0.29837225228548053,-0.5995040833950043,0.14875458758711618,-0.3810225439063046,-0.2934546636552747,-0.35157762423442585,0.11695616031931771,-0.24069130129587485,0.023554631617333042,-0.008265395029664606,0.17124661554616954,-0.50500557952457,-0.21819423569573296,-0.35630972729788934
Bartlein,Bartlein et al. 2011,,pollen MAT,49.0,17.0,-1.8744,1.0,0.9757655970255534,-0.7641829644247764,0.20011286662748284,0.10027591401578807,0.19661657863193271,0.46266076763112957,0.8099347217225387,0.7048932553970173,0.2600719056844236,0.6933018028607846,0.14718122482299806,-0.3027506019266135,1.0031618729233749,0.3401328673808532,-0.10641198158264159,0.17775254249572753,1.2228923734029133,1.7786077753702798,0.2769091113408407,0.10034112135569255,0.5359506303290629,-0.034328499542898946,0.021381176508690387,0.09906589172350046,0.1459793088838684,-0.1439664178438373,0.20847215494929833,0.25285569582421874,-0.04343639889610747,0.17925933202107752,0.4920216931237117,0.31870408693949376
Bartlein,Bartlein et al. 2011,,pollen MAT,51.0,35.0,1.725,1.0,0.8920448303222657,-0.725072838951083,0.30243889912149186,-0.2308405365193503,0.6291622479756671,0.6082858917871796,0.8699653133059095,0.45283598985485835,0.7695895615428877,0.7903400822800583,0.09481000900268555,-0.483535192934455,0.5472893640398978,0.05112197313017811,-0.02579474449157715,0.06370067596435547,1.1144094467163086,1.2332462946573894,0.5108152151107788,-0.264707088470459,0.6859501813046376,0.14436520303418124,0.0635416150376582,0.3314028195542226,0.20665565542905648,0.08874826532353687,0.21721848856406778,0.5600536052021912,0.03471255465987981,-0.03169854482014957,0.5311522086461382,0.34320441087086995
Bartlein,Bartlein et al. 2011,,pollen MAT,69.0,71.0,1.675,1.0,0.05563720067342122,0.05670043242731038,0.650555325086087,-0.6407757739707758,-0.33173548698425337,1.3942600317634521,0.026147189414900907,0.2895281142725323,0.6445438017801063,0.9382161348043899,-0.3490333080291748,-0.6044027831055185,0.10199357444592654,0.6968715285482334,0.7771357536315917,0.007402706146240234,1.6887616602579754,1.103088633219401,0.3716681035359701,-0.3540210723876953,0.18303292459064283,-0.5213208689283794,-0.24710137307846242,-0.6711343835375498,0.21845719439294595,0.07105751828716608,0.6850419214474215,0.12830670136200842,0.12119911791781762,-1.0512329181035363,-0.4031201521555583,0.2513132222493495
Bartlein,Bartlein et al. 2011,,pollen MAT,53.0,-131.0,0.0,1.0,-0.14767995198567707,-0.19607582686742378,0.12621343451774655,-0.4991666652123391,-0.23186341656578918,0.4186778370465386,0.2906335265059956,0.33153816038624595,-0.08391713730561903,0.23729833416950505,-0.14667379856109608,-0.8870101860009099,-0.21710290014743788,-0.019329009944965277,0.10940060615539551,0.5224341869354248,0.1626625378926595,0.052777849833170576,-0.2590808963775635,-0.16102945804595947,0.15548330909560154,-0.33222988122118596,-0.13628023187361551,-0.12199855049311306,-0.21609374392593275,-0.5139517976339231,-0.048145491235715376,-0.04670646328423482,0.06424785772500391,-0.3996901777055528,-0.27392176787058503,-0.187782023217943
Bartlein,Bartlein et al. 2011,,pollen MAT,63.0,13.0,1.662,1.0,0.8179910818735758,-0.4932140866105461,0.6652126802264486,-0.2503506955370826,0.13356909155845645,0.6974899485424273,0.6503361500178897,0.3947053883523563,0.31081842697883494,1.128426981368533,-0.11852872371673556,-0.5680154120642535,0.03071893795723362,0.27181978662222017,0.23567441701889036,0.770227563381195,1.2984188556671143,0.8103198957443237,0.6170833681027095,0.024877235293388367,0.4894627896530383,-0.2806889320206516,-0.22137645001672884,-0.00661659149027333,0.3459119221531778,-0.09533679127110821,0.41029720801822456,0.24295214511186602,0.5761816029504276,-0.2909030377864846,-0.021616786718368926,0.2218808913230896
Bartlein,Bartlein et al. 2011,,pollen MAT,63.0,37.0,0.706,1.0,0.6399835729598999,-0.604514107825959,0.5512132265041961,-0.4786111680165698,0.1470289546251295,0.9642837615487034,0.2903914856177468,0.1879186969830214,0.3599197982114748,1.2011640156187489,-0.13254001140594462,-0.8472638661061695,-0.02312689048752458,0.14345349241065275,0.2611207008361816,0.2604435682296753,1.025383557478587,0.6348845227559408,0.7504669568936031,-0.33994024991989136,0.3399209519851161,-0.5948645659584787,-0.4427091481677159,-0.06366525495266327,0.45305452991172396,-0.0748177841573951,0.31868212839598864,0.5197433575778336,0.43205782511903884,-0.4844756543636325,0.07487939298152868,0.09362138986587523
Bartlein,Bartlein et al. 2011,,pollen MAT,61.0,73.0,-1.7214,1.0,-0.15208382189273834,0.06187463122426085,0.18697298521289324,-0.7326384399790997,-0.4897149419784542,0.6964902478827498,-0.04234616518162365,0.10282697398982318,-0.13898593886377547,0.3667493044081976,-0.539821982383728,-0.6650522341591689,-0.1716648941015664,0.44354868192669955,0.13107094764709473,-0.16584959030151367,0.6370648352305095,0.6601738071441651,0.15037080764770508,-0.547525962193807,0.07451206356634331,-0.524608713652928,-0.6093492339096834,-0.9023746802049227,0.14324039001202415,-0.23182839677829958,0.08924900849607803,-0.07254443613418958,-0.37286502006330435,-1.2010761287477287,-0.3828860373960609,-0.5065998480055065
Bartlein,Bartlein et al. 2011,,pollen MAT,1.0,33.0,-0.3,1.0,-0.7990135955810547,-0.8479616818269293,-0.558823731399078,-2.551361814528978,-0.8211303223503962,-0.640838328767918,-0.522970836845159,-0.461850168777698,-1.073110294229913,-0.7017059612926781,-1.0379071235656738,-0.8660109263297838,-0.5067431211471565,-0.6437277978537363,-0.9636281967163086,-1.0229133605957033,-0.39184257507324216,-0.1332958221435547,-1.124495506286621,-0.5961275100708009,-1.0339923239176818,-0.5103863771916185,-0.9684898642125797,0.17687077149793642,-1.1826808221492406,-1.1253684100124846,-1.0960692985555145,-0.7837065595429495,-0.5598047894793998,-0.9799300617641873,-0.6635600407918296,-0.32037122302585186
Bartlein,Bartlein et al. 2011,,pollen MAT,71.0,83.0,-1.5,1.0,0.018529052734375002,0.14386840262990888,0.6919864817455532,-0.28243630577866813,-0.12898891554938352,1.3209408740546547,0.06954451298074146,0.32802783542067854,0.5918363262463038,0.9645446196870007,-0.21856403350830095,-0.5139669011682317,0.2023601202985521,0.7027202633299376,0.9183205604553222,0.08129644393920898,1.7888377634684247,1.1519779205322267,0.3560468514760335,-0.3561403751373291,0.21812507074102458,-0.41295258770939086,-0.11812651521756226,-0.5147083043791092,0.15397059256792953,-0.01922603152457168,0.8162169494414229,0.19387119723852392,0.021250878488059337,-0.8379938867357043,-0.3610999054378934,0.4358438322279189
Bartlein,Bartlein et al. 2011,,pollen MAT,1.0,37.0,1.3312,1.0,-1.0504433186848958,-0.6354201256447702,-0.7917806674839295,-0.8904951061611082,-0.458955915239122,-0.10295951301849553,-0.5968870174144176,-0.4446562268823887,-0.8885819751116897,-0.7728540115958458,-0.7641774177551268,-1.014079036943186,-0.3223432511091232,-0.8142026462937705,-1.1251951217651366,-0.7296560287475586,-0.68572390238444,-0.43964706420898436,-0.7964816602071126,-0.4117377599080404,-0.5220559616355595,-0.5248869904200815,-1.0951729507583017,-0.5560366103170199,-0.6807446071325183,-0.6179629598283743,-0.7346756791320304,-0.6855046475630959,-0.4474975441140573,-0.5727864901224773,-0.5207431157430014,-0.9159993023342559
Bartlein,Bartlein et al. 2011,,pollen MAT,45.0,11.0,1.0964,1.0,0.4847712198893229,-0.7889687700775629,0.15410887092960665,0.03349132699279336,0.6514463424682572,0.39847000642643515,0.737648105843165,0.7115776662682674,0.08216669467173848,0.3814867844378907,0.0442997932434082,-0.3143153658956649,0.6903736144304278,0.3883519634200359,-0.18010072708129882,0.04453849792480469,0.7862545013427734,1.7650529225667317,0.12237725257873534,-0.014923095703125,0.3738345218735247,-0.20014548301696777,-0.13675809510926037,0.062073177270239484,0.11104654135244263,-0.2726931342159038,0.2553621570763304,0.1082653136989021,-0.19140901407268532,0.10080099105834966,0.29219136238098176,0.07912850379943875
Bartlein,Bartlein et al. 2011,,pollen MAT,65.0,29.0,-0.0902,1.0,0.8247667789459229,-0.6480227501644718,0.7274778948184208,-0.427242143065666,0.13607341630591324,1.0195466397129935,0.4013431433011748,0.3410733327123913,0.4376871482239305,1.5011014175337418,-0.08330223560333253,-0.7833978628995161,-0.022845504700515017,0.18886920736888174,0.38984506130218505,0.5989920616149903,1.3524139881134034,0.7356866280237834,0.8070384621620179,-0.16682428121566772,0.37093601327960757,-0.5371952861094552,-0.4160082383714102,-0.5512042910801467,0.41237809831214334,-0.05738942099583149,0.4869580145322344,0.5025214134183329,0.7167305688573687,-0.3893326183160149,0.048121739261679675,0.21973714298672142
Bartlein,Bartlein et al. 2011,,pollen MAT,53.0,27.0,-1.145,1.0,1.2476009368896483,-0.7633806645214938,0.31772877046024595,-0.0908085216471616,0.6921086692810066,0.5897039411826323,1.0110672341498648,0.5463994018428878,0.5224260470682219,0.8715528566396695,0.1909722566604614,-0.46345325308330637,0.7756328463554383,0.16518585315401288,0.011017417907714842,0.17036118507385253,1.2533372306823731,1.2468214797973634,0.5531722974777222,-0.06222196420033773,0.645916328951199,0.18403953504059417,-0.046793452289939017,0.1728821824392402,0.2769577042709838,0.04110291884327122,0.20130192252276646,0.453498156014649,-0.006846590223660254,0.04022238519456654,0.6626034816106162,0.3672085984547936
Bartlein,Bartlein et al. 2011,,pollen MAT,37.0,-3.0,-5.099,1.0,-0.0992596435546875,-0.4707992682338616,-0.06543329611055196,-0.3178092701917906,0.04299612469143345,0.44052272188407154,0.4071144274952724,0.27985946005172196,-0.13992943992165652,0.3059672158999746,-0.14315547943115234,-0.4498697942715748,0.037784585356712516,0.03671568677375127,-0.25948085784912106,-0.09878158569335938,0.14423637390136718,0.3323993682861328,0.044794282913208014,-0.4598165353139242,0.23962448941911366,-0.29332522341402856,-0.2892994103556126,-0.19144112849229844,0.16823173745435455,-0.36479491911938006,0.30522650627436443,-0.10725739843896447,-0.3137046959058838,-0.24215052392747666,-0.1361744774712456,-0.07793428209092884
Bartlein,Bartlein et al. 2011,,pollen MAT,57.0,9.0,0.5546,1.0,0.8309140014648437,-0.18074168345293284,0.3684423014106098,-0.11042807342874439,0.20473532358805333,0.6488345778930302,0.664989856240835,0.4971024785416505,0.33344242220157655,0.8533522157348898,0.07211384773254394,-0.38042232614454025,0.22087470330297634,0.2792074613225687,0.1384021282196045,0.7833523273468017,1.0510867309570313,0.9290191650390625,0.530878620147705,0.19448482990264893,0.6546956826582714,-0.03741594762615233,-0.12182971438277598,0.1324662139863333,0.31751748836255217,-0.023228609771113417,0.33838832251256956,0.2576310118607781,0.16502959691187297,0.0018897851308185614,0.1177683194478352,0.19615446408589682
Bartlein,Bartlein et al. 2011,,pollen MAT,57.0,-113.0,-0.438,1.0,-0.04409528136253357,-0.6209465986877168,-0.09188448572760143,-0.6812009296581164,-0.18779710888862633,0.603145509306678,0.5957384128860485,0.35158031994409106,-0.3027946458596821,0.010025466732906725,-0.30117645263671877,-1.1864086855059375,0.017185724899170002,-0.24735797412229477,-0.20343471169471739,-0.00015928857028484414,-0.026007986068725564,-0.15769144535064694,-0.24874240159988403,-0.6440194100141525,-0.14078517293671683,-0.680553208064302,-0.5061713168805754,-1.2146101671252043,-0.12656922883982574,-0.6669765642681024,0.09656477279493021,-0.17845763727525168,0.02743934810721898,-0.7383678664763771,-0.3143427670001986,-0.5295074351628621
Bartlein,Bartlein et al. 2011,,pollen MAT,65.0,-21.0,-0.0903,1.0,2.4162967205047607,-0.7838196329202385,0.8626174634748098,-0.35441025234620427,0.5194736806882734,1.8735457532560105,0.5693897146598432,0.12587133218108998,0.6331852198218174,2.086069585605507,0.0027949422597885144,-1.0194500375991693,0.17144285789843777,-0.04929096469897396,0.33824963569641114,1.7480410575866698,2.814534044265747,1.8054195404052735,1.1900112509727476,0.5510244518518448,0.15001827014683128,-0.37655920995907105,0.05783625107441022,0.13282721998044664,0.33807663514439457,0.026333903785660178,0.8757064692163492,0.13958783338352682,0.6635682604522459,0.07482758247190352,0.4299030274152794,0.6814774990081787
Bartlein,Bartlein et al. 2011,,pollen MAT,55.0,29.0,-0.09,1.0,1.1631002744038899,-0.7495616906736038,0.36729150757424034,-0.0708801797519248,0.6253179285261367,0.6518354442315177,0.9086976777029598,0.3741599698928179,0.7898011590585896,0.888912901813832,0.1624037265777588,-0.4892283438444039,0.6359523683786379,0.14519857166758499,0.04426829814910889,0.19390695095062258,1.2412049929300943,1.1690278053283691,0.6067264517148335,-0.14536784092585248,0.6392852187203559,-0.03454213952255496,-0.09565052880069008,0.09553028015598566,0.3985674108568659,-0.0016059403761922975,0.19040263295396276,0.5007549498674235,-0.042445672747578246,-0.07000007099575473,0.4888379149966768,0.3696137375301784
Bartlein,Bartlein et al. 2011,,pollen MAT,45.0,9.0,-0.5488,1.0,0.37113056182861326,-0.7005166818658113,0.12987707193012019,0.13244419269683522,0.7440635681152269,0.37478045131801785,0.715918646459492,0.7079946036971918,0.04129754777050536,0.3038722079378777,0.02226862907409668,-0.300400247593812,0.5280554071068768,0.3912066246738877,-0.22396440505981446,0.04034233093261719,0.7330741882324219,1.322395133972168,0.11484358310699463,-0.0353245735168457,0.35018279348843445,-0.21536221504211428,-0.1678451765748975,0.08569719453064477,0.12763133063678342,-0.27179046635558474,0.26060165956002934,0.059645784177689155,-0.15469962366690881,0.08553037643432616,0.31758923530578587,0.2181368350982664
Bartlein,Bartlein et al. 2011,,pollen MAT,43.0,17.0,-1.0616,1.0,0.5005824406941731,-0.7577030215821958,0.2274141617441678,0.1312261643201061,0.49180134243435214,0.4345524931439936,0.6203432389208989,0.6441755870849316,0.26020974367247185,0.5773529238424204,0.03442273139953613,-0.3527672675666439,0.7497151762247102,0.32097562905150834,-0.10167894363403321,0.04372682571411132,0.9301289367675781,1.3229564921061197,0.4155064105987549,0.04650425910949708,0.4624684452216781,-0.0734942887763872,-0.11618383144344542,0.1434096759572074,0.11890403893113774,-0.24206594669356366,0.2948740795539564,0.3229053605510943,-0.4573256409178987,0.1411852253807918,0.3448720349205874,0.14872792032029888
Bartlein,Bartlein et al. 2011,,pollen MAT,53.0,7.0,0.6308,1.0,0.7228569793701172,-0.5740413436510858,0.14333772516108806,-0.27401832855465735,-0.03758429633246496,0.5079911127676844,0.6430254811104046,0.5722322008048001,0.22028410372430157,0.6362795535508439,0.08935394287109383,-0.3639128889274392,0.4765230342745777,0.2578002071869912,0.0023828506469726557,0.45706520080566404,0.9868813769022625,1.099567273457845,0.4163471508026123,0.20297400156656903,0.6012240833928624,-0.05703308083312636,-0.07730466431467096,0.08608934871996149,0.1743710254884756,-0.09669340418477379,0.2478376218216299,0.1821196200863237,0.04840689133485643,0.0273003260294597,0.14949515660603846,0.21612214406331381
Bartlein,Bartlein et al. 2011,,pollen MAT,41.0,25.0,-0.6988,1.0,0.6562156041463216,-0.9943331601684364,0.2252749085934025,-0.021654708422352797,0.427412928475275,0.5126709482067291,0.5352678092369716,0.7277035331441281,0.0913196557212273,0.5832265661513967,0.009967803955078125,-0.3029612921765297,0.5245604872703601,0.25105308939538307,-0.1342921257019043,-0.04614734649658203,0.8904451370239259,1.237665367126465,0.30698250134785965,0.06892792383829753,0.5128916536046081,-0.08137939281616018,0.22326305186246678,0.20248341415607957,0.1296923975552793,-0.23233627881805508,0.3761259115571909,0.3542975314011671,-0.31402567316597413,0.11494893497890926,0.3821688758002401,0.16700979868570942
Bartlein,Bartlein et al. 2011,,pollen MAT,47.0,61.0,-0.3073,1.0,-0.2722565841674805,-0.5462670797121273,-0.03336354574432812,-0.48903874002236797,-0.4196344788869223,0.26818359095875394,0.059318052851196776,0.08288369602667356,-0.16615764151376952,0.02993737894987107,-0.6058118343353273,-0.735698907454438,-0.7282227441668498,-0.3751612498072471,-0.44086680412292484,0.5949227333068848,0.5689537048339843,0.36788408279418944,-0.1977788813908895,-0.6220577955245972,0.33261519524599914,-0.35281708931775474,-0.5729695807729528,-0.2982964268766397,-0.1590869148962369,-0.2744685753811887,-0.19746427585775914,0.25823821363076166,-0.3587650749632907,-0.6382987234327546,-0.2742093298170305,-0.37956715159946025
Bartlein,Bartlein et al. 2011,,pollen MAT,63.0,65.0,-1.5384,1.0,-0.042097036043802896,0.03955582341777036,0.23359610425418112,-0.6980629649942499,-0.4525103092193607,0.7421565147176324,-0.13799672258288279,0.033971412914109905,0.0020875499782687552,0.5555688390361427,-0.49507951736450195,-0.7304410559076439,-0.17889053072701583,0.4718059264874686,0.2168562412261963,-0.21890640258789062,0.6336544672648112,0.812414574623108,0.202783993879954,-0.39368700981140137,0.10581032697857831,-0.604897372072495,-0.5174730430205693,-0.41538693795590936,0.19320504008188177,-0.18000148460107124,0.17972133693540676,0.08712690386946664,-0.1982160857512461,-1.1287130415439608,-0.3221890926361094,-0.3796371459960938
Bartlein,Bartlein et al. 2011,,pollen MAT,65.0,11.0,1.8347,1.0,0.9116405169169108,-0.5599541343273566,0.8625931818587654,-0.24682986611358654,0.15434614552391895,0.7980097221616095,0.5314637717060624,0.33095658693258806,0.4372237574100092,1.3567923099969055,-0.1650953136384487,-0.5812704450094722,-0.24652422248029138,0.18799212959940453,0.22233402729034424,0.9391917705535888,1.5593259652455647,0.9936116218566895,0.6742304652929305,0.05443926900625229,0.5010434977267063,-0.24591094354231804,-0.1940243700402557,-0.07993034844107165,0.35029403558062233,-0.08622511683802883,0.47536810003162067,0.17066457615193442,0.8120005183685959,-0.2476614740159772,-0.045313264926274605,0.24423686001035902
Bartlein,Bartlein et al. 2011,,pollen MAT,67.0,31.0,0.644,1.0,0.7531884368260702,-0.49345325820659636,0.7891198174820355,-0.5120391638630015,0.032998937898211726,1.1058152400963908,0.43702092117797364,0.3532751673881822,0.5646532805208356,1.812648705648003,-0.19532158374786368,-0.8563714476586567,-0.20746922412030805,0.16248295161227205,0.448930549621582,0.7671238422393799,1.688280013402303,0.8620044549306234,0.8932028532028198,-0.14810874064763388,0.29017754966647885,-0.5683867017035853,-0.4021126877134777,-0.29936281672662585,0.397834149326984,-0.04139264130751777,0.633783507741241,0.4844302203379798,0.9413558102492132,-0.48921668529510587,-0.025128820372953,0.2654872788323297
Bartlein,Bartlein et al. 2011,,pollen MAT,43.0,5.0,-2.7092,1.0,0.47708587646484374,-0.7106014684236253,0.07887677964662532,0.03577597668283003,0.33675783475239857,0.43676879393509016,0.6109915847635967,0.6372819958797172,0.11385537117478359,0.40133470299085733,0.0082244873046875,-0.30381603407982655,0.28472093045711433,0.2568498159837266,-0.20035648345947266,0.06542539596557617,0.5742981592814128,0.85218931833903,0.26231834093729656,-0.02938405672709147,0.3316962198503707,-0.12414701256273951,-0.22678273691518547,0.058817478727019534,0.12605133126842374,-0.31773709032346487,0.3251334473661629,0.11379665008339823,-0.14679986390359337,0.008587015999688249,0.14262008666992373,0.06985459327697752
Bartlein,Bartlein et al. 2011,,pollen MAT,57.0,29.0,0.811,1.0,1.0873988723754882,-0.741620619297597,0.41150144709193986,-0.07230651951019161,0.5006535037358597,0.7053464638688072,0.7208420782616609,0.30344342159286825,0.7568715807423312,0.9357613207610975,0.09869850873947143,-0.5340942463226619,0.487735928781328,0.18401173167703452,0.09732599258422851,0.24780359268188476,1.1952971235911052,1.0757205963134766,0.6573845179875693,-0.18840354681015015,0.6175532428685426,-0.17429899308013191,-0.15751782284554652,0.1306823694323384,0.4160698343059581,0.0009125604563903237,0.20132060414413017,0.5242577770455482,0.02877433717006571,-0.1517945607503257,0.34460657437642395,0.3746506015459697
Bartlein,Bartlein et al. 2011,,pollen MAT,35.0,109.0,-2.45,1.0,-0.41713136037190757,-0.6729042806288966,-0.020171219474318873,-0.4483057200873436,0.2732967482672798,-0.26255620293725823,-0.25025454001527797,-0.0968263970721744,-0.6097463962642997,-0.04202229284910915,-0.6185890913009644,-0.7538113456972161,-0.21652120351791548,-0.6012673133315669,-0.2993488311767578,-0.11310291290283203,0.1773647944132487,0.523775863647461,-0.25358781814575193,-0.6641834576924641,-0.13973964846923756,-0.6575236249550123,-0.8776888841976516,-0.7792774873823342,-0.39682180425598695,-0.6624613036665221,-0.19249581738905142,-0.521568139225469,-0.6414096485475155,-0.7754110760158965,-0.1499831093682195,-0.3536124759250218
Bartlein,Bartlein et al. 2011,,pollen MAT,23.0,19.0,5.1,1.0,0.16293782552083333,-0.6379908054764065,-0.19867634367718837,-0.025508264723210775,-0.025546086629231923,0.361676755327654,-0.34812393280183984,-0.1076597626893968,-0.5708531790499737,0.2881218662696661,-0.3615333557128906,-0.952371914271295,-0.38151669502258284,-0.3980748125376375,-0.6277725219726562,-0.3285696029663086,0.43667956034342453,0.4994639587402344,-0.09811563491821287,0.2915886243184408,0.053303857976370946,-0.10051467655464118,-0.805702770804041,-0.291761648201316,-0.3053491337508568,-0.2637282747024031,-0.005719670099594096,-0.031200544194387142,-0.22240462858231835,-0.06134563022189624,0.17802015940348326,0.08677923202514648
Bartlein,Bartlein et al. 2011,,pollen MAT,45.0,27.0,1.1453,1.0,0.84207763671875,-0.9551925990737983,0.31907321756591334,0.06739870076035767,0.6900729656219479,0.5502725877824173,0.8951726551907849,0.7413120499191275,0.23722155506459663,0.6528851808007216,0.061262845993042,-0.35535573789180336,0.8261993974447251,0.209814897655773,-0.1378993034362793,0.01897087097167969,1.0214368820190431,1.36685733795166,0.30250277519226076,-0.027962207794189453,0.5760303139782348,0.048682880401611325,0.2744221710382362,0.4367092926620103,0.062443603815520624,-0.12052941544766979,0.3310759526285323,0.39951531130167023,-0.22103803917524922,0.15829291343688973,0.5403188705444334,0.2040089130401613
Bartlein,Bartlein et al. 2011,,pollen MAT,51.0,19.0,-0.2975,1.0,1.1344768397013347,-0.6355075609018045,0.2304317518494931,-0.06309584809340936,0.6144577439626054,0.5093896675507344,0.9055622366251164,0.6801522506258927,0.406487727517549,0.7172844724806984,0.2046526908874512,-0.3679085427768434,0.9723987996578215,0.3307861717936336,-0.014904356002807618,0.26358847618103026,1.2514822069803875,1.6013337071736653,0.3799335209528605,0.0948176383972168,0.6098767637914155,0.09987534806263258,0.024561621988802573,0.1117027241612008,0.19474074288111945,-0.06000463330429673,0.20863250821589913,0.33836814382144265,0.05169649914636822,0.18647158940633146,0.5634125550587974,0.30465806961059566
Bartlein,Bartlein et al. 2011,,pollen MAT,55.0,11.0,1.9612,1.0,0.8057509104410807,-0.5092510306099801,0.2752630949066873,-0.17143334628445656,0.16086511082119404,0.5884576559425543,0.684814963875979,0.567737407966557,0.3099943451629242,0.8128079917543999,0.16292188167572022,-0.3435643826507314,0.5614471286535241,0.3784394013048512,0.08700828552246094,0.5853070259094237,1.1017651557922363,1.1145500818888345,0.45879776477813716,0.21754435698191327,0.6511917382452114,0.02281700666081466,-0.09961198683029288,0.14158081198555536,0.24203518432143278,-0.028617707217629226,0.28672046898386977,0.27227972696624203,0.18853169965967603,0.06967076195610893,0.19614091449313692,0.3098686085806953
Bartlein,Bartlein et al. 2011,,pollen MAT,43.0,25.0,1.63,1.0,0.8055983225504557,-0.9607921528339418,0.3026456200405315,0.19600984972387517,0.6846150133344863,0.5178096002211903,0.752831699202617,0.7238657605041328,0.16503819439966788,0.6275864071733634,0.05945086479187012,-0.32780877593382507,0.7596634238958371,0.26068679082178814,-0.18004941940307617,-0.07068252563476562,1.0008408228556316,1.4831446965535482,0.34172890981038406,0.03203924496968587,0.5001002571522413,-0.01373002016102547,0.23614284223537974,0.10876823247352684,0.08441771832632494,-0.19865558920726162,0.3300927796491608,0.35941220592340534,-0.27498545077090475,0.18246706326802584,0.6447036266326895,0.25071184900071886
Bartlein,Bartlein et al. 2011,,pollen MAT,63.0,19.0,1.2887,1.0,1.0323146692911784,-0.7063735973604398,0.7626593648184066,-0.34818989275345724,0.21254207134246816,1.0454731318512704,0.615211329771764,0.3996169513393893,0.47204408984520857,1.4495691207939383,-0.06704152822494495,-0.6550189588807931,0.1494132981312172,0.26194931575056657,0.25924734473228456,0.7871446907520295,1.6572706747055053,0.9476046562194824,0.7892807809511819,-0.02232646942138672,0.5433428103195592,-0.3966019015553041,-0.3394138170264275,-0.03505637324628444,0.42387160648484545,-0.03778570686246995,0.47040555463856354,0.4217832505602523,0.7112598269659153,-0.28945211172103913,0.0835850358009334,0.10836626335978507
Bartlein,Bartlein et al. 2011,,pollen MAT,1.0,29.0,4.95,1.0,-0.6800477091471354,-0.8943686998044179,-0.42313499763975904,-0.35778008098221487,-0.49670067257351347,-0.6318818043745633,-0.33300928666292484,-0.41853298358813806,-0.961726436146671,-0.5760878831782257,-0.782231616973877,-0.794248256347707,0.33240906000137216,-0.5021300488718619,-1.0351530075073243,-1.0089284896850585,-0.6827095794677733,-0.5609819539388021,-1.0710236994425455,-0.6238691012064616,-0.44663472333211957,-0.4884305369763954,-0.6192544956827075,-1.3998223752621737,-0.7916473832033908,-0.8992658271206718,-0.6842375335862526,-0.5880818415942822,-0.8290646518544631,-0.5793038686116537,-0.6641254742940268,-0.4025408384535048
Bartlein,Bartlein et al. 2011,,pollen MAT,51.0,27.0,-0.33,1.0,1.2642046737670898,-0.8029670906118049,0.2842581919560564,-0.004489161624026601,0.5796810054779055,0.5621345242286346,1.0517781612558117,0.633089452471024,0.43494482105813953,0.8331638068823047,0.1808887004852295,-0.4512761829659479,0.8049438908696165,0.16879622402686462,-0.019834613800048827,0.13684992790222167,1.2607176971435547,1.2884201431274414,0.5579398536682129,-0.049777984619140625,0.6353400557882734,0.1870159949519803,0.05720652634216202,0.2529827176469214,0.2564801798940004,0.11022499047904188,0.22382244144700522,0.45573721230657205,0.056603154479812325,0.11716469128926618,0.6883266925811766,0.32273653984069817
Bartlein,Bartlein et al. 2011,,pollen MAT,53.0,5.0,0.8,1.0,0.65677916208903,-0.5212692193833656,0.13269450747657424,-0.19002185228622762,0.010916185379028966,0.5140093939261229,0.5484627323210812,0.5438613694073315,0.22088273226222171,0.6757452265692997,0.022471904754638856,-0.39595875281757026,0.22691850215196568,0.18452292639005688,0.011178016662597656,0.5287237167358398,0.9670818328857422,0.9896096547444662,0.44348028500874836,0.14560858408610025,0.5542769742698983,-0.14832476598097644,-0.06940796650484123,0.06567064957560723,0.17727541522644627,-0.09668069390900527,0.26866911202295785,0.17554921888768185,0.002804582529494979,-0.02940962049696175,0.10284058252970381,0.17537660068935793
Bartlein,Bartlein et al. 2011,,pollen MAT,53.0,29.0,0.7,1.0,1.2017910512288412,-0.8037260802167272,0.3206007776709008,-0.09460950301495073,0.6304961533016635,0.6114228770925605,0.9805186193842734,0.4947841465974175,0.6982355349430913,0.8644987636553977,0.17626261711120605,-0.48007888765842965,0.7040267907083034,0.12762123912440895,-0.007181215286254883,0.12997164726257326,1.2684564336140949,1.263191312154134,0.5814457352956136,-0.12774757544199628,0.638046847275026,0.17152397148041518,-0.03276590840892937,0.166725360057806,0.27899130361529945,0.05800437775257881,0.1908593375589992,0.4695673606099703,-0.0161646386558588,0.006572845247056806,0.6822784344355266,0.2880555269453258
Bartlein,Bartlein et al. 2011,,pollen MAT,67.0,69.0,-0.9683,1.0,-0.015532760620117195,0.004212081264852629,0.5376086926587792,-0.7816194787041973,-0.4659537474314365,1.1371861458562322,-0.09402033510555911,0.18199536887860018,0.40591724748022057,0.8168749123700536,-0.433564281463623,-0.6485382804522983,-0.12222994490277139,0.6507825248007822,0.5202848434448242,-0.1044353485107422,1.2623257064819335,0.937611961364746,0.1824885654449463,-0.3027502695719401,0.14184218469051796,-0.580608786173852,-0.3567757484374416,-0.5889544891829914,0.2090450414929458,0.011958058150769708,0.5169475765835738,0.07155164773931885,0.00019381291662519742,-1.1531553135977846,-0.4127373245027328,0.022563275231255554
Bartlein,Bartlein et al. 2011,,pollen MAT,55.0,-63.0,2.2627,1.0,0.3848841667175293,-0.5773267984199217,-0.07123827649384704,-0.6021750616022737,0.1332456959618462,0.3847751096186712,0.11400394164158932,0.3233253699601212,0.3048006278562465,0.8077005118212007,-0.43783268928527835,-0.5543531994178237,0.6378761604428292,0.09109148943770631,-0.3298189640045166,0.6855057954788208,1.0744355201721192,1.1090581893920897,0.5589807033538818,-0.293149471282959,0.14389362799375705,-0.4461006425682964,-0.5292402722966321,-1.787477421532432,-0.041432053583770896,-0.4113453024799272,0.3023970247030384,-0.22970313524453045,-0.42161986549357094,-0.5730473862753974,-0.18730129665798606,-0.3580216248830156
Bartlein,Bartlein et al. 2011,,pollen MAT,59.0,-3.0,1.4955,1.0,0.7679233551025391,-0.422057909199796,0.31100138990104587,-0.1474255372230221,0.05102273941040047,0.6420975654058996,0.3043253853806708,0.2846757643525385,0.1775936067590202,0.8035111760933075,-0.1062889575958252,-0.40544679633650793,-0.18329807892441957,-0.020485910962397103,-0.0531278133392334,0.8244888305664062,1.2109507751464845,0.997751579284668,0.49971464157104495,0.13219491640726727,0.3748643691911475,-0.20577227054795066,-0.11846580562376373,-0.10770797672884581,0.15596300201420385,-0.15182150479596276,0.39722796966436275,0.014705849405891779,0.11835846081043888,-0.24419963094923242,-0.10961939493815062,0.1375147008895874
Bartlein,Bartlein et al. 2011,,pollen MAT,37.0,-113.0,-3.511,1.0,-0.2306260299682617,-0.5841736715571405,0.14540610749986674,-0.19650127546446794,-0.2510535928938127,0.2892292802258989,0.5083543082666384,0.0781070279445342,-0.28779059749320357,-0.28927765775152453,-0.4181892156600952,-0.6921626718902274,0.20898224562406542,-0.053462402798756546,-0.03734831809997559,-0.3575101375579834,0.18904343922932942,0.12788441975911458,-0.2510931936899821,-0.6027910709381105,0.31443434730447667,-0.3624807671182293,-0.5811709992497776,-0.6475504090404036,-0.059466720531342845,-0.21619159536121033,0.6489781427736749,0.17980431335598607,-0.332166305790166,-0.42186163796318915,-0.00493412547641346,-0.18718141979641384
Bartlein,Bartlein et al. 2011,,pollen MAT,41.0,-69.0,0.275,1.0,-0.08561691284179689,-0.5461740809867308,-0.21156247100556402,-0.44178134779581407,-0.3388532691531714,0.5109523713905567,0.16068447814605877,0.3658757721225627,0.1340091228800798,-0.0160967822343768,-0.3050744533538818,-0.5607684895715654,0.03644681870937415,-0.2598615505644622,-0.12678442001342774,-0.07039747238159179,0.11534053802490235,0.5476660919189453,0.26910916328430173,-0.40739568074544275,0.35582125921884195,-0.20076033359570578,-0.32897555247225907,-0.254966464018862,0.08930184691374594,-0.45943087983019276,0.12308083354857745,-0.33891654531896553,-0.28881400885686875,-0.38105682796902185,-0.45477835337320976,-0.16606696340772875
Bartlein,Bartlein et al. 2011,,pollen MAT,61.0,23.0,3.6273,1.0,1.0189926338195803,-0.7939554266495309,0.6345981471311386,-0.2579713651183701,0.4087502559026086,0.8725322355888658,0.735476073420041,0.4073168956912928,0.4699457762459792,1.2974785749551279,0.028340637683868502,-0.6266463482895128,0.2807001189994489,0.2623164567881751,0.24462927579879762,0.5747954905033111,1.2885250759124758,0.8702474975585939,0.8145967789491018,-0.10030903418858847,0.5869868820984959,-0.28943734294753776,-0.3215091686456235,0.056966359779951355,0.5334279349800991,0.02112391078754198,0.3817105628627893,0.5273138572273071,0.46097946302531156,-0.2180893898010259,0.191270699765947,0.2838514131307601
Bartlein,Bartlein et al. 2011,,pollen MAT,39.0,-105.0,1.18,1.0,-0.22319087982177735,-0.2808203293242364,0.14358861062411224,-0.548479406292831,0.024071343739823566,0.3009051080233143,0.16547992221357732,0.022149803419060136,-0.4356711419944172,-0.3160465781792,-0.29501362144947063,-0.5457839472725705,0.3457869946956646,-0.08753318899666866,-0.17392238974571228,-0.22079794108867645,0.4597206115722657,0.28529748916625974,-0.28912136554718015,-0.5572681427001953,0.293050411711419,-0.24875890076451732,-0.7850385753754903,-0.4356794006348904,-0.037540210611791025,-0.16165636277199952,0.428328649121595,0.13108099677144588,-0.30969689968315606,-0.4045221010843912,-0.10408194859822589,-0.2670939167340597
Bartlein,Bartlein et al. 2011,,pollen MAT,49.0,5.0,1.273,1.0,0.6715014775594076,-0.7068238619349313,0.04617842620352924,0.10492877700561631,0.025650469462076657,0.46302094084961276,0.6186231814263266,0.6525931782092987,0.2240819318017045,0.5124359387431048,0.11926674842834473,-0.3543827861137577,0.8112252622842772,0.38630696188558533,-0.17439699172973633,0.22626018524169922,0.8664171854654948,1.5492887496948242,0.26828045050303145,0.17387151718139648,0.4768757982520313,-0.11120394767841935,-0.1899703802505176,-0.01096093337843819,0.06591466342097689,-0.1684052948930434,0.23892159373215238,0.1010678239329104,-0.11344678186873136,0.044458813137478306,0.19369241926405162,0.2868743366665309
Bartlein,Bartlein et al. 2011,,pollen MAT,57.0,85.0,-3.475,1.0,-0.13361172477404276,-0.0864186871000086,0.17389407913387828,-0.47176246753439927,-0.07832812517881538,0.5353817821334081,0.2945946790977351,0.3177737893083074,-0.15843598080283003,0.21976242129004656,-0.5121967196464539,-0.5412711635646417,-0.03347668722271797,0.29159668671299915,0.019657544791698456,0.11985096335411072,0.5750397125879924,0.7282154957453411,0.2464911460876465,-0.5145390331745148,0.1844763047469321,-0.08242760219072191,-0.7213909037441406,-0.5702206258567796,0.34899148179317113,-0.3613484141110586,0.07617908353294053,-0.2562842570389327,-0.26268439892579964,-0.9180027296145759,-0.07137622932593048,-0.4314407408237457
Bartlein,Bartlein et al. 2011,,pollen MAT,23.0,121.0,-0.1667,1.0,-0.3552926381429036,-0.7567772427089788,-0.5128148714097283,-0.6485552990031681,-0.4452324570549864,-0.16904565525557552,-0.0558999747475842,-0.3278242882616227,-0.5096047976690048,-0.35667472685879503,-0.5494252204895019,-1.174387064243645,-0.6527032792568206,-0.35522295241867585,-0.6425327301025391,-0.41743488311767574,-0.30055155436197917,-0.09942609151204428,-0.49832071304321285,-0.43291568756103516,-0.5564577633468701,-0.7094462256585913,-0.9702912335784403,-0.5958817247251456,-0.5873238578404459,-0.6098666868305604,-0.28825086179166365,-0.6313567698314312,-0.5080396569732855,-0.6090671433342832,-0.4667984326680502,-0.45130032857259117
Bartlein,Bartlein et al. 2011,,pollen MAT,31.0,-87.0,1.375,1.0,-0.03642433166503904,0.5230968117501199,-0.12940800359772067,-0.26951314647190394,0.4102500873141818,0.1935904701497777,-0.21721812567502302,0.0744497691852166,-0.3744015214140087,-0.14426952372017532,-0.49522199630737307,-0.4251788787692345,0.04176821112632954,-0.19874699945685517,-0.5255483627319336,-0.5047672271728516,0.5223500061035156,0.6743083190917969,0.03455698013305664,-0.3435198465983073,-0.06687797798918582,-0.3801194588819835,-0.714914323266097,-0.0056643729618714965,-0.3793070535005002,-0.2710898984559733,0.04204661309491611,-0.1618764762825355,-2.2896277886481524,-0.28473863601684585,0.07487180497911348,-0.2907369550069174
Bartlein,Bartlein et al. 2011,,pollen MAT,53.0,-1.0,1.4473,1.0,0.6320597966512045,-0.5430082797747144,0.1229032264246937,-0.46391988274893303,-0.2848372724321157,0.5115271974232566,0.4066822024422877,0.4439621935301325,0.08217191624312475,0.5401208755419421,0.0013605117797852511,-0.3973073073221566,0.22153370678424816,0.16765600455621024,-0.08209543228149414,0.4611656188964844,0.9578597005208334,1.0741089502970378,0.27669243812561034,0.1637420654296875,0.49875336940581527,-0.12173723500043884,-0.14380592226554972,-0.21071168817576086,0.09333196168603586,-0.1558266697434968,0.3009161316954868,0.09042560302543712,-0.14172005295139417,-0.11940899954901796,0.017495441436767623,0.2710762299431695
Bartlein,Bartlein et al. 2011,,pollen MAT,55.0,9.0,2.128,1.0,0.7735576629638672,-0.49493357139338245,0.24694126695907043,-0.13807995455528713,0.13813218540615496,0.5781308696443072,0.6894219485257905,0.5369514761278782,0.2759981348205211,0.7640034612079756,0.11838769912719727,-0.3464892678187827,0.4401169791817636,0.28739429102248376,0.06212348937988282,0.578630542755127,1.0241798400878905,1.0600805282592773,0.45699324607849123,0.22178713480631512,0.6408075954305755,-0.031875249880206374,-0.0699636050356921,0.1222542509073841,0.21850142664956115,-0.043303148621588905,0.2701454599097096,0.238478496783531,0.18495814062265584,0.038617695702446816,0.1607564396328396,0.2465282307730781
Bartlein,Bartlein et al. 2011,,pollen MAT,55.0,-67.0,-1.143,1.0,0.2772215843200684,-0.4367045147696422,-0.0849403591087237,-0.5453251296505639,0.07681446075439448,0.3713614027943013,0.13144880961958724,0.31912851106309553,0.24139956745633673,0.6574099955181202,-0.4149553298950195,-0.5166913809480673,0.4150453954935083,0.10175790462410987,-0.3147933006286621,0.2831143379211426,0.8741566340128581,1.2450679143269858,0.4808446009953817,-0.31109189987182617,0.14509033258685952,-0.4596539598814327,-0.5821849891084638,-2.364092146278226,-0.04033481580467379,-0.45608031703877683,0.3274642293511749,-0.26555993827129853,-0.3091517587957006,-0.5625878678427803,-0.2523547278510199,-0.25760689046647856
Bartlein,Bartlein et al. 2011,,pollen MAT,53.0,-63.0,-5.673,1.0,0.2901611423492432,-0.5193465581068013,-0.1442991136168139,-0.5137942546265561,0.1061309332317775,0.316172459441607,0.12843665335504173,0.25687568414399553,0.1779908694056002,0.7281164260593329,-0.4353391170501709,-0.5364293415688418,0.6034354493021965,0.03162780580216665,-0.38391747474670407,0.5396842837333679,0.955611982345581,0.8139285182952881,0.4247967672348023,-0.3401439984639486,0.17037396598857882,-0.4187505450583284,-0.49268901931559933,-1.2746725290079195,-0.04626475535878971,-0.4478912682225651,0.2579068967798142,-0.245725581648708,-0.45227962240816527,-0.5820412053002252,-0.2300253470738729,-0.221871370739407
Bartlein,Bartlein et al. 2011,,pollen MAT,69.0,23.0,0.4938,1.0,0.778561481634776,-0.4552423148204112,1.1273744600345208,-0.4488653732830613,0.08171037236849467,1.0289593528942484,0.5538214403653895,0.35019506603676853,0.8279998215987092,1.8356234883586207,-0.2613876342773438,-0.9946883318688126,-0.33719543207770264,0.15569254312514613,0.5363555908203126,1.0559041976928711,1.7198767630259197,0.9586830774943035,0.769651977221171,-0.009480923414230347,0.31846750627538406,-0.42453759807645974,-0.32996421353640626,-0.24232619687531207,0.42588399800327725,-0.020559926929229068,0.7700071090435647,0.3490816208032641,1.1945693796812846,-0.46738855292399717,-0.07031571070353182,0.41432655652364114
Bartlein,Bartlein et al. 2011,,pollen MAT,45.0,-107.0,0.195,1.0,0.09306335449218751,0.08492266561625271,0.09057604492085103,-0.11667521621657222,-0.16608242988586408,0.5829496814669606,0.6524366104110009,0.30709396471149075,0.14015569727410798,0.12918744956672581,-0.16469393968582163,-0.8052643604930718,0.31168187037110323,-0.03387179867063355,0.20972812175750732,-0.061070251464843746,0.683679453531901,0.6961525917053222,-0.18761372566223145,-0.6298153400421143,0.2479601771431059,-0.08341803550720216,-0.3722021119914315,-0.20738437003880392,0.5876470639876514,0.3608464852916906,0.5542193781771498,0.4375543691457708,0.15219949683810818,-0.21043701171875015,-0.2533988952636725,-0.14880363941192648
Bartlein,Bartlein et al. 2011,,pollen MAT,55.0,27.0,-2.5275,1.0,1.2152653694152833,-0.616213604255794,0.37424550806097984,-0.06490785658535411,0.6617919047673544,0.6515344426716057,0.9329452391919095,0.44501171963550934,0.6348548688713127,0.8982428976779362,0.17076065540313723,-0.47279237745768055,0.6804189719259721,0.18058566736354104,0.055303645133972165,0.24052326679229735,1.2883301734924317,1.2024500846862791,0.6079342365264893,-0.09315178791681926,0.6587955362699908,0.003009537514724884,-0.1164651135418441,0.1447839111599826,0.3981919562431847,0.008284843633352437,0.20900604340874224,0.49103223096001286,-0.054608584902808344,-0.029077188173929923,0.48686868614620626,0.3883768796920775
Bartlein,Bartlein et al. 2011,,pollen MAT,61.0,129.0,0.425,1.0,-0.12210365295410158,0.1158245265794864,0.19189840259460916,-0.3814102680078894,-0.06653861946529833,0.5589762769327875,-0.1158875268188079,0.014821704602030208,0.6713748047715685,0.6150691607573533,-0.38182554244995104,-0.442519155862266,0.7235140237699347,0.17035796846484094,-0.00944204330444336,0.14774999618530274,0.7555895614624024,0.6255209732055664,0.03665870666503905,-0.7172945340474448,0.2523389448430637,-0.5566385916439248,-0.2698973561652276,1.6868043800913601,-0.04568642476079446,-0.17883711660315227,0.28505453627638916,0.21248918632122205,-0.19327619218857603,-0.4216998047298852,-0.0776450104183616,0.12722082985772043
Bartlein,Bartlein et al. 2011,,pollen MAT,33.0,101.0,-1.6,1.0,-0.43691708087921144,-1.3023672306473502,-0.6619076304657867,-0.5612648278803054,-0.22601246237754827,0.02337575948129101,-0.23494461071938028,-0.44085677782420246,-0.5536585189977586,0.12069998296897186,-1.0457213401794434,-1.3401385349272008,-0.727979155629871,-0.9076778407408227,-0.7945387840270997,-0.6947768211364745,-0.06412427266438801,0.18775853455066682,-0.8579183334112166,-1.1075558960437775,-0.4195140406182629,-0.5597203749353541,-0.8265151460191483,-1.553871904129397,-0.6962825379058721,-0.8589346555611916,-0.2515176658436129,-0.36972656914521385,-0.5205672077602407,-1.0009736855824787,-0.4641669690608975,-0.7215092913309732
Bartlein,Bartlein et al. 2011,,pollen MAT,51.0,-127.0,-3.354,1.0,-0.2824323018391927,-0.37774531027654606,0.11351248438061814,-0.5619339756421218,-0.0712300252914421,0.47417226192623296,0.4331031409709764,0.36501961278120615,-0.13867109450906864,0.18878512707445322,-0.1441066026687624,-0.7758285539303353,-0.0749477591365553,-0.05424306944271483,0.30372257232666017,0.4517236232757568,0.1704248682657878,0.20135688781738284,-0.25953499555587767,-0.37390005588531494,0.2768764946689053,-0.32024542174295784,-0.14338720411808378,-0.10997168536852603,-0.060174412446497905,-0.30585193858738213,0.035122573303656555,0.019715284103885816,0.12875661574700126,-0.3664881269137063,-0.19272537231445305,-0.13354448080062853
Bartlein,Bartlein et al. 2011,,pollen MAT,65.0,27.0,0.9284,1.0,0.8710230469703675,-0.6603461056242492,0.750385675540095,-0.3999871410253894,0.1644191804859378,1.043423837555182,0.43568333628555383,0.35412934155970305,0.44425970002308934,1.5082623984539212,-0.0728914737701416,-0.7596434100733368,0.012854146300496059,0.20854881239681688,0.38169009685516353,0.6220042705535889,1.3416020154953003,0.7664679646492004,0.8202928572893142,-0.1451195776462555,0.3953680075960132,-0.5078273383058758,-0.4338105167062435,-0.5126261750302703,0.42376095813777687,-0.06807697123935431,0.501481511514502,0.5117514590833687,0.8764806887228566,-0.3676274981763631,0.04973069015476392,0.24961076842414004
Bartlein,Bartlein et al. 2011,,pollen MAT,41.0,-105.0,0.077,1.0,-0.16235103607177734,-0.12459911221101348,0.13501980330734267,-0.2797854928575118,-0.23765006595187735,0.4155507161654938,0.3409538050324463,0.12809317293429898,-0.047093035384342376,-0.19461039723544096,-0.2350261509418488,-0.5954450896451895,0.379160407651216,-0.0716428121519427,-0.06661999225616455,-0.16021770238876343,0.610622787475586,0.2050663948059082,-0.21193175315856932,-0.606401006380717,0.2762368630149831,-0.18544241751841586,-0.625837953246986,-0.383167073892738,0.1713062442122707,0.039247179859718,0.442826847167332,0.21138705643025746,-0.21335487857850055,-0.3607016801834101,-0.10233182377285437,-0.2614825513627795
Bartlein,Bartlein et al. 2011,,pollen MAT,45.0,83.0,2.9,1.0,-0.17434895833333336,-0.2072842787535052,-0.09167721779822754,-0.464164690926653,-0.49727299213409504,0.12445296023423548,0.05764129799189304,-0.011021145400212616,-0.3851810305140459,-0.05981465172189057,-0.594859391450882,-0.7341436702043945,-0.43077438650652794,-0.35827297247465545,-0.27714033126831056,-0.04353306293487548,0.28488519191741946,0.6019385814666749,-0.20928554932276408,-0.38718777894973755,0.35360624372890054,0.017812919616699223,-0.7937230925437447,-0.4067139733344197,-0.023707859721652402,-0.15036950459603973,-0.0066830602325190225,-0.14366372291521065,-0.36970679794895045,-0.7209320068359373,-0.3363072395324716,-0.5955199241638185
Bartlein,Bartlein et al. 2011,,pollen MAT,57.0,13.0,2.0885,1.0,0.9743081474304198,-0.3117308466256524,0.3911018529694744,-0.10944940283546264,0.27524251302083474,0.6801819585562576,0.7728887859552013,0.5446041054287977,0.3031455736446598,0.9070981476008496,0.11943967342376709,-0.381782711367583,0.45092164501547594,0.39561433427140735,0.13709573745727538,0.6937043190002441,1.184009749094645,1.0164249420166016,0.50746009349823,0.15062487125396729,0.6471484078453433,0.024702873050780526,-0.1570094195037114,0.21472762772406762,0.30985759654604567,-0.017198222188047924,0.3490079043762685,0.3208741727243251,0.13658472084250226,0.00838213761647523,0.17794695695241292,0.30388837496439614
Bartlein,Bartlein et al. 2011,,pollen MAT,55.0,19.0,0.4805,1.0,0.8374908447265625,-0.39786523119664113,0.3737502479118908,-0.24183323699228895,0.24490954611036522,0.6280160531139595,0.8162415214993708,0.5842106116109438,0.34827685826187293,0.8897975656892705,0.21028244495391846,-0.36870309093742215,0.7020586282014827,0.3323396596868119,0.15633668899536132,0.6211384296417237,1.158122444152832,0.973574447631836,0.5298410177230836,0.06266299883524579,0.6863749768008358,-0.06824755536492695,-0.12328121942286223,0.17956134036868218,0.3907726459861951,0.07490832349049173,0.3121222558675397,0.3847216558739078,0.26976409236886045,0.03126801914638933,0.30845885276794416,0.28426731427510593
Bartlein,Bartlein et al. 2011,,pollen MAT,67.0,-151.0,-1.0005,1.0,-0.5367716725667318,-1.530681625285676,0.4450927892918313,-0.505900497148701,-0.5756644248962398,0.53504016766832,0.06513477193557385,0.7762997075446079,-0.18740191547165116,0.17432441506417679,-0.4483093738555908,-1.2712124893053196,-0.2263984704663447,0.010974747158583358,0.008389854431152343,0.04158120155334473,0.32612322489420575,0.021251373291015625,-0.4732438977559408,-0.42067178090413415,-0.021730798095438025,-0.49169485829592086,-0.63782967388752,-0.5448388870679317,-0.6675799582702334,-0.683866477730331,-0.07319429701088608,-0.2830113722359253,0.33327293917620754,-0.7397465070088713,-0.45995616912841775,0.20804507361518007
Bartlein,Bartlein et al. 2011,,pollen MAT,65.0,-151.0,-0.1817,1.0,-0.717134952545166,-1.4680922138837682,0.29935000554260716,-0.6667215330119377,-0.6714957581626042,0.39900614803910445,0.006616915695335068,0.6314964851733323,-0.3749382863197124,0.1131775138707947,-0.5535384893417359,-1.410299752811564,-0.21910562302202816,-0.11467236730844994,-0.05677952766418458,0.06188356876373291,0.23322792053222657,-0.11277739206949869,-0.7758581161499023,-0.4826422532399495,-0.034464098441199874,-0.5779233832602888,-0.6338598542699625,-0.45050648762838796,-0.7165764949723434,-0.7136792512694213,-0.17927449415588464,-0.3563306650142018,0.3191355794541252,-0.6604560931523642,-0.47403688430786145,0.15949865447150338
Bartlein,Bartlein et al. 2011,,pollen MAT,65.0,-145.0,1.6877,1.0,-0.6606527964274088,-1.3973683996280708,0.20879805519903516,-0.659804550649824,-0.6427112685309506,0.4065016431987758,0.02193794238603176,0.5860823890728543,-0.31601245374493087,0.09310089680925832,-0.4942237138748169,-1.3952604672180497,-0.20298863723412197,-0.12787080360155353,-0.09746241569519043,0.08753728866577148,0.2939974466959635,-0.06875832875569661,-0.7814940611521404,-0.44234816233317065,-0.07141094875585619,-0.6088707502141105,-0.5296559724246401,-0.42430080106303136,-0.7073797172506888,-0.6144996256992366,-0.18037373264900153,-0.36293430246609215,0.3258075385814571,-0.6439061827129793,-0.4746769004397925,0.05532330936855733
Bartlein,Bartlein et al. 2011,,pollen MAT,63.0,43.0,-0.055,1.0,0.4776192847887675,-0.4948351744272539,0.4473292968463134,-0.551224046713712,0.03660708129405952,0.9469255037888908,0.11945605436151077,0.12283779598046929,0.27697299894223376,1.076808980700373,-0.21726257801055887,-0.8287781464467986,-0.0669380124250345,0.15628006616494994,0.26857101917266846,0.07559676170349122,0.9445494310061135,0.5696699023246765,0.6126013382275899,-0.38833123445510864,0.26790478902645076,-0.6386845537467597,-0.46055649153388883,-0.15089578953940952,0.40793486692696246,-0.09649809397539857,0.283388888130931,0.4912908519493069,0.26198764532696217,-0.5890724301338197,0.01821043714880871,-0.04057427644729613
Bartlein,Bartlein et al. 2011,,pollen MAT,55.0,83.0,-1.65,1.0,-0.22630428473154707,-0.1847511779536551,0.09278032684972155,-0.5052137148782377,-0.037760907411575305,0.4297350702691556,0.2678535449336156,0.29768879084357647,-0.27292235618429783,0.0817495614597138,-0.5350148856639864,-0.5722808008217269,-0.16684372350573456,0.13619571727207347,0.009681159257888792,0.038034588098526,0.5912002642949423,0.8723856488863627,0.21660950233538945,-0.4596431652704875,0.2632341452980135,0.05285921302100966,-0.7631213665565655,-0.524360157919702,0.26541384599121703,-0.3719053603305022,-0.02866962283064499,-0.23538497149644722,-0.6219064217643595,-0.8883749200238122,-0.09445926944414759,-0.46808603819873607
Bartlein,Bartlein et al. 2011,,pollen MAT,69.0,-157.0,0.4512,1.0,-0.4122549057006837,-1.3499166506676592,0.7811996779329677,-0.20391058517678037,-0.4294307994842535,0.979876496085718,0.2452429279798946,1.0380439926633647,0.22847433163105849,0.30385919318485766,-0.4184326171875,-1.0004114354794968,-0.3199407521405527,0.26157942327558376,0.19585905075073243,0.08210992813110352,0.8384490966796877,0.44175114949544275,0.026114765803019177,-0.2013545036315918,0.2123214504914404,-0.1719547311804798,-0.5460365755777056,0.007019760055517998,-0.36665833326862457,-0.5333133117667636,0.17425615758628255,-0.10146647068878017,0.18173998935462324,-0.9088581085205079,-0.28414785861969005,0.3310081640879312
Bartlein,Bartlein et al. 2011,,pollen MAT,43.0,-5.0,2.4695,1.0,0.0007247924804687604,-0.17775900180452137,-0.04126508329854968,-0.10942578604581442,-0.1085754818386503,0.42302771270895556,0.31249468558909543,0.5212132302933297,-0.11266820570737612,0.20272543563241255,-0.12244486808776855,-0.36463637579688274,0.1739606499671923,0.16766445684515643,-0.3068056106567383,-0.025926589965820312,0.44083875020345054,0.6110457102457683,0.009267075856526693,-0.2312324047088623,0.2313696951468195,-0.3357267598882408,-0.28504606527321513,0.09434041197601872,0.03581010422258299,-0.2529075656016022,0.31127877219591105,-0.12175187146928898,-0.39315753387847974,-0.22019089592827706,0.09673725234137515,-0.04449079831441241
Bartlein,Bartlein et al. 2011,,pollen MAT,63.0,11.0,2.7508,1.0,0.8060417668024699,-0.49286692529847137,0.6654533219536259,-0.26504374752747406,0.13924270033836372,0.7074802173410168,0.638342188809315,0.38845381404695084,0.379374016100688,1.0945595915140598,-0.12601203322410556,-0.5242393393198751,-0.019117342554213004,0.25289033043020537,0.19757563769817352,0.7964944839477539,1.2408248805999755,0.8102588923772176,0.5328969871997833,0.05361606180667877,0.5190009996658775,-0.2244329925518983,-0.2102292363410153,-0.05270032924929887,0.3359634544616795,-0.07354229080565135,0.39045284664961843,0.1997840237507617,0.6899253944955321,-0.27195301055908244,-0.03369858264923135,0.2563231185078621
Bartlein,Bartlein et al. 2011,,pollen MAT,67.0,-133.0,0.7845,1.0,-0.4738633092244466,-1.0224914453901377,0.24296652394130996,-0.45961668716726634,-0.6321719445122611,0.5917319472979367,0.340333148214654,0.6019957958211336,0.060153223179974354,0.1430913079299355,-0.4705800533294678,-1.2261768654522185,-0.1721341052502081,0.04479958133325649,-0.21509571075439451,0.0018677711486816406,0.9102502314249674,0.3431683858235677,-0.025827767054239906,-0.43780676523844403,-0.08096800326685971,-0.5140478091639771,-0.5213038027828601,-1.0398296053555653,-0.46167020943928483,-0.5240953599997105,-0.024076049983515868,-0.3543306020150423,0.40777812517151174,-0.6990281899770106,-0.5754240804248388,0.12029031329684786
Bartlein,Bartlein et al. 2011,,pollen MAT,61.0,-1.0,-0.0067,1.0,0.8663599904378256,-0.5491423795225624,0.4327789060805891,-0.1621221043299452,0.11932498613993318,0.6976071980864729,0.32149834263518096,0.20586649239207605,0.2770894793791377,1.0434418876167464,-0.13506801128387452,-0.4282965807444467,-0.30969116284333975,-0.03479924886085962,0.018951988220214846,1.0756683349609375,1.4431777954101563,1.0974032974243164,0.5817222595214844,0.009305516878763836,0.3449080307852792,-0.20935999048098977,-0.09248816157051261,-0.14354776451824028,0.2801505017704743,-0.1515002317970362,0.43202744675563615,0.018129522506169598,0.37471622527931153,-0.22444252967834472,-0.028691225581698822,0.1563927019966975
Bartlein,Bartlein et al. 2011,,pollen MAT,43.0,1.0,1.4335,1.0,0.21819521586100263,-0.7543145280079296,0.003989719871306729,0.040065029012589286,0.8105197800530369,0.434261531476275,0.5400975381531299,0.673171208652798,0.010779391731391077,0.27838313362125083,-0.05383267402648926,-0.3383958560197362,0.61182372570038,0.2535239250460419,,,0.5762430063883464,1.0680634307861328,0.16420086224873862,-0.1540633837381999,0.2583107943954963,-0.3199540473384545,-0.20187230289473168,0.028963056171704846,0.043769662764155046,-0.30588079365144916,0.2927010372533807,-0.08839652309932038,-0.319999492138309,-0.07417545848422559,0.05735530323452572,-0.2666726303100586
Bartlein,Bartlein et al. 2011,,pollen MAT,55.0,15.0,-1.3567,1.0,0.7839746475219727,-0.6055104707676505,0.3346421687164653,-0.2426103076615877,0.2040257453918457,0.6115354737025096,0.7274343726636705,0.5733462996303949,0.3255020594544859,0.8576921536199574,0.20032286643981934,-0.3723885194482117,0.6358387805521467,0.38494352866134063,0.12995362281799316,0.6427745819091797,1.1516923904418945,0.9806203842163086,0.4887564182281494,0.16965885957082114,0.6743743293759534,-0.019890219719798576,-0.11458356949847176,0.30098208911674773,0.317752954511532,0.007558593405650115,0.32057494545251064,0.34948119128877264,0.2528374299144976,0.05430836147732202,0.2243448628319634,0.21873259544372572
Bartlein,Bartlein et al. 2011,,pollen MAT,67.0,-147.0,2.9046,1.0,-0.5147965240478516,-1.4691408357389297,0.3787654952723449,-0.5050081163925626,-0.594372777409023,0.49958545800298004,0.14456983076193147,0.7251250855732856,-0.21031516464643285,0.18793466423853375,-0.4565325260162353,-1.277832670137527,-0.2388271780774225,0.02872188835873771,-0.0680720329284668,0.1123384952545166,0.3973320388793945,0.026473541259765622,-0.48939577102661136,-0.4193185170491537,-0.035440929013948824,-0.5220040478548972,-0.5762019339001445,-0.6154634770481173,-0.6416014859423427,-0.5727257222069883,-0.09261382182889157,-0.30540859281032595,0.3491411862995475,-0.6829808473587041,-0.477052116394043,0.16594232665167918
Bartlein,Bartlein et al. 2011,,pollen MAT,47.0,101.0,5.45,1.0,0.005369852383931475,-0.4883787840297158,0.006763700244868342,-0.37026156904718205,-0.11027341286341326,0.1938020717672908,0.2126956345297292,0.18385154698679212,-0.2678853054569514,0.033212531812253664,-0.36596858501434326,-0.5603964096303296,0.0394342266023169,-0.28998802494545595,-0.1900731325149536,-0.11313161849975586,0.141084082921346,0.6384452040990194,0.006222829818725585,-0.6182563155889511,0.0734372494183904,-0.08801996997961885,-0.7609227128891041,-0.2917386091086432,-0.10254662869643195,-0.2820475804121095,-0.005826333947464856,-0.17136040116571621,-0.4162106822478099,-0.6062645693620042,-0.26365800201892864,-0.4271411922242906
Bartlein,Bartlein et al. 2011,,pollen MAT,65.0,-139.0,1.1138,1.0,-0.5721968650817871,-1.331994468511064,0.14264517050312664,-0.7744939199737788,-0.6070392025841603,0.4520699963360214,0.17947043202447943,0.5525352590208619,-0.27339350553006064,-0.00591844272712269,-0.41149396896362317,-1.3432685879253619,-0.09932613028016446,-0.13517542948415726,-0.10094618797302246,0.2142348289489746,0.3045145034790039,0.05209763844807943,-0.7903078238169351,-0.4526116847991944,-0.08305320045395592,-0.5815359041061684,-0.5181301576000357,-0.5170235899248179,-0.6018383199879637,-0.5369429498546965,-0.13414059760058838,-0.34202415763331556,0.3622585963229187,-0.651000470585294,-0.5075277593400745,0.1349658489227294
Bartlein,Bartlein et al. 2011,,pollen MAT,59.0,5.0,1.6567,1.0,0.8327601114908855,-0.36248252189165453,0.43293033981215684,-0.1539223443352615,0.15658225748274063,0.6844722801969969,0.5568227503623736,0.37643892979775917,0.27169019103717584,0.9018737928233083,-0.04802882671356201,-0.33516892991860214,-0.10107491426169832,0.16399172534682516,0.1094365119934082,0.8460397720336914,1.253629493713379,0.9806593577067058,0.5633663733800253,0.1555608908335368,0.581905795157204,-0.13266428055593416,-0.11639918703686122,0.05558192106149682,0.24133413312291535,-0.03763641794149451,0.3997923627607436,0.18737664011655145,0.18761048367836608,-0.09557180934482172,0.03389263153076172,0.19235513740115703
Bartlein,Bartlein et al. 2011,,pollen MAT,71.0,67.0,1.7,1.0,0.19303443272908527,-0.08674913864844155,0.8336712112041784,-0.511014954441179,-0.23863082143995445,1.8372099402334516,0.2952208053346451,0.46851176339599,0.9651753564778895,1.1678929475328292,-0.1553347587585449,-0.6742032709575125,0.2991539702583224,1.0184188697905605,0.7556972503662109,0.21291608810424806,2.0103185017903646,1.3308865865071615,0.7754797617594401,-0.2798738479614258,0.2567095023428536,-0.4188476180681287,-0.08760826014225954,-0.9162149334386964,0.43250000190878424,-0.032441171780438594,0.8682322788506398,0.32610733136106895,0.2612390143800776,-0.9276507642534045,-0.44182471964094383,0.32191326671176423
Bartlein,Bartlein et al. 2011,,pollen MAT,49.0,103.0,1.55,1.0,-0.041203311284383135,-0.2727490319055994,0.10351982569189774,-0.33602339061203,-0.15459345436758457,0.25956300075558814,0.3561981018739665,0.30170902726936977,-0.3406904710753605,0.1176325553724302,-0.4163992166519165,-0.4979527352321201,0.15898874178528916,-0.1401931894223194,-0.2111308157444,0.014237409830093384,-0.06762965520222981,0.9703849887847901,-0.037030259768168136,-0.6690665880839031,0.04062405191838765,-0.1459793729877818,-0.7011991559416952,-0.4049811351672941,0.011012659489525074,-0.14995809518017875,0.02835580424485731,-0.18481651929703716,-0.28523697739647325,-0.5911352588070762,-0.22736846274799763,-0.35039624207549624
Bartlein,Bartlein et al. 2011,,pollen MAT,55.0,25.0,0.3715,1.0,1.2110638618469238,-0.45571306619098517,0.38097152837312354,-0.08313905053847734,0.6045043998294407,0.6544676295009617,0.9427022731107939,0.5141864332684952,0.5172286372914859,0.8971185606267151,0.17513501644134521,-0.4579857352279084,0.6936409845948198,0.2216985497767764,0.07499980926513672,0.29374396800994873,1.297762711842855,1.2566943168640137,0.5838295618693033,-0.05456984043121338,0.6769941236625279,0.028751312025917953,-0.1286511265379835,0.20229776106984276,0.38653695342545713,0.01822750586366456,0.21665587746538115,0.4631327295852359,-0.04687811494653284,0.0028202401267156674,0.4855701526006062,0.4102514849768744
Bartlein,Bartlein et al. 2011,,pollen MAT,63.0,17.0,0.6895,1.0,0.91680225054423,-0.6663346835548093,0.6987690922560558,-0.25522186946775477,0.1589793729782104,0.8859308274504274,0.6670883895780142,0.40033664718074546,0.33593591413026,1.2890634831041412,-0.08077327311038951,-0.6210810354420583,0.1101404861319942,0.28766083864547093,0.26553150117397306,0.766340434551239,1.3713609075546263,0.7747391923268636,0.6589147575696309,-0.013405919075012207,0.5027660110425944,-0.3759331505515066,-0.29285385141052,-0.14176936781286206,0.4050669279472958,-0.07568106981781264,0.42074347572787196,0.32984736531081854,1.0567844420859136,-0.2607820689678198,0.051838558912276775,0.13967554815113542
Bartlein,Bartlein et al. 2011,,pollen MAT,63.0,-151.0,0.6101,1.0,-0.5467372608184814,-1.109140532605688,0.25037230680490224,-0.729208288424908,-0.5768783974647526,0.46358991372848324,-0.0851310209387003,0.5383610467583543,-0.21716875206173855,0.15211995788912078,-0.425203680992126,-1.5023968974099802,-0.1974677969773055,-0.14924678773915379,0.06759295463562012,0.2722233772277832,0.2322772153218587,0.1363502566019694,-0.9044638442993165,-0.3670109510421753,0.003084576137865529,-0.5905844968000731,-0.5319186108738527,-0.44669151266525786,-0.6855733276270671,-0.753401796627255,-0.2212054119529836,-0.30695069166501643,0.31967479290118317,-0.64833505153656,-0.4702480554580686,0.1342148494720459
Bartlein,Bartlein et al. 2011,,pollen MAT,47.0,19.0,-2.2463,1.0,1.1118657938639323,-0.8775008090653585,0.27627914851198115,0.12180021827272625,0.7475185553232846,0.4406971581367164,0.9256703406474821,0.7256302933010186,0.219740102435837,0.690620334007295,0.12072029113769531,-0.33579349466316133,0.8935964137315775,0.3184140743826953,-0.1295400619506836,0.14902591705322268,1.1794619496663412,1.660158208211263,0.3294985421498617,0.08538683255513509,0.5144313691550376,0.011699688817202757,0.0520942814138664,0.1610938401438043,0.07223865796290142,-0.14490904573117475,0.24202418157849345,0.3108849557685167,-0.13140017545294605,0.20541205406188962,0.6762177308400478,0.2776866669125029
Bartlein,Bartlein et al. 2011,,pollen MAT,69.0,-139.0,-0.2188,1.0,-0.2531126149495443,-0.8521029417256553,0.4991815224997087,-0.18480713718306496,-0.46804986953735417,1.190537996512501,0.8861727928496088,0.7730264185100233,-0.023004155628348084,0.3630301723936143,-0.3610897064208984,-1.083884045168906,-0.0449353666032967,0.23441375577683948,-0.06350202560424804,0.05587425231933594,1.3360811360677083,0.8379577891031901,0.41382647196451816,-0.009752988815307617,0.15810686085688325,-0.17500232078295416,-0.5097343401159827,-0.6963663469215473,-0.19532761933300208,-0.1310116271380229,0.16709069321420625,-0.24346291399720882,0.5684423203942525,-0.6591923793156942,-0.537014118830363,0.22944110870361356
Bartlein,Bartlein et al. 2011,,pollen MAT,69.0,-145.0,4.1047,1.0,-0.30247472127278646,-1.1583167931890797,0.5561453648247352,-0.27229650123495946,-0.5038692951202393,0.8271891346918154,0.410767965101313,0.8456721109305847,-0.10984384439233463,0.24879423121077748,-0.3554999828338623,-1.1049333048754364,-0.3143722690344378,0.21800731913455723,-0.03428840637207031,0.1619558334350586,0.7823143005371094,0.40149472554524746,0.03342150052388508,-0.2128925323486328,0.05408203715487761,-0.17966766494376918,-0.5355257641474459,-0.6494972581053224,-0.39391184597290096,-0.39343176495557586,0.08594816660871853,-0.23273263701261682,0.3451214643345732,-0.7106817563374836,-0.4580176671346029,0.04107487996419209
Bartlein,Bartlein et al. 2011,,pollen MAT,-39.0,175.0,-0.35,1.0,-0.4757131576538086,-0.030409959191323797,-0.08843144990008754,-0.1066081783876486,-0.34242022832234686,-0.04989951136126924,-0.17121124807580476,-0.013757106203393906,-0.3231080938235209,-0.2789549409879477,-0.38742589950561523,-0.5412100633798708,-0.06172927618026759,-0.12184985019140922,-0.43360185623168945,-0.48266029357910156,-0.018882369995117186,-0.04476000467936199,-0.33199106852213545,-0.25285792350769043,-0.10639168922034072,-0.38868962307257804,-0.2771292117094532,-0.08050461384943874,-0.20173685034316516,0.029111906637072936,0.003680102650829239,-0.21290338526235716,-0.0008527641032639831,-0.4190155665079753,-0.3944146633148194,-0.27403999964396164
Bartlein,Bartlein et al. 2011,,pollen MAT,61.0,91.0,-2.9,1.0,-0.0891783364613851,0.04506129063125438,0.2821600434645952,-0.5132698852195094,-0.21233396424187526,0.7372097981614666,0.2097129120221761,0.24541188610863907,-0.6807554863170162,0.5065508090460331,-0.4188013315200806,-0.4904718564295824,0.23105844912893614,0.4478445742020707,0.06748018264770508,0.1510540008544922,0.9617507044474283,1.3219216601053874,0.19189331849416097,-0.6157578627268474,0.1067113841549017,-0.34497481339716,-0.5386703663997501,-0.6828718781098175,0.25863524154006606,-0.1914568648249554,0.24110366574541262,-0.21794218952177974,-0.39014274501056034,-0.9057607650756838,-0.18310021956761743,-0.45601291868421767
Bartlein,Bartlein et al. 2011,,pollen MAT,61.0,39.0,0.1167,1.0,0.5533718967437744,-0.5965547189859125,0.4400220187715213,-0.3890715927132061,0.1687418735027314,0.8425186441302759,0.333843406715337,0.09990470852614164,0.32071691170589167,1.029976234106202,-0.11018799543380732,-0.7848727956748921,0.1027894299362038,0.1359372147239068,0.17895654439926148,0.11142390966415405,0.9076816892623901,0.676626033782959,0.6465126144886015,-0.41018182039260864,0.3634790335170912,-0.52213278675512,-0.41718092253293493,-0.1425607648295798,0.48923801002554834,-0.062586499601463,0.2322717412927685,0.5024406485965015,0.33468941456076523,-0.4731362919012708,0.13226206368870164,0.10147139529387145
Bartlein,Bartlein et al. 2011,,pollen MAT,53.0,1.0,0.795,1.0,0.6256459172566732,-0.5032724742487205,0.13519448602465928,-0.2755980566099415,0.008247435887654479,0.5118273405673164,0.43004098739267016,0.4764336007189319,0.18601686876469656,0.6622285494775624,-0.04191026687622062,-0.4180963304108401,0.08279958665370916,0.13885583621833286,,,0.996652119954427,0.992781639099121,0.38569057782491045,0.116120974222819,0.5121851808047275,-0.13115600822996434,-0.11077044199453195,-0.12130447143169794,0.14409230786548297,-0.1296789522804649,0.295165413893517,0.1188572902135381,-0.09148174328012754,-0.1008847766452365,0.04374880260891388,0.22630381266276023
Bartlein,Bartlein et al. 2011,,pollen MAT,47.0,-53.0,0.372,1.0,0.2322216033935547,-0.2528969329199468,-0.12271708950912052,-0.5528689753552476,-0.029124577840169908,0.4201542389921517,0.14567989680207422,0.20794958785848075,0.28362491975030035,0.6130889036483818,-0.4699027538299561,-0.354280178466805,0.6704450473189381,-0.03802187349850073,-0.20726428031921387,1.1444278717041014,0.8845490932464599,0.8028388563791911,0.5104581809043884,-0.25370772679646814,0.26789485651745926,-0.19511752233856963,-0.3577909007839545,-0.37431880597769307,0.1127806773129688,-0.2764407036425919,0.23236961640811932,-0.05825744365505163,-0.3782137881113372,-0.5939844899707362,-0.19851085344950298,0.56791713476181
Bartlein,Bartlein et al. 2011,,pollen MAT,59.0,-7.0,-0.4933,1.0,0.8504688390096029,-0.4282144605172739,0.2758707904961631,-0.1364398068708903,0.06854621463351783,0.6472557245336348,0.24476355270090527,0.25422843690951796,0.12469125262949238,0.7580443573470558,-0.09857723712921143,-0.39724983510793704,-0.19341854602098574,-0.015920862030295378,-0.1065664291381836,0.7878161430358886,1.248769823710124,1.0264004262288413,0.5218228117624918,0.18435633182525635,0.29515990241404905,-0.2632905133866613,-0.14535338058520086,-0.1314499917644673,0.11306845680083083,-0.1947172802318741,0.3788723510870114,-0.06046303754009071,-0.01854525195731815,-0.2890963501400418,-0.10181232028537306,0.1543985388014052
Bartlein,Bartlein et al. 2011,,pollen MAT,69.0,-147.0,0.4753,1.0,-0.3552690124511719,-1.226612862357957,0.5905246900718757,-0.2821961712683,-0.5077000284194948,0.7923497974163536,0.34232298018094465,0.8752470816204809,-0.06009148686764207,0.154135971261846,-0.3715728759765625,-1.1060071320590343,-0.3492413974633335,0.2144810465345943,-0.02531013488769531,0.13054800033569336,0.6858031463623048,0.3545068359375,-0.19031313896179203,-0.2143857479095459,0.039212976347236715,0.10712281781779734,-0.5516470592056774,-0.643700772456956,-0.4323330132312642,-0.429251210714581,0.05309793165099533,-0.2470103123043906,0.30760690223596193,-0.7366837501525879,-0.4447209040323894,0.11804316838582304
Bartlein,Bartlein et al. 2011,,pollen MAT,63.0,-129.0,3.3567,1.0,-0.28461931228637694,-0.9627102449795268,0.07457571323259121,-0.8239581531870448,-0.482357144355774,0.4862345896080097,0.08834179014033404,0.45597772601562975,-0.20608850713277152,0.1218902115434968,-0.2289694309234618,-1.2584422900014536,-0.06415730649938758,-0.16028390112558114,-0.10832786560058594,0.37772545814514163,0.2273302459716797,0.16910465240478517,-0.6380757427215576,-0.41853415966033936,-0.027458882286295012,-0.5765186553852403,-0.5287834545219348,-0.6587259751985554,-0.36613825302690295,-0.6864596508305346,-0.0994666480537886,-0.2446422517675413,0.06360948900489774,-0.5542920112609864,-0.5027667284011841,-0.16106367111206057
Bartlein,Bartlein et al. 2011,,pollen MAT,-33.0,19.0,7.5,1.0,-0.6110134633382162,-0.4674888399931656,-0.3348719836685934,-0.34680688641678126,-0.3919334729512533,-0.17664217525178946,-0.16775734601121572,-0.4302160838683919,-0.7527581578539793,-0.25544259999707664,-0.6372909069061279,-0.8241982811560438,-0.4364930778741838,-0.49569441354010374,-0.5750726699829102,-0.7607133865356446,-0.28260759989420575,-0.21813819885253904,-0.47930298487345374,-0.5194199085235596,-0.653041934463317,-0.6281146213741253,-0.5834358931065795,-0.7261501371919943,-0.40613015772912303,-0.4260783607836925,-0.2103419634614635,-0.48762218826284975,0.006567409202162573,-0.5517221132914227,-0.5350872039794925,-0.3781679662068685
Bartlein,Bartlein et al. 2011,,pollen MAT,39.0,109.0,-3.8,1.0,-0.5203054237365723,-0.8050194455060703,-0.21206275780507944,-0.8831826997780807,-0.2402253500620511,-0.09201520381900444,-0.25009516506143653,-0.007475649259641918,-1.0360823915464645,-0.18092876187271337,-0.658832585811615,-0.98253519010452,-0.39667632728815005,-0.4951299205942077,-0.2932921886444092,-0.4824910640716553,-0.1212399164835612,0.0920951271057129,-0.16019658088684086,-0.4387866258621216,-0.04104124261200183,-0.6004287474092919,-0.8808087095850878,-0.6890158576689132,-0.43992276178851747,-0.8361298373466739,-0.18190468715914548,-0.6200620706430431,-0.9390234501388636,-0.9495102008183796,-0.3487794081370035,-0.6248395530382792
Bartlein,Bartlein et al. 2011,,pollen MAT,31.0,117.0,3.6,1.0,-0.24461483001708983,-0.7815718076259119,-0.25940473249027696,-0.7457132539132404,0.4078701803419324,0.01976917089679328,-0.3985731199640578,-0.35989255663839603,-0.40621005298781154,0.14442574951402265,-0.5608781814575197,-0.48238448385988886,0.044235169887543134,-0.6732418594885073,-0.5258416175842285,-0.31563549041748046,0.027728805541992196,0.56643798828125,-0.1315101146697998,-0.6049551963806152,-0.44283302020731313,-0.8751982567996759,-0.8788102424732878,-0.6447776086894718,-0.65434908625072,-0.6689469091049534,-0.21274760511218518,-0.502759130381099,-1.1177293981748326,-0.7818180402119952,0.14142564137776598,-0.49359652625189865
Bartlein,Bartlein et al. 2011,,pollen MAT,43.0,9.0,-0.4148,1.0,0.42382675170898443,-0.5613622989209919,0.13296658826157037,0.023482492791368985,0.24709848933749695,0.4238884352287176,0.6428578407026726,0.647084121846689,0.2019853766522842,0.3874499152414571,0.014047718048095703,-0.27709899238223223,0.1958164572715747,0.2951827593842144,-0.1475296974182129,0.18188753128051757,0.6346629333496093,0.8808035278320312,0.2726299285888672,-0.03269044558207194,0.3397295948680949,-0.10696729405095377,-0.17982669434617307,0.043723431262080864,0.06611232741067892,-0.31488410219449103,0.30263240774309924,0.19981259780705693,-0.05605881626486886,0.04415356847975019,0.23666671646965937,0.061127818425496416
Bartlein,Bartlein et al. 2011,,pollen MAT,25.0,11.0,5.35,1.0,0.09934412638346354,-0.6802350756799738,-0.2998361210979215,-0.21922232694076574,-0.08078023062811962,0.231722088304405,-0.21932999487505764,-0.021560088494489336,-0.6322401531184555,0.16708759723698108,-0.4287871360778808,-0.9208423218460957,-0.36602330207824607,-0.3360665455672045,-0.7135526657104492,-0.35311298370361327,0.4275290171305339,0.43419227600097654,-0.19202518463134766,0.04046503702799479,-0.04081954539597152,-0.387991621928124,-0.8423228707727248,-0.41986317060412326,-0.41048783580180426,-0.48501662336748275,-0.008965838924094919,-0.20042691505330446,-0.2556523104879169,-0.1663766966925725,0.0710744327969021,-0.11404779222276483
Bartlein,Bartlein et al. 2011,,pollen MAT,53.0,109.0,-2.2,1.0,-0.053863808314005536,0.0781362622516318,0.18309797418846624,-0.45283483468313723,-0.05002865950266544,0.4795956837489242,0.39713185593001193,0.38225825498294025,-0.30046295519462074,0.29646357160380166,-0.48762531280517585,-0.4526807141160144,0.2605415508151053,0.05643211476999271,-0.17703284025192262,0.14800992012023928,-0.10909681320190429,0.2931822713216146,0.14688026507695517,-0.8385361035664877,0.07631366962947429,-0.2362996886647159,-0.6544259558992463,-0.13124454487627607,0.20678818677589872,-0.13527769249775745,0.12703486417658771,-0.1681369173092972,-0.2247507703943804,-0.6676962077617645,-0.14863461322254598,-0.4839336469438344
Bartlein,Bartlein et al. 2011,,pollen MAT,49.0,31.0,1.0308,1.0,0.9805818049112957,-0.8507059788638898,0.31803165936174754,-0.08591873744654277,0.5758266438378223,0.6277964264010987,0.9915665901445625,0.6417588056556134,0.4304822263930079,0.7761756456772746,0.11622829437255863,-0.44192703683390283,0.7060040146112437,0.10283662415838478,-0.0365231990814209,0.09959239959716798,1.1667718124389648,1.1875459035237632,0.567489128112793,-0.11664831638336182,0.6739491062859645,0.1968173833311597,0.21837332907508625,0.4406660829012615,0.12423031080581437,0.11460233341591655,0.261510291913278,0.5171617513756779,-0.10276588271390472,0.0931325806511772,0.5252750502692333,0.29453029526604546
Bartlein,Bartlein et al. 2011,,pollen MAT,69.0,13.0,-0.658,1.0,0.9016299120585123,-0.6887708903844212,1.5217353410430783,-0.2948265678803096,0.1566464900970459,1.0373331782530881,0.4825106135653223,0.3057053401842754,0.7621489045377519,2.192770361339534,-0.1619419991970062,-0.7498526103785204,-0.7306502193973394,0.04908964061960608,0.3217941790819168,1.227608895301819,1.7796650632222497,1.080930658976237,0.6412103589375814,0.13777732849121094,0.5747735084675616,-0.29017411509308494,-0.16826900964470073,-0.19749275751741752,0.4234975044845364,-0.10838223339425038,0.7014751599870126,0.21163609097819278,1.0279401781728095,-0.23743524154027307,-0.1162969678640365,0.40853029727935813
Bartlein,Bartlein et al. 2011,,pollen MAT,51.0,107.0,1.675,1.0,0.001201856931050618,-0.09819006324059555,0.15143099763749543,-0.38904650395393847,-0.05439021875460959,0.37346797926759,0.4587734150620513,0.3928655542864923,-0.42034362306792145,0.03092059634298002,-0.4943512201309204,-0.4991487892344205,0.20635232478380225,-0.050147780243171666,-0.22080211788415907,0.12709252834320067,-0.7531606769561768,-0.41957779566446946,0.05524448434511821,-0.7234768718481064,0.046643872651782714,-0.18793645868820968,-0.6790957914795555,-0.1703875526684399,0.12161552293350765,-0.14051814674410926,0.06044467730522213,-0.15342089582973836,-0.27003526186946586,-0.6264377464850742,-0.12808411692579585,-0.48216929038365686
Bartlein,Bartlein et al. 2011,,pollen MAT,41.0,115.0,0.2333,1.0,-0.46663913726806644,-0.7157247440944776,-0.22110467519934357,-0.7010802036517884,-0.11000388993157352,0.05687284613788378,-0.155172769660616,0.06829719369165384,-0.8243484569757593,-0.3336695084096278,-0.6785324364900589,-0.8637441681547724,-0.22608701400458625,-0.4132891840980274,-0.6856590509414673,-0.5956108570098877,-0.44769446055094403,0.01367092132568358,-0.10676923394203186,-0.3859490950902303,-0.06285919718222512,-0.588943306555873,-1.186755798181397,-0.49877855971885693,-0.36784265878393974,-0.99057737969915,-0.4588568904476375,-0.7834370475639413,-1.0878942338971773,-0.9335635006427764,-0.487863249248928,-0.641577699780464
Bartlein,Bartlein et al. 2011,,pollen MAT,69.0,29.0,0.3765,1.0,0.7593889713287355,-0.5312709207120688,0.9709009453582498,-0.5609526253558792,0.018672042290369714,1.102226122648502,0.479789389184369,0.38336436606340535,0.8617362912040716,2.021176502607344,-0.28659639358520506,-0.9231987997595309,-0.33949146769491106,0.1805672062161124,0.48105316162109374,0.9657254695892334,1.8903019968668622,0.9531069310506186,0.8050190695126851,-0.12259894609451294,0.29295998612291635,-0.5339228805161446,-0.3285805855273499,-0.3627002466579202,0.43520944427284003,0.04311714344444108,0.7767029200115142,0.4256458420916611,1.3519567454533352,-0.476464581489563,-0.07925296227137238,0.3765729204813641
Bartlein,Bartlein et al. 2011,,pollen MAT,71.0,31.0,0.063,1.0,0.9213078594207764,-0.7038165685179084,1.1579351720978939,-0.5877110649208884,0.014225910140407975,1.779867548783296,0.741211271738291,0.49246330517247633,1.4750437152947047,3.9202424026578564,-0.2999624013900757,-0.9926031103145723,-0.6422118366602373,0.30468492878952175,0.3948698043823242,1.4872310161590576,2.9044237899780274,1.3177198092142741,0.7753971993923185,-0.11858703009784222,0.2699637169290682,-0.3695869955286539,-0.14030403630532326,-0.5674230335968854,0.47868395264725233,0.03867272356043881,1.392129276641644,0.43500620774872084,2.1123922704933316,-0.3128055310911604,-0.13138766392237608,0.4614627435472274
Bartlein,Bartlein et al. 2011,,pollen MAT,55.0,-69.0,-0.839,1.0,0.2206477165222168,-0.42896897811818563,-0.07565251206478096,-0.5735659708535108,0.08593289057413729,0.3690505743891376,0.15517203670607765,0.3333521926169197,0.2147318696361552,0.5873080161241965,-0.42376389503478995,-0.5280754299139178,0.32234638184309106,0.11463574633669456,-0.3188678741455078,0.16893930435180665,0.8229402542114258,1.2038644790649413,0.4182416915893555,-0.3098737796147665,0.13796063098988037,-0.4774681188376479,-0.5975048505882837,-2.269303920371863,-0.03195033840727485,-0.4870895785808644,0.3371483722726577,-0.29291079186149793,-0.27743014768422747,-0.5637955771552192,-0.2941966533660888,-0.40726722346411764
Bartlein,Bartlein et al. 2011,,pollen MAT,41.0,75.0,4.35,1.0,-0.09123950004577636,-0.5156481997760911,-0.050283481841306654,-0.27392925680449476,-0.1786322711242566,0.029327262374602897,0.09017850199734562,-0.1334674576998562,-0.05331090615601348,0.1654862970881486,-0.4067075252532959,-0.6173336032682396,-0.23609694689512256,-0.2975810538027898,-0.4404432773590088,-0.14701378345489502,0.48007378578186033,0.7374976396560669,-0.4630731239914894,-0.34152334183454514,0.24064127450103137,-0.07859439843396099,-0.554156837725257,-0.6217502838426519,-0.022716424749473038,-0.2644792962709411,0.15497564937940606,-0.025677236926867547,-0.40343102205080295,-0.47206305132972015,-0.17728411489062848,-0.2951746536625757
Bartlein,Bartlein et al. 2011,,pollen MAT,69.0,19.0,0.3385,1.0,0.8202419535319011,-0.4868057473025313,1.3152981881106074,-0.33214383286936383,0.0950087551275888,1.0015701719313905,0.6545478513450198,0.3302106099388549,0.7775622525836072,1.798329578299029,-0.21845904588699344,-1.1330460149820194,-0.3467694754051109,0.09746158841787603,0.4588247299194336,1.0804080963134766,1.6038301293055217,0.9186159261067708,0.755082253019015,0.05966073274612427,0.3862677212133426,-0.34882674411262893,-0.29986129047449,-0.21440233969683922,0.39611075072068275,-4.5982270199373585e-05,0.7091608419957924,0.29829739794131316,1.155856079387968,-0.3929235801100731,-0.08064376066128404,0.40279455025990807
Bartlein,Bartlein et al. 2011,,pollen MAT,-1.0,29.0,-0.75,1.0,-0.6865644327799479,-0.8332041458301556,-0.42205657645692074,-0.2964849412545352,-0.6070683013068305,-0.25275042694317973,-0.4115239999906022,-0.39913605836335936,-0.4866110481317483,-0.46791574639071737,-0.611401653289795,-0.7842940715331522,0.7053678870201099,-0.4966974437414753,-0.9303403854370117,-0.8196737289428712,-0.3775958506266276,-0.24254262288411463,-0.8706733957926431,-0.5145300229390461,-0.39358730014648524,-0.5265917842182352,-0.6219681826077657,-1.4177655831796665,-0.7412555096089805,-0.773052176654915,-0.6378491642917692,-0.528198611381377,-0.42456147375034403,-0.5680310885111491,-0.40864963531494136,-0.3564516056908502
Bartlein,Bartlein et al. 2011,,pollen MAT,47.0,-113.0,0.21,1.0,0.037879378000895185,-0.15361401402413344,0.09123405387367695,-0.1632933394612414,0.013127803802491754,0.595650221380605,0.7345321837965444,0.41041135259698147,0.1538617234484589,0.3877313420284441,-0.056443569064140324,-0.7921214091427621,0.4458887905813749,-0.026010594708359286,0.3085180282592773,0.11669504642486572,0.580451602935791,0.6597787157694499,0.012394479910532632,-0.6879282991091411,0.30093758260769626,-0.14812914374310215,-0.07653282273696901,-0.4048523097789287,0.4185268464929751,0.07398605080748222,0.31042470505003816,0.2055896620571326,0.215929719050435,-0.32979913552602164,-0.35189013216230597,-0.14711795952585022
Bartlein,Bartlein et al. 2011,,pollen MAT,23.0,117.0,-2.8667,1.0,-0.6647743225097656,-0.5448467304494733,-0.6500735405539098,-0.7253743311818959,-0.5635914717780224,-0.2734817828465006,-0.4832903222726408,-0.5076795376766087,-0.562894825560165,-0.35044575481223095,-0.695219421386719,-1.2102748879868295,-0.8323559582233431,-0.5662734338203514,-0.6850193023681641,-0.5073696136474609,-0.47004150390625,-0.1821075439453125,-0.7032902336120606,-0.6122899055480957,-0.6501753275824773,-0.845442433394333,-0.9778340252814195,-0.8107107797209449,-0.77185076289226,-0.8619242189762754,-0.40444490186320875,-0.7548899461495375,-0.6291558969510491,-0.7599072138468432,-0.549198235405816,-0.5639558262295193
Bartlein,Bartlein et al. 2011,,pollen MAT,67.0,-149.0,0.6321,1.0,-0.5210775502522786,-1.5014385526752048,0.4106508466935254,-0.5719266399216657,-0.5827314143710661,0.5206860720810668,0.09862274174603156,0.7507123965589467,-0.1856394295488109,0.17532687740540176,-0.4465696334838867,-1.2727764799227956,-0.23334225711194811,0.016063862721342647,-0.010596656799316406,0.09299225807189941,0.3433681996663412,0.023403371175130205,-0.48271397908528646,-0.41431776682535815,-0.03220823190223389,-0.4866877377468032,-0.6059300029351747,-0.6902980648329554,-0.6573623921601865,-0.6252767497357294,-0.08174452589511823,-0.2941691721401809,0.3335759520395301,-0.7125728448232023,-0.4786092705196804,0.18836778852674693
Bartlein,Bartlein et al. 2011,,pollen MAT,59.0,-45.0,-1.965,1.0,2.4079683780670167,-0.5078055761286102,0.7488722719949303,0.24914748247333923,0.7857950343026058,0.877510464156537,-0.07160824625243221,-0.18999448518681616,0.7475631548006599,2.8524886365058664,0.5496672987937927,-0.41301024407952613,1.007162010483444,0.31541927553710325,0.0782163143157959,1.3309963941574097,3.1151198387146,2.1682878971099857,1.5514100790023804,0.18621211498975754,0.14223660002501773,-0.5333305106132675,-0.08604632729329766,0.24083393509837636,0.3350545683623647,0.10466652186781575,0.6582611078507985,0.39685624710107076,-0.5195255501259742,0.0954012804561202,0.6108270353741135,0.9804351462258233
Bartlein,Bartlein et al. 2011,,pollen MAT,45.0,1.0,-1.1347,1.0,0.4609282811482748,-0.8669764981440335,0.01095061293012839,0.07625705825136814,0.3264386177062989,0.46008447369857386,0.5357541101640432,0.6672603040652431,0.10824997336828585,0.38947913770263465,-0.012416219711303711,-0.3494653379818215,0.6192302256822585,0.29951007054210405,,,0.6667258580525717,1.2689520517985025,0.15401986440022786,0.026844263076782227,0.3385270869149353,-0.25388078689575194,-0.21025286497105908,-0.10642395606623076,0.007387241796049149,-0.253863727247055,0.29884859185817086,-0.029586253538152456,-0.23717345385765043,-0.04257159233093248,0.27547678947448745,0.1809407711029054
Bartlein,Bartlein et al. 2011,,pollen MAT,51.0,-5.0,1.0567,1.0,0.5373280207316081,-0.4330135180820768,0.06613668605864859,-0.10956506270598271,-0.026634486516316672,0.5039842651607993,0.2962592329978771,0.36904818007361934,0.1073669574745436,0.6189893998256148,0.007418155670166016,-0.39844852928555935,0.01992664635181416,0.14740224019009424,-0.16988372802734375,0.4892873764038086,0.8302499771118166,0.9293582280476889,0.31381157239278157,0.10461735725402832,0.48851432879859596,-0.09784620623321426,-0.22184508575584333,-0.07714527795551768,0.006960149937779459,-0.23738184189561432,0.3309251250901266,0.08267117053168649,-0.2824826371630379,-0.16610797246297196,-0.004766066869099923,0.09991416931152342
Bartlein,Bartlein et al. 2011,,pollen MAT,49.0,7.0,3.276,1.0,0.6483050028483073,-0.7924796555064434,0.058017861893200136,0.05564067207889251,0.19916940795050533,0.44245596961529454,0.6125367012748077,0.6724370101695377,0.27967278354724756,0.5243271563455671,0.12916879653930663,-0.35505205438540516,0.874628987908362,0.4125767743070443,-0.17568321228027342,0.20099191665649413,0.8380595270792643,1.5166927719116212,0.2501428286234538,0.170792818069458,0.47799897150790904,-0.10765843289089931,-0.18948142845111182,0.10179936798838318,0.09584241774638844,-0.1489242267369823,0.2386503978097827,0.1262556826406031,-0.11664495975764991,0.05912939707438161,0.3629060745239249,0.30892244656880696
Bartlein,Bartlein et al. 2011,,pollen MAT,63.0,7.0,1.599,1.0,0.8904898436864217,-0.4830888441948512,0.638492966480949,-0.2126997841426238,0.1518392896652222,0.769612056932643,0.5537369248922661,0.32944403546169465,0.3835302784897318,1.1173992968380426,-0.11684938222169856,-0.4380867820221204,-0.14118014094566367,0.14353666154948333,0.17317098677158355,0.9154114365577697,1.425680964787801,0.9959182294209799,0.5809026239315668,0.08827042579650879,0.523396237151198,-0.1710632306143778,-0.11525658722171937,-0.027248403038844193,0.2740579947851017,-0.06354003088193722,0.43484317159519426,0.14846818663921837,0.6224640403480908,-0.21956217288970903,-0.025314044952392558,0.27250447928905486
Bartlein,Bartlein et al. 2011,,pollen MAT,-35.0,19.0,6.9,1.0,-0.4112188975016276,-0.3354451840284152,-0.2739416106663124,-0.29413831384125055,-0.2844220479329427,-0.1318190662278581,-0.06325747808921965,-0.41884863626131713,-0.3190682880985741,-0.23071315776877416,-0.4670132637023926,-0.7235924535329153,-0.4876733571290968,-0.4161377349782628,-0.4570173263549805,-0.4925240516662598,-0.047678502400716145,-0.08125826517740886,-0.35625257492065426,-0.31219244003295904,-0.8007787762606704,-0.5135783012492423,-0.5434224946579218,-0.5208691187784841,-0.3819927153925271,-0.4152449155608449,-0.1493217663323798,-0.38183342790683134,0.021327116282648724,-0.47709022098117415,-0.3878367741902671,-0.35338513056437176
Bartlein,Bartlein et al. 2011,,pollen MAT,-19.0,49.0,0.8,1.0,-0.5388911437988282,-0.3084516281272558,-0.27750997238431097,-0.125559607909674,-0.34703513675265846,0.036240853731001284,-0.3103001082965305,-0.231990773574209,-0.14747083477084827,-0.26074456081972025,-0.36658716201782227,-0.657885775550153,-0.28316738009452813,-0.268946214745874,-0.4536174774169922,-0.20183219909667968,-0.13144134521484374,0.043029734293619795,-0.43544735590616857,-0.2854188283284505,-0.2323122752624484,-0.4429860042822914,-0.3943073270059184,-0.35148027836906115,-0.39766635310763665,-0.3411281951603473,-0.2575460871438038,-0.45630875669872123,-0.30475358793582674,-0.2009453561570909,-0.4402412096659343,-0.17572533077663843
Bartlein,Bartlein et al. 2011,,pollen MAT,51.0,-91.0,-2.13,1.0,0.01145303726196289,-0.40141041129875804,-0.3283625660044702,-0.49725235162595793,-0.2120045886437103,0.4938740579907256,0.3959792378792042,0.330715280831408,-0.04690124989692914,0.1287176998974625,-0.5107169687747954,-0.9661536097755405,-0.08883763607591402,-0.338011044947105,-0.3461071580648422,-0.17177760899066924,-0.5050977555910746,-0.10834035317103069,-0.055082188198963794,-0.8785444349050522,-0.1631237902407032,-0.5562173746080861,-0.8347908896535724,-1.0892317851522721,0.010356824784238071,-0.6048261486875639,0.25029280919978475,-0.32778928953077213,0.015397645477224713,-0.7154618640740711,-0.3562704890966416,-0.5565347429116567
Bartlein,Bartlein et al. 2011,,pollen MAT,69.0,17.0,-1.4407,1.0,0.8401528867085776,-0.5312564306803648,1.4667437586588525,-0.301280005298412,0.1544307173291842,1.0236647176859488,0.6162470536458241,0.320352379760994,0.7334062705835616,1.8884589385350026,-0.21657267808914185,-0.9765366247201175,-0.49301542006582644,0.06446914618912741,0.38746818304061886,1.0970151185989379,1.716055153210958,1.0098745155334474,0.7297398966550828,0.08905141055583954,0.4537390038691673,-0.31924255886678393,-0.26701409400843834,-0.2739686826239988,0.37535703354601674,-0.04208834920434449,0.7420163950424361,0.2346619892265105,0.9796769044252004,-0.3338819762070974,-0.08256873687108349,0.3709419620037076
Bartlein,Bartlein et al. 2011,,pollen MAT,37.0,-85.0,-0.939,1.0,-0.027942721048990884,0.5833919180920685,-0.2998177193295494,-0.229906107608106,0.3203687614864783,0.3846056533262887,-0.01985427738245762,0.16270972312175647,-0.2877013954645125,-0.15967717016751148,-0.4797523021697998,-0.610314926079137,0.3277551680803298,-0.24277592077584223,-0.4396038055419922,-0.4716663360595703,0.953024419148763,1.1603750228881835,0.1531363328297933,-0.5328683853149414,-0.028685683280662823,-0.48415320537668566,-1.0755819442723609,-0.17719257449636855,-0.1462405475549182,-0.22899195352534443,0.135055203606985,-0.19196938341226785,-2.1401189015890183,-0.3138181368509929,-0.01718748940361836,-0.22112816704644095
Bartlein,Bartlein et al. 2011,,pollen MAT,57.0,33.0,-0.22,1.0,0.9398804092407226,-0.7866964317158686,0.39646568349697375,-0.10104306175811784,0.49187540690104126,0.679063495434452,0.6466010750312723,0.15389930365378035,0.5396325046883862,0.917002828758485,0.06496446132659912,-0.5564867486584714,0.42001131186261575,0.14964557309326915,0.07569072246551514,0.15198615789413453,1.120271167755127,1.0496242713928223,0.646975849866867,-0.2487945258617401,0.5541130063882722,-0.21682486527761705,-0.18070005504224335,-0.00440579579743712,0.4626448115902726,-0.06116303367789509,0.1838927689100749,0.5503893931448801,0.12024762702561018,-0.21993216673533134,0.37137512365976955,0.37044653654098514
Bartlein,Bartlein et al. 2011,,pollen MAT,31.0,-85.0,-1.14,1.0,-0.11426277160644531,0.5420040139328315,-0.14545720435493686,-0.27237259016426435,0.7975812064276804,0.1819835810091449,-0.25560962919498814,0.10853442825524182,-0.4388644728450525,-0.17577917314267116,-0.47216129302978516,-0.3963651652343957,0.036057275533678275,-0.22182036855474224,-0.47362518310546875,-0.5107917785644531,0.4758867899576823,0.809137471516927,0.014257017771402994,-0.33727248509724933,-0.036660932450351964,-0.4159490502583373,-0.6906001555882144,-0.023417415135196885,-0.45958387074449053,-0.3335332937190158,0.01221199712313258,-0.1928488079769377,-2.0637917905881444,-0.2423954539828832,0.5294177797105605,-0.3416539933946398
Bartlein,Bartlein et al. 2011,,pollen MAT,37.0,101.0,0.0,1.0,-0.09903277119000753,-0.8993138408900052,-0.3930747512201751,-0.3646633336247634,-0.2996396559476848,-0.1500294427103939,-0.022118844416257267,-0.30951483346739356,-0.4870517467423481,0.0008302411359182634,-0.677085280418396,-1.0764373553796154,-0.4143984630703926,-0.7574686029579316,-0.822235631942749,-0.6308480858802795,0.11878635009129843,0.4738880260785421,-0.5520836132764816,-1.0337576766808827,-0.1197554382522919,-0.47893895112581525,-0.6369859093835588,-0.9860564560156663,-0.4858715829618388,-0.6614023558367425,-0.028619183481150456,-0.2697734051768448,-0.45927000598254175,-0.706510059038798,-0.3835951699150933,-0.3562342548370361
Bartlein,Bartlein et al. 2011,,pollen MAT,45.0,23.0,2.269,1.0,0.911270014444987,-0.8772394035704273,0.3171898820906199,0.2658358716817838,0.8675661563873285,0.5094318341197703,0.8650427421268212,0.77079222111343,0.22694184792200803,0.7044395136426163,0.0809947967529297,-0.3403352536861197,0.932312399148941,0.2935974221913414,-0.12977943420410157,0.04437799453735351,1.0086093902587892,1.505847231547038,0.3790874481201172,0.02111673355102539,0.523377217786218,0.009209918975830077,0.16877075915055922,0.3657067932695872,0.08768459486659702,-0.11237994800868448,0.2599883477579301,0.3765021902819778,-0.15432613090425876,0.19880843162536618,0.5744808197021487,0.43120660781860337
Bartlein,Bartlein et al. 2011,,pollen MAT,35.0,47.0,-2.951,1.0,0.1671805699666341,-0.6289550327474787,-0.008776984488777647,-0.45330367211886413,0.15293816460503468,0.2586363543324063,0.03008290362835503,0.391746602573843,0.02526035536072485,-0.2280020777681929,-0.39640097618103026,-0.5023920816843699,0.14754776656627655,-0.11905371447714509,-0.5312024116516113,-0.31556081771850586,0.7539357503255208,0.4740402221679687,-0.16793080170949298,-0.18163601557413736,0.2183669563778158,-0.4069521603962909,-0.2628165010033677,-0.34169087373692286,-0.09149269570568624,-0.33076774709472423,0.5145002917049328,0.2469133816832248,-0.23437890594155628,-0.1990883827209471,0.17310220930311282,-0.2368922445509168
Bartlein,Bartlein et al. 2011,,pollen MAT,13.0,11.0,-0.1,1.0,-2.0855211385091144,-2.4457732282315403,-1.3902982025194301,-1.5651088866220573,-1.6733357344733344,-0.9791828601665479,-1.2308281672680077,-1.1192220890298024,-2.7364718768120695,-2.4748099895147093,-1.6723481178283692,-2.222178277348444,-0.9226747334003443,-1.4730551798913032,-2.1373126983642576,-1.6215740203857423,-1.4783734130859376,-0.7574157206217448,-1.883932050069173,-2.2251393000284834,-0.7787603624128727,-1.793266264230818,-1.8385597552352888,-1.9796124438180935,-2.842519638203278,-3.0816640408822873,-1.2157644276391528,-2.1190235730234734,-2.7161294426646365,-1.6097315682305233,-1.0166550954182938,-1.685202660030789
Bartlein,Bartlein et al. 2011,,pollen MAT,39.0,-1.0,-3.4833,1.0,-0.03833908081054688,-0.4506089589291667,-0.03531202432173304,-0.15051227299004277,0.08862800598144478,0.41547206052424795,0.48812802827573293,0.41723942269707553,-0.1890904120234205,0.24973999005784273,-0.11884002685546875,-0.423767233580173,0.15803874731063974,0.13495172606102682,-0.22075595855712893,-0.1361940383911133,0.3229161961873373,0.5525559997558593,0.0942334270477295,-0.24795031547546387,0.22387072399075464,-0.33223025058866007,-0.15638983115263708,-0.23629983328946638,0.15372941921981834,-0.3525806800373372,0.2926661891584409,-0.0952626674860558,-0.30100502785204974,-0.16496645609537755,-0.06449998219807947,-0.1203736432393391
Bartlein,Bartlein et al. 2011,,pollen MAT,59.0,-123.0,-5.89,1.0,-0.41621511459350585,-0.7411692224911695,-0.022119892596087827,-0.5657838013741862,-0.39824285027053635,0.5074663610607972,0.28139548658914804,0.38024605880446344,-0.3813920252956077,0.01111912251645857,-0.277987515926361,-1.0983047564496529,0.08991719037294327,-0.14890447458526898,-0.20732405185699462,0.15990137904882432,0.23107881546020512,0.36276247024536135,-0.44758486032485967,-0.4255734980106354,-0.029941913794306114,-0.5998233972096358,-0.3760889808250495,-0.7383850635973976,-0.2144514657312852,-0.6149214320952716,-0.09054869028937193,-0.2193264025777642,-0.07850595044950459,-0.5492823958396913,-0.41358701719178126,-0.3470685052871703
Bartlein,Bartlein et al. 2011,,pollen MAT,47.0,11.0,0.5383,1.0,0.3871320025126139,-0.9099306108392501,0.1260903490134611,-0.00465114930634513,0.2387821552488535,0.42056331739917174,0.6823093923689703,0.7330939589910499,0.10309670035761698,0.4504576491991368,0.011281704902648926,-0.34443646094493463,0.7759106174111365,0.42705671336508116,-0.253108286857605,0.10302901268005371,0.6902313423156738,1.3231952412923178,0.03395135243733724,0.03548844655354818,0.4425769908951843,-0.04515372979927778,-0.13401972505000176,0.07402715447137073,0.13497660405881845,-0.19599309327664197,0.19207567195545405,0.12084900630939102,-0.16353662628629193,0.09843798743353922,0.3429860485924621,0.03909283849928124
Bartlein,Bartlein et al. 2011,,pollen MAT,33.0,-79.0,0.617,1.0,-0.23552251180013023,-0.30439592957708717,-0.21038644916924232,-0.3105128641868211,-0.046286411285400474,0.1869684432913209,-0.1654123955928521,0.2830263124520986,-0.18559876766829167,-0.16124866537937843,-0.4068019866943359,-0.6214057508218309,-0.20249126553535346,-0.23977340665490543,-0.3260669708251953,-0.3707851409912109,0.2274346669514974,0.3899172210693359,0.062054958343505856,-0.37933969497680664,0.063801199065412,-0.4440559474114985,-0.6400711260056112,-0.18628699855013783,-0.32363682152008066,-0.40038163066620147,0.006621084708253512,-0.21792449624594443,-0.8945507730774689,-0.16507428487141954,0.10738347371419393,-0.25877726236979176
Bartlein,Bartlein et al. 2011,,pollen MAT,39.0,117.0,-0.6667,1.0,-0.5763523483276367,-0.5019283594506211,-0.13404147242279796,-0.911770115637465,-0.08867270787556794,-0.05241188159736631,-0.30548513648541,0.030349177452379805,-0.9649564555530438,-0.4212351476990886,-0.7577690124511713,-0.813869560119347,-0.3678109437227245,-0.36894237942073205,-0.35372285842895507,-0.45317726135253905,-0.6102634048461913,0.2949211502075196,-0.18030052185058593,-0.5795636177062988,-0.15002400404920788,-0.7050455007905072,-1.1781870203117297,-0.33640886741406933,-0.538584890118133,-1.1493034189777394,-0.6683887819950118,-0.8686820953137295,-1.2686562247415585,-0.8400067647298178,-0.34058074156443285,-0.6465004253387452
Bartlein,Bartlein et al. 2011,,pollen MAT,49.0,75.0,-0.5,1.0,-0.16711673736572266,-0.13777370274615902,-0.05825658330168875,-0.4284725168710818,-0.39181571139229565,0.15691587100258003,0.001111530513641025,0.059447129966108375,-0.4238358728854283,-0.08627080572044078,-0.5415535420179367,-0.812238042502727,-0.40747188683598934,-0.34779567612674356,-0.24178892374038696,0.006404519081115723,0.651706600189209,0.650413703918457,-0.1691972315311432,-0.48354281981786096,0.3223388694604481,0.024467417314496386,-0.9204676607242711,-0.37499531633211725,-0.10495585451630127,-0.15770227858001912,-0.2676974086240424,-0.17435664708179158,-0.6415299964407121,-0.9052787754270775,-0.3752080202102661,-0.5217562556266784
Bartlein,Bartlein et al. 2011,,pollen MAT,45.0,123.0,-1.6333,1.0,-0.32382783889770506,-0.5041586889796361,-0.08954050905308622,-0.6722435374798209,-0.13371586799621565,0.3273964479670805,0.021545212127375583,0.22118194607075972,-0.5191640332208947,-0.09580162693556438,-0.6433507084846497,-0.6092612543952163,0.2541068606078626,-0.28434002990244417,-0.6400234937667847,-0.347334623336792,-0.5187104225158692,0.40268735885620116,0.11701858043670656,-0.5893821716308594,0.08573146514698193,-0.4752573430538177,-0.6573480230107533,0.025676686622612382,-0.09627363988827349,-0.5923261193564738,-0.2159153033346393,-0.3220394736250131,-0.8099370739405272,-0.794637799263,-0.32532234191894466,-0.7253206372261048
Bartlein,Bartlein et al. 2011,,pollen MAT,69.0,87.0,1.65,1.0,0.023701744079589845,0.1400344715367629,0.5490255751899323,-0.09368368310025726,-0.2046612485249839,1.089999010825844,-0.009325844917333412,0.24255855531778533,0.5164351819270256,0.9077340210979209,-0.1910299301147461,-0.4519853057565648,0.18512817448297159,0.6249431768693477,0.6205678939819336,0.032909488677978514,1.414908676147461,1.081998977661133,0.19374773979187013,-0.4153134822845459,0.20040437286345864,-0.36368305381688526,-0.1841004919427258,-0.47353640666820707,0.15085129316356338,0.01843043570110053,0.682398944554661,0.05256769822997293,-0.02718687721896691,-0.7977816740671795,-0.30871498584747314,0.2740295251210532
Bartlein,Bartlein et al. 2011,,pollen MAT,53.0,39.0,-1.7,1.0,0.7278023147583008,-0.6761526795606461,0.3057389106593186,-0.3608706021205926,0.6763681395848594,0.5861918418890345,0.7340378335278643,0.2538634735349117,0.6609670538707713,0.7314492495751417,0.04781837463378907,-0.5015495596080317,0.35786014646291736,0.039838467353941864,-0.006794166564941406,-0.010416626930236816,1.0161921119689943,1.3387884521484374,0.4277953815460205,-0.40693529446919763,0.6022819387984608,-0.02441734803551812,-0.1254325484399285,0.2542794310837263,0.3178931808232557,0.054193979498213654,0.12918227925717402,0.6396171370260879,-0.032942585952189934,-0.20999773343404127,0.550640794965956,0.3078545188903809
Bartlein,Bartlein et al. 2011,,pollen MAT,65.0,141.0,-2.3,1.0,-0.02164726257324219,-0.6390211213799953,0.4149340443737496,-0.41489615840875893,-0.09564252959357403,0.4132935394139006,-0.16442272484644835,0.0803090472350947,0.6628476602990563,0.8222678958001024,-0.1537407398223877,-0.5028103674944843,0.7031651863301002,0.13733111339538812,0.3702062606811523,0.506265926361084,0.802651596069336,0.6223981857299805,-0.22335004806518552,-0.4279294808705648,0.348633916893624,-0.4909488169855798,-0.25186481513849485,0.3341637927858041,-0.22211936032883048,-0.35784346800539646,0.3506708050805406,0.3087285962737854,-0.496146980268917,-0.16925623151991107,0.022184684541489284,0.4375094095865887
Bartlein,Bartlein et al. 2011,,pollen MAT,41.0,15.0,-0.9167,1.0,0.48798789978027346,-0.6796948175856112,0.19160637011527845,0.017279273442234656,0.8112298647562646,0.4387949611029075,0.6575203315670297,0.6061039217153303,0.07072684531785113,0.4870442633417217,0.01404690742492675,-0.28288927770957295,0.5614031255245251,0.258064516745129,-0.12503385543823242,0.022064685821533203,0.6485801696777344,0.986178207397461,0.3651417255401611,0.031633694966634124,0.3667360750057425,-0.10077409598612079,-0.06535284169050504,-0.012166579843722438,0.13027624232746748,-0.21043374349232588,0.27791145347292895,0.20519946856257834,-0.10326802900562895,0.0925786760118273,0.3144707414839001,0.1702437347835966
Bartlein,Bartlein et al. 2011,,pollen MAT,67.0,21.0,0.582,1.0,0.7812017345428467,-0.46528244141884717,0.9372721682785272,-0.34078750974916355,0.11433238993088422,1.0061191126584905,0.5180432260980772,0.34006017048720893,0.6969973258623153,1.6699600464044013,-0.16955196857452393,-0.8750222295278346,-0.1609337392573342,0.21516783248356686,0.4495612621307373,0.9834594488143921,1.578881196975708,0.8604931449890136,0.7419120073318481,0.013533711433410646,0.3612959904326586,-0.4493410215215483,-0.4365413638471276,-0.12992070893917415,0.4074953217370164,-0.051298351925956005,0.6452910186344877,0.37199691603455765,0.9373860642865777,-0.38146787782510155,-0.0013453131955535247,0.30348238521152077
Bartlein,Bartlein et al. 2011,,pollen MAT,67.0,53.0,-0.2927,1.0,0.26740217526753746,-0.16630947565312953,0.5207521896544787,-0.7235356674961451,-0.29181565999984754,1.2427545026001685,-0.08291177395169849,0.25502240567712126,0.4839347078675863,1.0771530098350115,-0.41596965789794926,-0.887096057891014,-0.4359464820958937,0.33542668293994504,0.39322538375854493,0.05519437789916992,1.241486161549886,0.8698466587066651,0.5622913265228272,-0.3403937021891276,0.16349750926237278,-0.7440981259718987,-0.41800960784219676,-0.5778011465219508,0.3526939794993333,-0.11276116736621172,0.4462949362571274,0.3765449190023314,0.2287478097550991,-0.9691240350405388,-0.324404542975957,-0.06019753032260461
Bartlein,Bartlein et al. 2011,,pollen MAT,37.0,121.0,2.15,1.0,-0.3498060099283854,-0.49513454485661695,-0.1795123741883599,-0.6153432673367456,-0.132241905000474,0.1436263827859153,-0.20576869895030078,0.007743808847222769,-0.4537813433017014,0.050927756946682425,-0.7323189496994018,-0.8143351705760652,-0.46218422055244446,-0.3752524106495139,-0.38834514617919924,-0.35158538818359375,-0.33261342366536456,0.22185014088948568,-0.051361999511718756,-0.5580968856811525,-0.2115316847066934,-0.6165997715673935,-0.9246535420234253,-0.544382633935653,-0.3351403480238146,-0.7318350327722993,-0.29539358483962586,-0.40098531841716223,-0.896608244241899,-0.8803041140238445,-0.3052160951826308,-0.5302701589796277
Bartlein,Bartlein et al. 2011,,pollen MAT,63.0,-153.0,-4.321,1.0,-0.6502964401245117,-1.400716113526277,0.2834080690327666,-0.696784905552807,-0.6154083609580994,0.4684533523126274,-0.10668721640012079,0.5578601393055169,-0.3469175388192577,0.15281087498475993,-0.47393381595611533,-1.474735574040863,-0.19699315586389968,-0.16609702977898166,0.020707321166992185,0.2116502523422241,0.19369470596313476,0.02773105621337891,-0.8916603469848633,-0.41483497619628906,0.014682798636853579,-0.5531832936402046,-0.5747630368393734,-0.3470111236053792,-0.7031811807446724,-0.7913952838679403,-0.24243241524355563,-0.31379794543188727,0.30684862468033947,-0.6624848365783687,-0.4704142570495603,0.18442857742309568
Bartlein,Bartlein et al. 2011,,pollen MAT,63.0,31.0,1.277,1.0,0.7932118113835652,-0.7048354394599147,0.6266803257417644,-0.4059590810195845,0.21314186334609958,0.9343256185578712,0.4051228169615033,0.2749958478687379,0.41360417724474513,1.2763941716511982,-0.056209439039230175,-0.7863104592398727,0.052460050901650276,0.19801000352252549,0.31940375566482543,0.4460869193077087,1.188751360575358,0.7136849864323934,0.8062787220875421,-0.2659451365470886,0.40488376160249057,-0.5146454581713125,-0.3637778539933616,-0.10755405085319704,0.4487771028981756,-0.04137178735902316,0.3605372615572504,0.5344850401890957,0.5391299852046763,-0.3875406384468082,0.10602533817291196,0.20493320107460022
Bartlein,Bartlein et al. 2011,,pollen MAT,29.0,-109.0,-2.3,1.0,-0.5587901306152344,-0.853277035712256,-0.27094726975513916,-1.8646987463900906,-0.4198854615953233,-0.09306501853139725,-0.2907329213977385,-0.2985295864955021,-0.5451820238129942,-0.8974516633897244,-0.6003943443298342,-0.6810984713620267,-0.19891087114810957,-0.26970741431589285,-0.4878838539123535,-0.5029967308044434,-0.15643945058186853,-0.23721935272216793,-0.5953187497456868,-0.38068874677022296,-0.22629356262111347,-0.7370888869369246,-1.4362091500800322,-0.8618358400293281,-0.817373834530025,-0.9048775663098512,-0.4293432073307767,-0.3485076335074794,-0.7594709795706908,-0.6104937341478136,-0.31031482484605544,-0.3192901929219566
Bartlein,Bartlein et al. 2011,,pollen MAT,37.0,-7.0,-1.7133,1.0,-0.18880007425944012,-0.19764568477314615,-0.15091997461807166,-0.20087738307484443,-0.10650120841132263,0.40251425118850026,0.3068118881051652,0.215472511448272,-0.1292150692072492,0.17871432188474848,-0.20714769363403318,-0.45231014304162903,-0.32966443300247184,0.04658479281843314,-0.3915872573852539,-0.20000686645507812,0.15558224995930992,0.2971570587158203,-0.16208010991414387,-0.5923095544179281,0.23534234859200395,-0.437214835187638,-0.39423209161346917,-0.5322398200338129,0.08448246869650171,-0.350472711088646,0.3788807029333974,-0.1025853069753629,-0.4645495841655164,-0.3301573700375027,-0.22333047654893654,-0.08748281055026587
Bartlein,Bartlein et al. 2011,,pollen MAT,39.0,1.0,-4.3467,1.0,0.09930577596028647,-0.3330788800703766,0.004218235502396615,-0.11650825696930978,0.0866185124715168,0.4419660765302334,0.43278682764425613,0.4329450740582806,0.09836324737829168,0.4282192315719757,-0.1297508716583252,-0.4167897256368131,0.15125082135200674,0.13448714316832322,,,0.34089918772379557,0.6576848856608073,0.2530824025472005,-0.1739506721496582,0.2837821554827132,-0.22738872675660698,-0.15707177949129789,-0.14341425932068969,0.10339834278301568,-0.33501550363486937,0.32993025591281866,0.025774076915421572,-0.29379380390282706,-0.12552512486775708,-0.03299833933512367,-0.04588604609171543
Bartlein,Bartlein et al. 2011,,pollen MAT,39.0,3.0,-0.47,1.0,0.21358215332031252,-0.461617712974568,0.04458437820982619,-0.08090162926021473,0.12627057393391908,0.4366149919290988,0.4351170507405105,0.46569080162683935,0.15968562376762407,0.46252799398580047,-0.1292806625366211,-0.3928090739227054,0.2096436917781849,0.1481172135963298,-0.19040317535400392,0.0027294158935546892,0.3797212219238282,0.6737625885009766,0.2992082786560059,-0.14518165588378906,0.329108796986417,-0.1882058964445597,-0.18516529380689908,-0.09256284744661254,0.0997893733904078,-0.3030117776750521,0.3517820617872025,0.0694408430694135,-0.21618569390963285,-0.08419653574625642,-0.002828820546468091,-0.02068880716959627
Bartlein,Bartlein et al. 2011,,pollen MAT,39.0,5.0,-2.1267,1.0,0.335394032796224,-0.484587995459497,0.07331208864838124,-0.04786311006314596,0.1594286600748696,0.43188043086672134,0.4441215959223313,0.49843652919539805,0.22693866698191212,0.4714004543997641,-0.11776566505432129,-0.3608377148025185,0.3000327289104475,0.16436923589283833,-0.1918191909790039,-0.0033292770385742188,0.49396769205729174,0.6994981129964193,0.2887409528096517,-0.13231706619262695,0.3386202367191355,-0.14257134511192582,-0.20463468934236284,-0.05924706812501199,0.10428735834783595,-0.279103100698155,0.3354155152475936,0.11107766494898831,-0.1488812953753055,-0.039259910583496024,0.048917293548584026,0.0061425209045411185
Bartlein,Bartlein et al. 2011,,pollen MAT,53.0,15.0,0.0933,1.0,1.005754280090332,-0.6823264655895462,0.2444109895813013,0.008076150973200722,0.23884227540757907,0.5231547962756822,0.7610520690372113,0.6458214868138568,0.32540265619064757,0.70756713219792,0.21094846725463862,-0.34614249701049965,0.8139853924512863,0.3770325163439208,0.005931854248046875,0.3182351589202881,1.1553377151489257,1.347796630859375,0.41821134090423584,0.1718321641286214,0.6485848090676751,0.02178179801562427,-0.07070419074784737,0.19778340212260095,0.2594331516460163,-0.048427495909914034,0.25483464745284967,0.2758901702262747,0.17398222654696832,0.11230031649271653,0.32881765895419657,0.38603085411919486
Bartlein,Bartlein et al. 2011,,pollen MAT,51.0,17.0,2.1367,1.0,1.0735021591186524,-0.5958451023167524,0.2005552766703852,0.01745565543177793,0.4812328052520744,0.4894350217308418,0.8053599669020356,0.6868553276726255,0.32820068266795843,0.6851734551785489,0.1946230411529541,-0.3483051496747372,0.9775105684995646,0.3593662727140718,-0.030038213729858397,0.26030735969543456,1.1804546292622882,1.594540850321452,0.3443013827006022,0.13234484195709229,0.5953327066321459,0.0378910416507737,0.008447671713026109,0.09008508860721669,0.19709190456041817,-0.08723899391878005,0.21821288108137826,0.29751204420677957,0.05749171475257136,0.17323276201883958,0.49335947036743183,0.32356026013692213
Bartlein,Bartlein et al. 2011,,pollen MAT,41.0,23.0,5.93,1.0,0.5915444564819337,-0.9164578487411685,0.2580534685663872,0.1280878515538381,0.7742722288767483,0.504162348494637,0.6356080374226984,0.7607561196351665,-0.058787779933893045,0.5803671253730857,0.018421745300292967,-0.3388847351817895,0.6792373478412665,0.26755933408624377,-0.15010948181152345,-0.06371030807495118,0.8555775070190431,1.195857187906901,0.29157437324523927,0.015342076619466148,0.4824752440844629,-0.11593580980538681,0.12940054336699727,0.33251978267648186,0.16871751441159125,-0.3064163352495056,0.3193593031585303,0.27138767569427724,-0.31088097589464914,0.13022741211785227,0.37615877787272195,0.18959968990749762
Bartlein,Bartlein et al. 2011,,pollen MAT,71.0,27.0,0.0407,1.0,0.8664745974540711,-0.5980072093901871,1.3128203906815656,-0.4947209436561303,0.06723393837610937,1.3673731251023296,0.7292632054965814,0.4214122632342496,1.1945906736328444,3.131102822317627,-0.27964372634887696,-1.095696489533704,-0.7169351466051572,0.2636536443897567,0.4672643661499023,2.4276766300201413,2.4346348571777345,1.2293536233901978,0.7546795129776,-0.13096098105112713,0.3044716673688359,-0.3449580250579173,-0.10730644330153669,-0.46181377016684033,0.4314629701937307,0.0009698977044914365,1.209535122374811,0.3553334494005731,1.9717413226071425,-0.304410951667362,-0.11093260678980083,0.42014863967895505
Bartlein,Bartlein et al. 2011,,pollen MAT,37.0,31.0,-1.7603,1.0,0.3305332438151042,-0.6849487149988622,0.1912029968191829,0.06574494022947397,0.18876428498162207,0.5361470943393617,0.3942974891312332,0.5938970295768796,-0.15336157568529415,0.31107192051846455,-0.0972628593444823,-0.32676469353301496,0.538658177852631,0.10309005914672721,-0.2684823989868164,-0.15329246520996093,0.7158103942871094,0.7474212900797526,0.1550868066151937,0.08864712715148927,0.3727181843146301,-0.14212657982766497,0.01908627362483713,-0.05498424581509335,0.006529182673190889,-0.2621116483861035,0.5016827731914033,0.408531839135874,-0.4871592518908317,-0.01160582966274672,0.46159832742479123,0.13549506081475157
Bartlein,Bartlein et al. 2011,,pollen MAT,35.0,37.0,-3.6903,1.0,-0.0686471939086914,-0.5945566055959316,0.14312354692880813,-0.2443342835931174,-0.06439987818400085,0.3093655822785755,0.023000412591201103,0.5566280847518734,-0.1415402192439958,0.06176595248811163,-0.2707831859588623,-0.38354703752740144,0.015580564737319474,-0.057676120884011396,-0.4223594665527344,-0.27262306213378906,0.41150652567545576,0.5226582845052083,0.020721244812011718,-0.05112298329671224,0.25321369771860336,-0.2086130815051752,-0.03902180894181835,0.3800594745948649,-0.0644356569939368,-0.29706359362472234,0.3213619724458912,0.23364011315324604,-0.41117920454068346,-0.13213628133137986,0.2966727680630156,0.08324331707424591
Bartlein,Bartlein et al. 2011,,pollen MAT,23.0,113.0,-0.1667,1.0,-0.9389033762613932,-1.6755651039397153,-0.7054523683689184,-0.9226613655483078,-0.8669143719143348,-0.34267539662088803,-0.7972837687294716,-0.7682322682103071,-0.9283966736193825,-0.39593270445452255,-0.8326576232910156,-1.3546906448933145,-0.7170989573001856,-0.7870770441100103,-0.7592050552368165,-0.6767795562744141,-0.6090404764811199,-0.04490025838216147,-0.8102891921997071,-0.833949089050293,-0.7769970598536005,-1.0810063121437887,-1.0896748267106635,-0.6911562900327421,-0.8832732071201383,-1.0144550078099928,-0.509936711143746,-0.8527474450713532,-0.6924590139118089,-0.9170059839884448,-0.5760566287570523,-0.6992276043362088
Bartlein,Bartlein et al. 2011,,pollen MAT,47.0,23.0,-2.3725,1.0,1.0400705973307292,-0.819326735248892,0.3096313530173253,0.19459293127189256,0.9072046258714468,0.509103482661597,0.9677468931448712,0.7387168447170384,0.3068170814630644,0.7151766104655742,0.11333646774291992,-0.34777012909065236,0.9362427562475201,0.268914238146028,-0.07614946365356445,0.14588375091552735,1.0984864298502606,1.5465984725952149,0.32689239501953127,0.014979044596354168,0.5776214211866737,0.06303442530678728,0.17971558154655382,0.26507141497792747,0.1424512775676621,-0.04998284297815256,0.21827778589190225,0.4396086557119423,-0.08376435424180122,0.20066634813944512,0.6662738270229783,0.373274728986952
Bartlein,Bartlein et al. 2011,,pollen MAT,53.0,35.0,2.0543,1.0,0.9140678405761717,-0.617485777112311,0.3301358975252287,-0.20786697890483302,0.6677378680970936,0.6291185250303519,0.8460550809032878,0.325703671064447,0.7955418910265266,0.7861212375221264,0.09894430637359616,-0.49699780873917343,0.5229638129472732,0.056356625143587254,-0.015461206436157227,0.034140706062316895,1.100131416320801,1.3403331438700359,0.4964879035949707,-0.2980189323425293,0.6280710238721976,0.016224300972749076,-0.04784204506508538,0.2240221821387691,0.36610990006480204,0.07910943549052504,0.16545999161219127,0.532540660618261,-0.11266286861454516,-0.11905961566501186,0.6070208814409044,0.29737487369113463
Bartlein,Bartlein et al. 2011,,pollen MAT,-9.0,31.0,-1.6907,1.0,-0.5903465525309244,-1.013508976842219,-0.15136687345049238,-0.18842042336203732,-0.0460700225830076,0.024848145351821917,-0.21225268256221988,-0.05022914852046498,-0.4962778160121096,-0.3029284102440946,-0.3524628639221191,-0.6757354929842537,0.2505707144737241,-0.35994002354927584,-0.6447500228881835,-0.029475402832031244,-0.1536426544189453,-0.08862899780273438,-0.5896870676676432,-0.10764217376708984,-0.20663636525472007,-0.3241101467414275,-0.2736744222759362,-0.5151376037189298,-0.46711556701007845,-0.5826880604734008,-0.32262284951377823,-0.36746374653122504,-0.22945035105811212,-0.48089056015014653,-0.17070245742797852,-0.13579195022583013
Bartlein,Bartlein et al. 2011,,pollen MAT,49.0,-119.0,-1.589,1.0,-0.03772820154825847,-0.4619535119910983,0.0831424235126223,-0.35827541652595085,-0.2238055234485153,0.5207518598735751,0.5641901790937018,0.4987339289813473,0.013020616609092293,0.3142594985076685,-0.10505480170249958,-0.7811630758480264,0.47134192679077447,-0.08553838384455009,0.3744242787361145,0.17899165153503419,0.352968365351359,0.545628236134847,-0.13969863414764405,-0.7769979437192281,0.33520261167258936,-0.26332909106709596,-0.07761541316475945,-0.2714254189626472,0.2033687457196957,-0.1738943348211684,0.2166416822215446,0.10272889880034271,0.25845518638850656,-0.36698952383465266,-0.4305631134245093,-0.3169976984461148
Bartlein,Bartlein et al. 2011,,pollen MAT,49.0,-3.0,0.0623,1.0,0.43384166717529304,-0.43993320271246006,0.0467402402114775,-0.048950188343123285,-0.05578032493591208,0.50761913506755,0.334832494717298,0.44620328769000384,0.12229325985117666,0.559045890260082,0.034703731536865234,-0.39368370868428154,0.31975316703319856,0.1989149106632091,-0.1779144287109375,0.4002936363220214,0.7758182907104493,0.8883178329467774,0.26206623077392577,0.11952368418375653,0.5005068118454336,-0.10616988960444855,-0.24274943483932593,-0.7621576147186431,0.02465107232380137,-0.19811499664316023,0.3193642300619844,0.07292512801337778,-0.25292172473685,-0.11784409417046443,0.05652193493313248,0.1251957077450223
Bartlein,Bartlein et al. 2011,,pollen MAT,55.0,-1.0,1.8435,1.0,0.6281843185424805,-0.43442898667105145,0.17963247645051333,-0.33011627052350145,-0.11140145195855053,0.5558173936840767,0.37436918492363236,0.3887627834147695,0.16152843275167036,0.7164441901302627,-0.04839379787445068,-0.41913605852729346,0.005572922527787537,0.08920182916192228,-0.0297238826751709,0.6016551971435546,1.0223711013793946,0.9712924321492513,0.40873541831970217,0.1585837999979655,0.4548754653710038,-0.124183653259484,-0.10720355918547816,-0.04022248793629506,0.12720949448918958,-0.1372728361189038,0.3507797423328062,0.08802047679633532,-0.08436492641914287,-0.15954659779866537,-0.02210691769917808,0.176930888493856
Bartlein,Bartlein et al. 2011,,pollen MAT,61.0,13.0,3.2575,1.0,0.8327650451660156,-0.36788920318277263,0.5485615424829929,-0.21828145906968216,0.17105663326051515,0.6611557299276242,0.7223712542635985,0.46817171214545766,0.21887792739706383,0.991330418030692,-0.023659221548586896,-0.4865022312190085,0.22751197149622518,0.31940598489530425,0.19276025742292402,0.7015572726726532,1.2175212955474852,0.7231935914357503,0.5186089744170507,0.0037774592638015747,0.502908786541172,-0.27838715577359097,-0.20035939159319735,0.07013661129056352,0.309365643601371,-0.11589432114278933,0.4022017900726742,0.2708671699805564,0.5364798745916828,-0.18922721677356344,0.03953290383020995,0.2077223001586066
Bartlein,Bartlein et al. 2011,,pollen MAT,57.0,-101.0,-3.547,1.0,-0.19614100138346355,-0.6657747717492634,-0.1512586708296419,-0.6298046455838586,-0.284751080274582,0.48785301703895595,0.351965578046928,0.21804560937117506,0.08906519306524585,0.06333037601251613,-0.47620835304260256,-1.1174532059565676,-0.14348944351077123,-0.25660766824209424,-0.2668976545333862,-0.11955013275146485,0.2818581962585449,0.2673511250813802,-0.141461595694224,-0.7997370064258575,-0.19079548600220042,-0.6808991119937484,-0.8640800660248712,-1.6114387082347132,-0.12591159676318286,-0.8157255146460273,0.06666015390138806,-0.39258259570303383,-0.15871400661327772,-0.8624385625123979,-0.41473299860954305,-0.5293266550699871
Bartlein,Bartlein et al. 2011,,pollen MAT,67.0,-161.0,-0.8308,1.0,-0.7181777572631836,-1.429308925050831,0.6834949496377176,-0.2728400214132777,-0.5491945860120981,0.6869471474262746,0.16049486205309635,1.017271023506766,0.07085994449069018,0.31604538521466685,-0.5679456472396853,-1.1584440465176022,-0.3239088576646864,-0.01938198834856139,0.2142340660095215,0.05160155296325684,0.2589633051554362,0.04392026265462239,-0.3436812241872152,-0.34326688448588055,0.11999490242450256,-0.4635817364166384,-0.5632220446818283,-0.12519540817821628,-0.5675456350908304,-0.7141160150321129,-0.007733095978273906,-0.22529165637856255,0.3308147885398753,-0.9070259677039256,-0.3195252921846172,0.36521840731302896
Bartlein,Bartlein et al. 2011,,pollen MAT,37.0,-91.0,-0.178,1.0,0.14116695404052734,0.8266570152765469,-0.19264332369578133,-0.24216977412724003,-0.39013139300876226,0.43840019982983913,0.09007097799845051,0.09412933412533223,-0.30616133880614455,-0.18167132269890784,-0.5525758743286132,-0.6331048209061394,0.29505141079425823,-0.15668407058756173,-0.42484769821166996,-0.39825830459594724,1.0817511113484701,1.123193270365397,0.18798733393351236,-0.6135440667470297,-0.09009605808881148,-0.48373431245225856,-1.6067049894458738,-0.23909240329742862,0.04114177063363674,-0.17242592717533733,0.20060771897443558,-0.043544926442813284,-2.8231833475053065,-0.38208826912773985,-0.2584591653611926,-0.05210130691528325
Bartlein,Bartlein et al. 2011,,pollen MAT,45.0,21.0,-0.328,1.0,0.9587017059326173,-0.8650970575269064,0.3082829102093198,0.2658573364502833,0.7596451759338381,0.4640686492951087,0.8747674469388437,0.7530189086270762,0.25157835515325944,0.7054734402820637,0.08922753334045411,-0.34230646953197663,0.8548507988452911,0.32002554635127367,-0.16768589019775393,0.027317047119140625,1.1295459747314454,1.6646574020385743,0.4022207260131836,0.05791020393371582,0.5083653952588567,0.01015329360961914,0.08409302441951128,0.3614564388205031,0.0700713492578861,-0.1338953954730164,0.2937330653103113,0.3624938822328474,-0.17266685282067581,0.20640769004821782,0.5818595409393319,0.24418578147888187
Bartlein,Bartlein et al. 2011,,pollen MAT,59.0,17.0,1.2133,1.0,0.9682239977518718,-0.7346306929626156,0.5042512903807633,-0.20114764651500908,0.25881541093190513,0.7840498669997915,0.83644265678605,0.5600826234733065,0.37296862526224056,1.0194679300584006,0.06221673488616943,-0.4343940780934483,0.3986391115002319,0.35939715560377516,0.16724541187286376,0.6538316011428833,1.2993544514973958,0.8986775461832682,0.5889353799819946,0.020393610000610348,0.611589687721132,-0.1764576480659817,-0.24539085458530666,0.12782342912579275,0.40921776256451486,-0.012495855581920004,0.39977402176906707,0.3904784287238641,0.3019544877851401,-0.06595083077748642,0.17309009499020028,0.24807744794421727
Bartlein,Bartlein et al. 2011,,pollen MAT,31.0,119.0,-0.5333,1.0,-0.1824205144246419,-0.8475056062772317,-0.3178673606987001,-0.754126666546089,0.4626902919345436,0.06278819859862807,-0.2789096174900309,-0.30194596793478284,-0.3043903900506093,0.12510711932748794,-0.5445873737335205,-0.5627302314352925,0.01737848818302165,-0.6109005357456457,-0.5504937171936035,-0.3403643608093262,0.03972175598144532,0.5960870234171549,-0.14207719167073568,-0.5819222132364908,-0.5082667297611346,-0.9216777661996376,-0.9318244302333745,-0.5793258682140608,-0.5082293695977055,-0.6986156463641894,-0.19319239076680436,-0.5103896547646851,-0.9771071160469856,-0.7727142545911998,-0.003960026635065839,-0.5572037082248263
Bartlein,Bartlein et al. 2011,,pollen MAT,55.0,77.0,2.55,1.0,-0.33981191317240395,-0.3401969522490067,-0.006245035223741608,-0.6413090474521204,-0.15810918013254804,0.3865024984041386,0.17982497659197932,0.18904128749529714,-0.36748136571346746,0.05972734530298479,-0.6096534550189973,-0.6370624531827105,-0.31869852216914196,0.09089748426890126,-0.0745500236749649,-0.017477715015411375,0.5290898680686951,0.6741138060887655,0.12830496604243913,-0.529433344801267,0.27732737142667363,-0.06047606298085427,-0.8171115243885986,-0.5575969819199466,0.1258772327659973,-0.3911744348869791,-0.08252308060758327,-0.1997426591708027,-0.594703785628731,-1.0497460948096382,-0.20432986153496618,-0.5098060809903675
Bartlein,Bartlein et al. 2011,,pollen MAT,49.0,-1.0,-0.2375,1.0,0.5034666315714519,-0.5154850421792774,0.04264132575127385,0.014990666487937596,0.035477050145465275,0.4944199527347868,0.43079590860637484,0.5372030110613187,0.09682057495628428,0.5059615235320534,0.057819795608520505,-0.3757065615380625,0.5434370905160912,0.2846072969537017,-0.1615461349487305,0.3431835174560547,0.8481357701619466,1.053821767171224,0.2238743782043457,0.15414667129516604,0.4907594385621615,-0.09363294619779491,-0.22767369034079277,-0.5664598118181213,0.03119552644946946,-0.17248693170756063,0.2792863504580672,0.06565605850719514,-0.19717838727204023,-0.08064951366848426,0.08066679106818307,0.2625828658209908
Bartlein,Bartlein et al. 2011,,pollen MAT,-11.0,27.0,2.8,1.0,-0.476593246459961,-0.58276353572988,-0.21752437862224344,-0.07637542131466717,0.15038339402940543,0.025565507015405445,-0.18048255610977226,0.16638866907958175,-0.33774244175956436,-0.24441486681794178,-0.21369123458862305,-0.7078442644617116,0.08115321397781362,-0.24214737279269194,-0.6113853454589844,-0.16535778045654295,-0.022588577270507813,0.17508819580078125,-0.4930767440795899,0.024628321329752605,-0.14717321159204486,-0.24871861413442917,-0.4030140499086152,0.1277188546518876,-0.3808979353803738,-0.3613161222212128,-0.1914633030734058,-0.2956771656192809,-0.11476663289450506,-0.391589461432563,-0.030465359157986215,-0.09777681562635637
Bartlein,Bartlein et al. 2011,,pollen MAT,47.0,47.0,-1.7,1.0,0.20234415690104166,-0.6897638415668097,0.06389096130538492,-0.38007690086613966,0.1951785945892333,0.5116242743197552,0.40614116424223307,0.5168363175452753,0.2793413448079119,0.3995832900136008,-0.10576047897338868,-0.43742196513843534,-0.039057180285455725,-0.028698560305511364,-0.15499134063720704,-0.8015396118164062,0.8583854802449544,0.7784741083780924,0.18619194666544597,-0.2138497034708659,0.5605329378580954,-0.04172803699440199,0.21040204484331218,0.1935738528969594,0.14426094758442976,-0.08010399810687616,0.14069504359588625,0.7124539459839825,-0.08576608254287554,-0.24120201004876093,0.2651414129469118,-0.07963849173651799
Bartlein,Bartlein et al. 2011,,pollen MAT,59.0,77.0,0.3,1.0,-0.18708942254384356,-0.02088246676399923,0.13214557854434095,-0.6383446430975355,-0.2824233304129708,0.5916623495518492,0.05423211633852175,0.1878660647102365,-0.18490074981554247,0.2798372005840397,-0.5382328391075134,-0.6368019132656917,-0.1255780905485147,0.36277090396578354,0.050652146339416504,-0.06792187690734863,0.4993806552886963,0.5697640466690065,0.16463574290275573,-0.5957694252332052,0.10092159526899208,-0.41521842681500076,-0.6936435817864668,-0.3757273407539206,0.2241833820187962,-0.27603925748126923,0.07142325881130947,-0.12527131948343398,-0.5202025837996701,-1.102069903082318,-0.20311590217881764,-0.56256011750963
Bartlein,Bartlein et al. 2011,,pollen MAT,49.0,9.0,1.8105,1.0,0.6127046203613282,-0.8421627200166453,0.07106861666501729,-0.007848178909987904,0.08336362308926175,0.41893638283815926,0.6213993115060167,0.6885934374821904,0.23981539960578346,0.5457015721700519,0.13012990951538086,-0.3613312463928515,0.9017274856567388,0.43426231336620275,-0.1811790466308594,0.1629659652709961,0.800643653869629,1.4691010665893556,0.20184098720550536,0.1750491460164388,0.4811951182067884,-0.08903293514967765,-0.1848934899032727,0.13874852721802822,0.13332745466622814,-0.13126059328472214,0.2284925499133157,0.1542608514042814,-0.08716239334961795,0.0712929619683161,0.4129519727494979,0.2718789333767362
Bartlein,Bartlein et al. 2011,,pollen MAT,49.0,-75.0,-0.306,1.0,-0.1875259757041931,-0.5212609212901038,-0.28234823704484535,-0.5733759341712545,-0.29680636061562427,0.3098484532442164,0.20279072573920676,0.24261121971332245,0.005159048770701233,0.20226948723102206,-0.509381577372551,-0.6731152641160499,0.1513559262733895,-0.15162149639741448,-0.35401520133018494,-0.08788266777992249,0.38666276931762694,0.2977010071277619,0.18846386894583703,-0.5823579033215841,0.10747950838291916,-0.4912273279241271,-0.8603953884349048,-0.8176903971758375,-0.06980488899507675,-0.6171717635572633,0.20996706041408064,-0.35922123830690145,-0.10445479876372568,-0.5645530356301205,-0.46736579967869674,-0.30401202241579683
Bartlein,Bartlein et al. 2011,,pollen MAT,55.0,-85.0,-0.957,1.0,-0.3183674017588297,-0.9601063754866035,-0.16423911974000086,-0.6361393160908158,-0.06543358167012542,0.3845750035067326,0.16265514407075868,0.47332742070790845,-0.03144636984901768,0.2395532344391014,-0.6685363054275513,-0.877770571023781,-0.210063949227334,-0.18219097131679288,-0.3729567527770996,-0.23167967796325684,0.5437874794006348,0.40140167872111,0.06844282150268555,-0.7013959884643556,-0.09856716179294714,-0.7192063598324006,-0.831862122226519,-1.8525980522728775,-0.17909447841342516,-0.778030974370963,0.33552056772084016,-0.6271342423204305,-0.2324858184937297,-0.8235432042015924,-0.537531746758355,-0.5661085446675617
Bartlein,Bartlein et al. 2011,,pollen MAT,65.0,-19.0,-2.824,1.0,2.140408500035604,-0.8548628618736345,0.9312115823526768,-0.34331993631584945,0.47469188057713985,2.1100920270989865,0.5600148230156363,0.16897845410498413,0.6317305128263894,2.2059931504880446,-0.012626945972442625,-1.0534029830313212,0.14266767262900631,-0.0454488615599386,0.3346062183380127,1.8489695549011231,2.903792317708333,1.8126561800638834,1.1980188330014545,0.540601725379626,0.1913585557753202,-0.4000888902999661,0.03562776352667714,0.08677049555868549,0.2942982368394833,-0.00463999288020165,0.9349296268095793,0.13312784698139785,0.8591925323524752,0.0963107690215143,0.48788676129447556,0.7765258312225343
Bartlein,Bartlein et al. 2011,,pollen MAT,47.0,5.0,4.1,1.0,0.5251174926757813,-0.8475514702697515,0.06285487317370607,0.09787506891698422,0.419171539942426,0.42739809448769234,0.6696479985584711,0.7098660368744456,0.2229440424834036,0.46838454201415286,0.05755782127380371,-0.3383372442314369,0.8443904384970685,0.4192523921689369,-0.22500324249267578,0.09064817428588867,0.7424663543701172,1.4921502431233724,0.19405250549316408,0.10090907414754231,0.3911531339951535,-0.1989575300680317,-0.1904943013652336,0.0453013537713723,0.07293511730136049,-0.20079273455213364,0.25162987873255355,0.06178832666801572,-0.14548826085023775,0.03632426261901866,0.4607804881201815,0.2814054012298585
Bartlein,Bartlein et al. 2011,,pollen MAT,37.0,-77.0,-3.788,1.0,-0.12138935089111327,-0.13623007761656208,-0.3502378507613611,-0.3850775486133209,-0.19748499340481257,0.30787249332691846,-0.05717895100716835,0.2951710692123773,-0.3699474914787994,-0.20404103825284564,-0.4208967685699463,-0.6116380376454259,-0.027610397338867082,-0.2809604156831045,-0.2968616485595703,-0.33522481918334956,0.40216831207275383,0.5987601725260416,0.1384518019358317,-0.5210665067036947,0.10689313135075912,-0.5378021620883292,-0.7400459510407278,-0.1498898679877237,-0.15212650554054793,-0.4111341795809897,0.032388107525933386,-0.23857496297294944,-1.6628023411164967,-0.21018316480848534,-0.1667314582400853,-0.29888413747151693
Bartlein,Bartlein et al. 2011,,pollen MAT,53.0,-5.0,2.017,1.0,0.6491638819376628,-0.4140548368644008,0.1061037721106766,-0.22247023993329001,-0.10458806885613375,0.5146968066865316,0.26016342183685076,0.38150433346333423,0.11673326961949924,0.6500972055459812,-0.0020124912261962583,-0.37370678862533036,0.03996499478816989,0.10143444652234769,-0.14461088180541992,0.5064821243286133,0.8497968037923178,0.9724112828572592,0.36683788299560544,0.20305252075195312,0.46060864429030757,-0.12736306905757222,-0.1812799280278018,-0.018007279092268024,0.011312691779976344,-0.194332417947406,0.34036258450087964,0.09525465635259042,-0.19877490819773339,-0.1892920864952935,-0.01584500736660426,0.18271230591668053
Bartlein,Bartlein et al. 2011,,pollen MAT,59.0,9.0,2.1235,1.0,0.9560959386825563,0.14131945188148248,0.4408476967166933,-0.12643817000819196,0.23314025402069086,0.711082420340031,0.7445903436256095,0.4690922443005605,0.25051351064215377,0.8505415751529355,0.029646651446819307,-0.36050706567984014,0.22060304433107492,0.33829117706805406,0.14871628284454347,0.7445181131362916,1.1488433313369752,0.8291949367523195,0.5230778229236602,0.1430656909942627,0.6013233778129159,-0.05995959001942157,-0.14293719918302536,0.11462581700368424,0.2590696539985916,-0.060319091601826275,0.4135642496079518,0.24411441490926286,0.17837815544910832,-0.11089776621924566,0.0713044762611387,0.22342993325657307
Bartlein,Bartlein et al. 2011,,pollen MAT,31.0,113.0,1.85,1.0,-0.30989383697509765,-0.6467466118024194,-0.16966082583137757,-0.6762897480843106,0.0224454095628527,-0.006380474033117089,-0.5643274730458696,-0.3817058091320617,-0.614306067113586,0.14630770338314011,-0.5472136974334717,-0.48978088512688517,-0.07006992995738892,-0.7099346399660129,-0.38440465927124023,-0.14870901107788087,0.10374237060546877,0.6893291091918945,-0.14303726514180498,-0.6009000142415365,-0.3269039261075345,-0.8453993111793988,-0.9047948787968045,-0.5300683094234773,-0.7189913154061536,-0.6817211063677217,-0.319621399491849,-0.5138115294435548,-0.7844638825009652,-0.7825306468539766,0.11918087005615312,-0.34013130823771137
Bartlein,Bartlein et al. 2011,,pollen MAT,71.0,-25.0,0.3915,1.0,0.8622089385986328,-0.7559118517672114,0.8742575129889986,0.2973806756401462,0.3602006753285738,1.5046278506268698,0.5773947348286054,0.44064563338312823,0.5531867398367529,1.9734260854324033,0.25395941734313965,-0.6906527421509563,0.846160951889454,0.2173473728386276,0.3963918685913086,0.8136992454528809,2.1211645126342775,1.6244939804077148,-0.12879061698913577,0.5013651847839355,0.47149005659287624,-0.2907133345559516,0.14106705805124334,0.20797020042792713,0.37790740355669644,0.03777307715376585,1.041748920422362,0.4206764849897115,0.5395013976059557,0.3233577940199111,0.252791245778402,0.6598847495185014
Bartlein,Bartlein et al. 2011,,pollen MAT,47.0,133.0,-3.4,1.0,-0.15944180806477865,-0.3277085725521959,-0.09231540788902488,-0.5870297671875693,0.2808269294102995,0.23378098880098305,-0.07233024932830928,0.11724031713828155,-0.035551899414856446,0.13876144899219264,-0.5725727587938305,-0.4919880667807358,0.5918067496269962,-0.34883576540281963,-0.5860747933387757,-0.27540346384048464,0.14682870497306189,0.6772610441843668,0.10469523956378303,-1.0018503814935684,0.17294154884775725,-0.4855351376925259,-0.43379299127316595,-0.2882585029134661,0.1563146678297691,-0.3740918374882083,-0.027786649893375242,-0.00572173444425132,-0.2083252016660606,-0.7275288260645326,0.11899337110419993,-0.7022145034207237
Bartlein,Bartlein et al. 2011,,pollen MAT,53.0,71.0,2.2,1.0,-0.2543857256571452,-0.1866241494519464,-0.06098685528367361,-0.6100417891040392,-0.27547006660037543,0.33090933503464537,0.14921168377570063,0.05765498775442898,-0.2718674605117754,0.032938858434728366,-0.5245702743530272,-0.6597700166542232,-0.3594433980993926,-0.07089754723725805,0.13992528021335604,0.35458965897560124,0.6568850644429525,0.6194074630737304,0.051884327729543045,-0.5269086857636769,0.2904503237454068,-0.046208033900577414,-0.8012375284094073,-0.48864185810644994,0.043318315346840684,-0.13521526366550318,-0.22815184088339788,0.002912105554327531,-0.6246131501574066,-1.0393457730611164,-0.32168209287855365,-0.5211168193817137
Bartlein,Bartlein et al. 2011,,pollen MAT,37.0,-111.0,-2.098,1.0,-0.24867061614990235,-0.5431803820489939,0.16309520449222759,-0.22015315569509614,-0.3449253167046444,0.26837933545868364,0.4247482325885461,0.011231751701202549,-0.6794422154594785,-0.3541683887169925,-0.4965805530548102,-0.6467738287250258,0.1848170146346092,-0.09422051683904673,-0.08901190757751465,-0.39053053855895997,0.23847026824951173,0.10645065307617187,-0.3232613706588745,-0.6308330694834392,0.2898928459180437,-0.3812418963039228,-0.6674783897048917,-0.7428164807675504,-0.13776813145186925,-0.21627443394881027,0.6087227817191818,0.11092144039288646,-0.3399288385621086,-0.5060894595252143,-0.08845634990268299,-0.31983347998725054
Bartlein,Bartlein et al. 2011,,pollen MAT,71.0,-23.0,-0.3375,1.0,0.9660733668009439,-0.872915572051054,1.1660429044940697,0.2058711534626447,0.5491935793558722,1.989932240553739,0.6412038805904257,0.4252851596392498,0.8739073230479626,2.412255367212028,0.33828620910644536,-0.783712337012777,0.638005299246447,0.3320356060767101,0.8650365829467772,0.9173433303833007,3.175937207539876,2.4768844350179036,0.4865319124857584,0.8640832901000977,0.5375786961092431,-0.22290689091065163,0.1653574277170048,0.2108037592843686,0.612247898244024,0.18151857372494534,1.201369074545949,0.6423794406085431,0.8042419136304688,0.47177204555935337,0.5299044185214575,0.8643324279785163
Bartlein,Bartlein et al. 2011,,pollen MAT,53.0,25.0,-0.965,1.0,1.2576868693033856,-0.6759090990430223,0.31432166249619264,-0.07067694866647654,0.7043463548024504,0.57811548951794,1.0261527840065496,0.5901405388109784,0.45179510159743635,0.8680498596038068,0.20666122436523432,-0.4453002405136611,0.8272748038172721,0.2097419538366126,0.03088235855102539,0.21160101890563965,1.2545282046000164,1.278507932027181,0.5205732822418212,-0.02153313159942627,0.6572420227714358,0.11451194552786614,-0.052914201874563166,0.1701590952354581,0.28204899533789146,0.021008260292191952,0.20255037601222425,0.43814794200900425,0.000449005338712582,0.09247178501553008,0.6439433495203655,0.37406249311235235
Bartlein,Bartlein et al. 2011,,pollen MAT,51.0,99.0,4.0,1.0,-0.05788338661193848,-0.053406791194688726,0.11421901872717036,-0.3597832520062923,-0.142418301900228,0.37763336390857966,0.3399573713256695,0.31338918736066723,-0.09242495452613994,0.1627334521543744,-0.35655250549316403,-0.4493956981236802,0.06484812498092604,-0.0015168537183211082,-0.006887769699096681,0.12360560894012451,-0.14296867370605465,0.43007518768310554,0.0675279664993286,-0.5885328650474548,0.10867817164578153,-0.08932605005669245,-0.6286132405512315,-1.416223796870907,0.14618291097137504,0.20334901755111456,-0.04782315802632834,-0.2529421040338061,-0.010899971316404383,-0.5485145131746927,-0.20561908483505253,-0.36402726173400884
Bartlein,Bartlein et al. 2011,,pollen MAT,45.0,15.0,0.6715,1.0,0.7566080093383789,-0.9064658195298729,0.2247299747941349,0.17039795209698602,0.6497678756713888,0.4431828624230844,0.7512280797615101,0.7000141766575916,0.24908132778211597,0.5478910639360268,0.05546617507934569,-0.3404777581113178,0.823361471295357,0.35167329568083666,-0.11842060089111328,0.10044193267822266,1.0629472732543945,1.4343585968017578,0.31775331497192383,0.07190871238708496,0.44701219944226867,-0.09178447723388672,-0.07813750322190045,0.1327950832926536,0.07795430455766422,-0.33091204033491556,0.2520629843004143,0.2239054460524974,-0.3615520573033324,0.1335909366607667,0.3373954296112068,0.11221718788146968
Bartlein,Bartlein et al. 2011,,pollen MAT,47.0,17.0,-2.187,1.0,1.0051460774739582,-0.9475669804464015,0.24615478243838432,0.131465209108025,0.5918152395884211,0.42162591603442334,0.8655692996382454,0.720378914575046,0.23883879014151518,0.6685791124484469,0.10281848907470703,-0.331621221110853,0.9302981764078161,0.33625179957567397,-0.14966144561767578,0.09366846084594727,1.1952311579386392,1.8308348083496093,0.28807335535685225,0.09228603045145671,0.4802907074874972,-0.037770702966646925,0.009324741029365976,0.1517902875778304,0.08860026791977842,-0.23004531548491586,0.2220884680191588,0.24241151224179228,-0.210921860005946,0.17774578200446234,0.5215321805742046,0.3149954795837404
Bartlein,Bartlein et al. 2011,,pollen MAT,47.0,15.0,0.2,1.0,0.6197092056274414,-1.0089725063126809,0.20614974378064815,0.050313090233476104,0.3569465902116562,0.43155009785725235,0.7848101851983844,0.7245996315675001,0.19072142979645385,0.5526899544912701,0.0709733963012695,-0.33962968904106333,0.9014176011085521,0.3780285934954221,-0.17362523078918457,0.07579398155212402,0.9742120742797851,1.5033888816833496,0.19057910442352294,0.08710265159606934,0.44604191081597544,-0.08369438038966631,-0.04756898495971359,0.13947981877487803,0.09280804571017856,-0.2638127974206915,0.1995442859499642,0.1891626653312497,-0.25151410156811965,0.13780193858676465,0.40563707881503624,0.20303762488894983
Bartlein,Bartlein et al. 2011,,pollen MAT,33.0,79.0,-0.4,1.0,-0.23871030807495122,-0.9020414936783873,-0.6435835247495119,-0.4084765745594074,-0.4518161773681641,0.9574674693717518,0.06711028827490734,-0.057054578548936724,0.461640234924981,0.41832410700184064,-0.7232231616973877,-1.4214741084684661,0.42095687165857776,-0.8478183501546294,0.7110275268554688,-0.5205646514892578,0.38400638580322266,0.5773738861083985,-0.4125430313746134,-1.0089020431041718,0.3759050262526384,-0.650680710126735,-1.2022205182675814,-1.3034664182620141,-0.18087275009524445,-0.4402662494445149,0.1177241449968972,-0.2255826682562073,-0.4514778187184025,-0.9012177705764766,-0.60847477018833,-0.49116511980692545
Bartlein,Bartlein et al. 2011,,pollen MAT,1.0,31.0,-4.7625,1.0,-0.6816073608398437,-0.8919594065327846,-0.44319408212165246,-3.0006047870551265,-0.5836650212605798,-0.6983383446322647,-0.41275762728569315,-0.440191576182918,-1.223534485323777,-0.7958099929858078,-0.901383304595947,-0.809835087779316,-0.12089952826500004,-0.5264296843823634,-0.887727165222168,-1.1970098495483397,-0.5235831960042318,-0.36254669189453126,-1.1036900520324706,-0.6307849884033203,-0.6426585801138814,-0.49303952168399984,-0.6131778456198693,-0.23671223652660392,-1.042367304271576,-1.1158432748027798,-1.1364790472187396,-0.8333520755293263,-0.735460708804578,-0.7770519680447049,-0.7330917676289878,-0.272975213792589
Bartlein,Bartlein et al. 2011,,pollen MAT,31.0,85.0,1.05,1.0,-0.5080094655354819,-1.1318357643839527,-0.8508271815417897,-0.6711044766788259,-1.0201428042517777,0.4921683924519167,0.5046965916969052,-0.29868419778377353,-0.5989835259339167,-0.5597770868105005,-1.1044528484344482,-1.484195399108852,0.23314336538315183,-1.1141139536190474,-0.699854850769043,-1.0002501010894775,0.2994977315266927,0.2994733492533366,-0.2359899600346883,-1.1348731915156047,-0.530012719822073,-1.0968061228745447,-1.247921191191029,-1.1537975097372069,-0.6905910251261669,-0.627538991888417,-0.07243027459381143,-0.5908412647889439,-0.7565380998718071,-1.0797957314385311,-0.6124038663175356,-0.8271361880832249
Bartlein,Bartlein et al. 2011,,pollen MAT,55.0,111.0,-2.05,1.0,-0.047507667541503915,0.2011395209230682,0.205844599573602,-0.45398673821072333,-0.07513407866160074,0.5341928582864088,0.2695563297011501,0.30294381781315594,-0.2753847897920216,0.3757200063919931,-0.37503514289855955,-0.40829608351468266,0.36867345869541124,0.1451184364233942,-0.10329701900482179,0.24385249614715576,0.41053276062011723,0.6614638328552247,0.15815179347991942,-0.6018040180206299,0.16702888749603664,-0.23387799946123408,-0.6053515264732643,-0.12456405613441227,0.19308827742954038,-0.058865954570812354,0.11030494223389585,-0.10387326605377567,-0.2518269464321963,-0.6633585161632962,-0.15152775049209594,-0.43592106501261396
Bartlein,Bartlein et al. 2011,,pollen MAT,51.0,95.0,4.65,1.0,-0.09996288021405539,-0.18617887435347033,0.1184376921064215,-0.2511638608172261,-0.10950445334116621,0.3480176987284889,0.39861962085816216,0.3129313674021918,-0.2614147234966355,0.07365539272177572,-0.4002531766891483,-0.4346064943244211,0.09438259974122086,0.045004592830657206,-0.02636018395423889,0.08468043804168701,-1.0114137331644695,-0.44875615437825517,-0.07097110748291016,-0.4491056203842163,0.10880848807618199,0.018790799405034846,-0.516330136612132,-1.3588909910525966,0.09232737744401723,-0.07415450296174128,-0.014050477580822392,-0.23003994675259176,-0.08381989311711135,-0.5580372959375381,-0.16496358315149928,-0.30804419120152793
Bartlein,Bartlein et al. 2011,,pollen MAT,45.0,13.0,-0.8855,1.0,0.6867542266845703,-0.8747393360377607,0.19040798425599464,0.05478528199139134,0.55095067024231,0.41531147920003203,0.7094634285696617,0.7064202419546903,0.2024789747298991,0.49332352242867117,0.03671860694885254,-0.32720464362475565,0.8008222430944443,0.3676173158108999,-0.1365281105041504,0.10185470581054687,0.8375862121582031,1.3816733042399088,0.21910937627156574,0.012420177459716797,0.4095608866312779,-0.17460460662841798,-0.10814576381916471,0.09349144539847161,0.09127162619202965,-0.30935426219431916,0.2892481214916125,0.16586787877568865,-0.2780864633892509,0.11646676063537609,0.2992667675018316,0.08206791877746622
Bartlein,Bartlein et al. 2011,,pollen MAT,41.0,45.0,-6.7,1.0,0.30896739959716796,-0.44834112278744237,0.167287515911717,0.09867698839781384,0.4461224238077807,0.4437216341963001,0.38497598984134007,0.8355156907567685,0.1476653082612405,0.23587890239828085,-0.05757880210876465,-0.1926341248888347,0.6337508454918882,-0.02213244991942169,-0.36748242378234863,-0.22236347198486328,0.7857025146484375,1.0817706108093261,-0.08140225410461427,-0.214120348294576,0.45378960491994624,-0.11090176863635838,0.3368130263754705,0.07737060906493926,0.13546086445114766,-0.0980234095329354,0.7169954339077849,0.5498575881752287,-0.5241392017994805,0.006871859232584788,0.49387613932291713,0.14625751707288961
Bartlein,Bartlein et al. 2011,,pollen MAT,37.0,89.0,-5.6,1.0,-0.15628915786743164,-0.8732613301241973,-0.45950048874450955,-0.38257003420802393,-0.48923301829231985,0.3691786660327948,0.19190343832235812,-0.07340584705042902,-0.4430360987917284,-0.033895182419251775,-0.7253295421600341,-0.8523896616009887,0.2008313745260217,-0.7582891629287645,-0.6364784717559815,-0.506426191329956,0.13625008265177407,0.34245777130126953,-0.26782510717709856,-0.8092077225446701,0.17142970091080817,-0.5616932733779398,-0.5294662155377672,-0.5121878491032957,-0.4257098913445813,-0.5519064591315496,-0.023221208894692633,-0.32387318023246114,-0.41832233022945964,-0.7465176026026409,-0.37414526277118254,-0.4729139603508843
Bartlein,Bartlein et al. 2011,,pollen MAT,35.0,105.0,-1.75,1.0,-0.23799991607666016,-1.0225689367229736,-0.31870940501095346,-0.276795846019669,-0.7038966947131685,-0.19852209918128377,-0.08487932726842959,-0.2107101350894308,-0.6741345283486035,-0.1138756926245714,-0.6295440196990968,-0.9358151723274529,-0.3067684732377531,-0.7445826153335677,-0.42290616035461426,-0.4002801179885864,0.06676149368286133,0.7616496086120605,-0.38769978284835815,-0.8299692074457804,-0.1538047428272649,-0.4983829140241621,-0.7867726798404955,-1.0215866044746733,-0.5366424586853895,-0.6819290328390575,-0.08378302741993986,-0.32927702700927314,-0.4722264385499565,-0.7378953695297239,-0.3177533547083539,-0.29263534148534165
Bartlein,Bartlein et al. 2011,,pollen MAT,43.0,87.0,-0.2,1.0,-0.07163440704345703,-0.38182279701223076,-0.14751928093435,-0.33205268309593655,-0.4386812570359969,0.05387372484744764,-0.02400829980261629,-0.08848667258270371,-0.18491335851450416,0.12391368671437063,-0.5255044639110565,-0.7239117858240051,-0.22834013327956074,-0.3873643196369372,-0.4316258430480957,-0.33103600740432737,0.42396944046020507,0.6617263889312744,-0.10422574520111084,-0.21813923120498657,0.4463674229763422,0.1461750703337327,-0.8968682194640293,-0.5682800710507714,-0.1069869570944019,-0.22127347260508068,0.00879589552756697,-0.1396887472379286,-0.3621896596288629,-0.9274187458886038,-0.28064595063527437,-0.39735456890530046
Bartlein,Bartlein et al. 2011,,pollen MAT,49.0,11.0,1.5105,1.0,0.5969230016072591,-0.8609981460852705,0.09006281413634648,0.005830352069450008,-0.018432442347208356,0.4021380890504928,0.6363689874024734,0.7047498647948429,0.2494458684463769,0.5583828433610835,0.12168462276458739,-0.3686222506315242,0.8933195143938091,0.43054531817902597,-0.16792678833007812,0.1311758041381836,0.7808733367919922,1.4503205490112303,0.17541550954182944,0.17958219846089682,0.4850822560533349,-0.07742832464749858,-0.15915715157004928,0.08871229440185369,0.16418626219492177,-0.1324577975771518,0.22441889503218507,0.18945438468417952,-0.050405363845977075,0.08421610726250554,0.41038745774163177,0.30074613571166986
Bartlein,Bartlein et al. 2011,,pollen MAT,65.0,15.0,1.8975,1.0,0.8475351929664612,-0.49708772220587527,0.7827169981005035,-0.26296019771690815,0.13472729507419784,0.8498030014812177,0.5985249381019961,0.29196505904565095,0.46475485283960816,1.3788569288925614,-0.1414257287979126,-0.6634135233916671,-0.08928190652964657,0.23107656593970807,0.31128740310668945,0.8647300004959106,1.4140434265136719,0.8639178276062012,0.6976982951164246,0.02599140008290609,0.45433229524979174,-0.32700057407756766,-0.33269228596106387,-0.09679941626158917,0.3819888250762925,-0.06331549129143406,0.4911129386511518,0.2707273046058002,0.7924541031512446,-0.3779356264405791,-0.023122877710395687,0.25770498646630163
Bartlein,Bartlein et al. 2011,,pollen MAT,57.0,31.0,0.205,1.0,1.012651710510254,-0.8040272143666503,0.40484197703636204,-0.08554502616750086,0.4649094152450556,0.6952028836169794,0.6843127175626372,0.2286713626233243,0.7601025586118471,0.9259034831938016,0.08949716091156011,-0.5446614797156225,0.4458560464903688,0.16859009305671602,0.0863774299621582,0.19932756423950196,1.1603385257720946,1.045998051961263,0.6547390540440877,-0.21633613109588623,0.5867635546892589,-0.20049653709010837,-0.10568261423952094,0.22807064551013148,0.4325416463989382,-0.03287394507166554,0.19063106256420367,0.5388350702371719,0.07167120259643903,-0.18425747553507502,0.3501729170481362,0.38017686446507776
Bartlein,Bartlein et al. 2011,,pollen MAT,71.0,157.0,2.3,1.0,0.4234224573771159,-0.7400957911701104,1.2108342433417172,-0.0176726729957684,0.32932340304057095,1.9709134762352107,0.35821533009937057,1.3811081088229942,0.7808414752815949,0.8356937540554974,0.009709787368774418,-0.07575793488233165,0.35021246481418833,0.5717322904810533,0.8603482246398925,0.8340747833251951,1.7330352274576821,1.1297027842203775,0.9259258619944254,-0.13811596234639484,1.131161788511794,0.2578256248609858,0.2888538126703921,0.6079336384465974,0.47009607604002734,0.06070629568687437,0.7693012838503348,0.4160284328223053,-0.3487734449492099,-0.41005330615573465,0.4933889865875242,0.30380641301472966
Bartlein,Bartlein et al. 2011,,pollen MAT,43.0,117.0,-0.5,1.0,-0.2922643280029297,-0.5860431062995691,-0.17515711570799308,-0.6378201644454411,-0.1791430807113646,0.2266249673860006,-0.009978286116181435,0.12815669019909648,-0.8245150142952677,-0.17108152292400658,-0.6410982191562657,-0.7009102454064896,0.020401139184833203,-0.3681320494771715,-0.47502206563949584,-0.46673458218574526,-0.35929272651672367,0.20593073844909665,0.12303293853998185,-0.3895570437113444,-0.006907516662193492,-0.49626557572358393,-0.9302045327731046,-0.12608224731419485,-0.15587963986767758,-0.7825153692983761,-0.21307950694217312,-0.4900621446638699,-0.9261764971185265,-0.8676140136188928,-0.44347922007242735,-0.6918396093448004
Bartlein,Bartlein et al. 2011,,pollen MAT,57.0,21.0,-0.368,1.0,0.9968492889404298,-0.4360765558759241,0.4549482232818328,-0.21402057955588016,0.30929433822631885,0.7395320631457587,0.8124458677538785,0.5329247885509256,0.43560934855074546,1.0727526326791414,0.14073028564453124,-0.42023992487911305,0.5900700155645593,0.31728148227852976,0.17728433609008787,0.6501117229461669,1.1380184936523439,0.891252212524414,0.6138409566879273,-0.0351639986038208,0.6993372207711368,-0.12640855224842507,-0.19928461721388246,0.2017559289419375,0.42140135021339975,0.07888189545505243,0.3336133078645783,0.4674593130710628,0.22626270743584764,-0.05557357470194521,0.2572815338770546,0.2844118849436442
Bartlein,Bartlein et al. 2011,,pollen MAT,65.0,43.0,4.3,1.0,0.4958214044570923,-0.5012886275484463,0.5434069062739422,-0.6772935776640523,-0.04529630641142472,1.1505098029630865,0.1129926872391514,0.21974252665698146,0.4158121599023798,1.2830246562439664,-0.28683364391326904,-0.8902088367426987,-0.2581858468236076,0.14453271927003675,0.33014988899230957,0.13699021339416503,1.1026167392730712,0.6272034128506978,0.7191775639851887,-0.3579221169153849,0.23163277491893997,-0.7064892064419613,-0.47089917836180584,-0.3754170130848885,0.4027197000021796,-0.10810784218669403,0.38417705082371956,0.5121921039075353,0.36658440280857607,-0.6320058345794684,-0.06496229742964177,-0.02827032142215314
Bartlein,Bartlein et al. 2011,,pollen MAT,35.0,93.0,0.8,1.0,-0.2600749969482422,-1.188393084198594,-0.6081618362367488,-0.5399971382187314,-0.6720612817340424,-0.10177913082307231,-0.12222778470442729,-0.26925364718050804,-0.3239860839748325,-0.03149714159114446,-0.9037730693817139,-1.1425590011712932,-1.485570326447494,-0.9836849680725468,-0.7347848892211915,-0.6631395339965821,-0.052535915374755854,0.35239286422729493,-0.43484834432601926,-1.1565518776575725,-0.2714960949130244,-0.7960906456053463,-0.6969207230881492,-0.7305372238601817,-0.6202218989783248,-0.8377089384952072,-0.23705658024326293,-0.43633379350020063,-0.5493145310993144,-0.8916968637042565,-0.6319566607475283,-0.7918411466810437
Bartlein,Bartlein et al. 2011,,pollen MAT,-9.0,33.0,-2.5312,1.0,-0.6255226135253906,-1.035131358715519,-0.19061824795783475,-0.08886623644914543,-0.20797437667846733,0.033296755735396845,-0.22309009302473232,-0.11504794983182787,-0.36305031317574926,-0.30361621551592627,-0.380377197265625,-0.6790710691246875,0.33612534999847377,-0.3469466714091825,-0.6682422637939454,-0.0016082763671875,-0.07031715393066408,0.13026306152343747,-0.557811450958252,-0.08958053588867188,-0.20907573699951174,-0.3645300316012813,-0.4859613537548002,-0.4119832429001451,-0.4497134507787753,-0.4987899733326824,-0.3219500647424062,-0.4220508678027323,-0.1835112838511539,-0.512388038635254,-0.2311607360839844,-0.16409917831420906
Bartlein,Bartlein et al. 2011,,pollen MAT,45.0,-5.0,-2.4855,1.0,0.3046973546346029,-0.22497350006283087,0.009761034027513077,-0.10781452732969186,-0.039178371429443234,0.5138899765831886,0.27098313089180576,0.4476106898998885,0.10686900480081585,0.48683936586213716,-0.08156299591064453,-0.40101789853586983,-0.21307332813739815,0.16087349710232424,-0.22324419021606445,0.22119808197021484,0.6299187342325847,0.6511007944742839,0.21903403600056967,-0.07100892066955566,0.4003225556627658,-0.17917203903198242,-0.26485672440624713,0.05339074011211343,0.0014314591364502707,-0.23167976075090668,0.4163689209320349,0.047942950089977246,-0.29572503376904147,-0.23492860794067355,-0.06586194038391081,-0.04875922203063957
Bartlein,Bartlein et al. 2011,,pollen MAT,51.0,7.0,2.23,1.0,0.773615010579427,-0.7010611128116803,0.09206892185673257,-0.10866802946302105,-0.0262833595275873,0.4682580096939215,0.6390058396796218,0.6240257196953916,0.24446573553636777,0.572037534555415,0.13579473495483396,-0.35325778501997146,0.7820270761847489,0.35791419647189265,-0.0906670570373535,0.31575918197631836,0.9895177586873373,1.3239842859903972,0.32756144523620606,0.20250201225280762,0.5494951252528726,-0.06887393864353084,-0.13483231646246252,0.08883714029806528,0.1405753948655657,-0.12194990196895861,0.24010815556946874,0.1594425188979809,-0.051214168747399175,0.0665209770202637,0.22391850153605164,0.2544566154479979
Bartlein,Bartlein et al. 2011,,pollen MAT,61.0,89.0,0.0,1.0,-0.08966410001118977,0.05337440093051603,0.2624436474129344,-0.4885165662120487,-0.2523757669660778,0.7491343405475248,0.1945984113496879,0.2458313565120971,-0.4136361542220962,0.48698006041907926,-0.44976913928985596,-0.5197647532294388,0.20414055007498816,0.43598939061342945,0.0682438850402832,0.08740653991699218,0.9978042475382487,1.3007355181376141,0.22339256763458248,-0.6421689589818319,0.10404444268920818,-0.38155013077652855,-0.5630849735132288,-0.4121835667178664,0.2499942887366018,-0.19181733250234959,0.2520407056995508,-0.22304125336276767,-0.3992082818554588,-0.9432217227088082,-0.20472177531984184,-0.4502401563856334
Bartlein,Bartlein et al. 2011,,pollen MAT,49.0,13.0,-0.272,1.0,0.6006443913777669,-0.7978632235888511,0.12173656789129814,-0.2220613189536245,0.12691596349080478,0.40684256592934825,0.6679081813148068,0.7062828217304647,0.27608984814415105,0.5722088400340237,0.11106970310211182,-0.3549621519776744,0.9170279413461713,0.4075612540262413,-0.145867919921875,0.14185190200805664,0.8289062627156576,1.4324260075887045,0.18029051780700683,0.17040030161539715,0.4976358657722357,-0.07163415255351628,-0.11209375183507374,0.11156564551216885,0.18097819333531334,-0.15894898140439004,0.21059302266071062,0.21452267832023075,-0.0466786601752467,0.10175733566284191,0.40218794610765285,0.27152461528778093
Bartlein,Bartlein et al. 2011,,pollen MAT,61.0,37.0,-0.795,1.0,0.6209161980946859,-0.6256947015376735,0.46359364169486644,-0.4053051598086615,0.19383023341496788,0.8282870059588161,0.3821436326017688,0.12126186889342375,0.36052851283454956,1.0610217811816327,-0.08630980551242823,-0.7838867447963282,0.08172412004482713,0.1502984826852565,0.19414221048355101,0.17868416309356688,0.9867073837916056,0.7217696062723795,0.6873017972707747,-0.3739684671163559,0.3918320770392417,-0.5023104143012476,-0.40041269076994257,-0.22530377890467992,0.49707405293567575,-0.055611946473827736,0.24283523514930744,0.5260693006551511,0.3361552164912305,-0.44122600025600883,0.15228217707739894,0.1261322820186615
Bartlein,Bartlein et al. 2011,,pollen MAT,23.0,101.0,-7.0,1.0,-0.9758089701334636,-1.5881368940936516,-0.6784267600669263,-0.852849528884257,-1.080240209367541,-0.3718131889514632,-0.8315721292435392,-0.9002778786537355,-1.0607374068507498,-0.5103452087465444,-1.1148133277893066,-1.6565139882161501,-0.16762677431106532,-0.9264240362256007,-0.6401004791259766,-0.4777486801147461,-0.48719581604003903,-0.30839213053385417,-0.7545898373921711,-0.7419977188110352,-0.7913548104153283,-1.1135940803482258,-0.8390724195850372,-1.3021548398505254,-1.19297770249627,-1.5617856682942235,-0.604562020137675,-0.922748879380533,-0.6121557251270245,-0.9653907193077937,-1.0016918924119738,-0.6710701518588595
Bartlein,Bartlein et al. 2011,,pollen MAT,19.0,27.0,0.65,1.0,0.024790344238281255,-1.4226454558242019,-0.3759910710656449,-0.4219164517442445,-0.3169294463263618,0.317027817636268,-0.6125676113336387,-0.2138668661578928,-0.5786283895272925,0.009281125160997772,-0.487028694152832,-1.456121162643003,-0.3573911666870116,-1.234560388700428,-0.7826372146606446,-0.48331031799316404,0.17628860473632812,-0.05010437011718751,-0.19950469970703127,-0.06189664204915366,0.2210217103114578,-0.22379134967559264,-1.0909460226009526,-0.8217486133622989,-0.581840472831983,-0.5529968198965617,0.062113239514969,-0.03541597875989949,-0.798763402647108,-0.6590969509548608,0.18107571072048617,-0.4355216810438368
Bartlein,Bartlein et al. 2011,,pollen MAT,47.0,-3.0,-0.9915,1.0,0.39602413177490237,-0.38036796251153293,0.04285178558406611,-0.026061868173868803,0.0020632033877908615,0.5105923402054896,0.341815638729415,0.4849218929775125,0.10727511995163096,0.46307502320395183,-0.009250068664550781,-0.40070122206774955,0.09723084568977698,0.21634281815849604,-0.26062097549438473,0.30379219055175777,0.7388966751098633,0.8497666931152345,0.20228845596313474,0.017847776412963874,0.4675101487150901,-0.11664094494001831,-0.24197927023966337,-0.2829586778473465,0.000184565166216245,-0.19664826241900196,0.3609934134733159,0.05589831872766983,-0.2405062098670867,-0.15981490876939505,0.0118149757385261,0.055662511189778725
Bartlein,Bartlein et al. 2011,,pollen MAT,37.0,109.0,-3.95,1.0,-0.48528237660725915,-0.6976569287414008,-0.11526942224777754,-0.8169310271497486,0.06037335395812922,-0.22704377373502008,-0.21709374292085803,-0.020191552230027134,-0.753079684286356,-0.19028100544083332,-0.6745482683181763,-0.9194991165336821,-0.39708372801542297,-0.5532427546496876,-0.34379277229309085,-0.3011525630950928,0.20078421274820965,0.018599522908528652,-0.26090430100758866,-0.6557505130767823,-0.09611067724019323,-0.6154154517763645,-0.8979096619562335,-0.6634182926580918,-0.40954962854544946,-0.7509371423337988,-0.25724897266102864,-0.6108939924404146,-0.8198948964518641,-0.8553465763727824,-0.13434962696499314,-0.4482953802744548
Bartlein,Bartlein et al. 2011,,pollen MAT,59.0,-115.0,-2.539,1.0,-0.2540289402008057,-0.839460581949147,-0.05507352865490372,-0.6960905905032823,-0.39516194297207735,0.5829293103444835,0.44360450615990665,0.326071192915246,-0.31466713274368363,-0.07662515701104647,-0.36260342597961426,-1.2209622726109397,-0.0463435973972091,-0.25118240836875005,-0.3293769359588623,0.02923920750617981,0.2974936803181966,-0.17693347930908204,-0.3315068364143372,-0.6237814227739971,-0.16337359516365538,-0.6452939761356,-0.5389816277611512,-0.6990651140147383,-0.2434466260446569,-0.7141318986913073,0.06243659222584219,-0.28096070784074345,-0.09548977132894358,-0.7813588794734746,-0.47592276003625733,-0.4243541187710232
Bartlein,Bartlein et al. 2011,,pollen MAT,55.0,23.0,1.688,1.0,1.1595845858256022,-0.3638331719382212,0.3814645531242965,-0.03356653831603703,0.41201785935295965,0.650800806192752,0.9454916883855328,0.583361146901481,0.4626996774196368,0.8811477569863276,0.18528671264648439,-0.44002483094726796,0.7114351168274862,0.2612057683422977,0.10130329132080079,0.3773366451263428,1.264672819773356,1.189572048187256,0.5618179798126222,0.0068058570226033534,0.694405672960806,0.03418767068231782,-0.12150997231063981,0.18579779121621337,0.389038807920557,0.036635727750749206,0.2245354303357357,0.4216431894906449,0.020747276239348557,0.06004528734419075,0.48861366642846,0.37814625104268385
Bartlein,Bartlein et al. 2011,,pollen MAT,33.0,103.0,-0.35,1.0,-0.3763157065709432,-1.1609185124447978,-0.5516817852731081,-0.5767269255990494,-0.43927427967389426,0.005537108607014712,-0.14584530421091585,-0.37288131973977356,-0.6129259972975601,-0.09337108529482,-0.9268349647521972,-1.1374696153400943,-0.49090193137526494,-0.8742297621386902,-0.704546856880188,-0.5670646071434021,0.06555025100708008,0.286892578403155,-0.6479996186494827,-0.9687893390655518,-0.32968797473826006,-0.486000117868645,-0.8248677759276933,-1.442856528438883,-0.8869698884942744,-0.9127666969425766,-0.12312552912575142,-0.4017084804855069,-0.5150791938807916,-0.9289202690124513,-0.4133068084716796,-0.47327644030253097
Bartlein,Bartlein et al. 2011,,pollen MAT,53.0,-77.0,-0.049,1.0,-0.14801036516825358,-0.6602693186393338,-0.15354141906220067,-0.5609141432891123,-0.06818622867266279,0.29984829154530523,0.1551264499986375,0.40868075656751135,-0.17435289514008256,0.27901236889820674,-0.5500106692314148,-0.7206627495929913,-0.04997861757874493,-0.06572560325218357,-0.3983715534210205,-0.11734100580215454,0.5635485458374023,0.5125448926289876,0.1458336901664734,-0.5229718486467997,0.08722928527584135,-0.5831817772091453,-0.8064573879792042,-1.084207485962959,-0.06583640625903936,-0.6288977847934394,0.2795992936713201,-0.45114290844050664,-0.23244122861582212,-0.6799986316098107,-0.5471631778611078,-0.3128172034687465
Bartlein,Bartlein et al. 2011,,pollen MAT,25.0,109.0,-6.9,1.0,-0.8391269683837891,-1.5279782270377653,-0.5426025104346051,-0.8243590716914744,-0.564343335893419,-0.26080100264371975,-0.7429175183923248,-0.8933545914997748,-0.9334190513755405,-0.3716678570210103,-0.8708807468414308,-1.234838882297962,-0.37424218654632346,-0.9610134268643699,-0.6691915512084962,-0.5490129470825196,-0.45483296712239585,0.030730819702148436,-0.6706410566965739,-0.8189771970113119,-0.8485262582029323,-1.1537516180477643,-1.196394995721363,-0.9774280359989348,-0.9650249722640176,-0.9761263755132588,-0.40795487659918284,-0.8442562976020695,-0.617831917193295,-0.9679089970058865,-0.4122544076707611,-0.7040158271789551
Bartlein,Bartlein et al. 2011,,pollen MAT,69.0,85.0,0.6,1.0,-0.004859860738118491,0.1544322601272159,0.5676324330358112,-0.20436676163713277,-0.21589851379394512,1.151046815324084,-0.0009700328225147091,0.24359268833626016,0.47169406820040205,0.8875029781689505,-0.23886537551879883,-0.4722414281251511,0.17018275974169547,0.63098636650672,0.6605081558227539,0.006585121154785156,1.4732159932454427,1.0690049489339195,0.24047222137451174,-0.4189729690551758,0.18825658743184193,-0.41616036522901967,-0.20476022302821884,-0.5216939470433405,0.15904463702548302,0.04321358537433127,0.6968368302878094,0.07015810396581311,-0.021270825547956004,-0.8697451750437419,-0.36217526594797766,0.2713426589965824
Bartlein,Bartlein et al. 2011,,pollen MAT,65.0,-167.0,-2.5498,1.0,-0.8275034904479981,-1.1376085491710515,0.8245763116321086,-0.37396610537071984,-0.5496469073825414,0.7575605140507928,0.35529703597047313,1.089404528006693,0.09387262338003341,0.4498265789820943,-0.6276831388473512,-1.2285684038635716,-0.6195055385358094,-0.3873778709825357,0.3857882499694824,0.28565158843994143,0.45310452779134114,0.26828047434488933,0.02467230161031087,-0.26178689797719323,0.3014161644852288,-0.38480079163379804,-0.4375785323649107,0.1691111314974277,-0.3877742281296923,-0.5561437145913264,-0.0012431534578717584,-0.23702086707615866,0.29128148870970955,-0.9515035655763423,-0.23014170196321265,0.2918751875559491
Bartlein,Bartlein et al. 2011,,pollen MAT,63.0,-163.0,-1.2063,1.0,-0.9182227643330891,-1.4130514821419093,0.527396742311222,-0.6157545592635236,-0.6681733775138853,0.6259877628208034,0.021247411610942218,0.8247040754092323,-0.09427946113083355,0.28293329360680297,-0.6342665910720825,-1.4312107273436412,-0.5377190642416984,-0.25639663602711343,0.1806849479675293,0.11414964199066162,-0.010462913513183592,-0.1212903658548991,-0.39645569960276283,-0.4320756196975708,0.13356791587068556,-0.47865110837457825,-0.6146149585415532,-0.25231481289063157,-0.6436878499183005,-0.8792860958368451,-0.15162794127541457,-0.269451003137678,0.27879687532210645,-0.7722265869379044,-0.33437384366989087,0.20101111412048336
Bartlein,Bartlein et al. 2011,,pollen MAT,69.0,-161.0,0.0279,1.0,-0.37365681966145836,-1.3139265558292,0.8912142969132306,-0.2084643575860532,-0.3875687440236416,1.0418978308621991,0.39591746558418867,1.1521445753791033,0.21419354835690765,0.3688232990977378,-0.4432271003723147,-0.884839213896633,-0.35007467391789227,0.26653741794534275,0.31685667037963866,0.1784073829650879,0.9344463857014975,0.5486991373697916,0.0874530029296875,-0.20981645584106445,0.36845322471394526,-0.20219301208842513,-0.4278017795871769,0.045959631695915854,-0.28129551492120913,-0.4461037790815723,0.218033641840302,-0.04254383304367655,0.18117649868223276,-0.9531318187713623,-0.22564634482065848,0.329172709782918
Bartlein,Bartlein et al. 2011,,pollen MAT,61.0,-149.0,-0.0587,1.0,-0.3743783791859945,-0.4182198233621994,0.128386214493496,-1.1346042781056493,-0.5034256977505152,0.43088006767432585,-0.12116596942068641,0.42785431755850156,-0.26607225581522526,0.00400290530197395,-0.3070480495691298,-1.4608920080467565,-0.2600828908110677,-0.054641535188992424,0.021770548820495606,0.3757941484451294,0.3399179311593374,0.14766881545384725,-0.6790492383639017,-0.5183953841527303,0.01947511241629036,-0.5715041455842408,-0.3470620217173768,-0.23397574119549358,-0.5816902154899725,-0.7502695568517013,-0.2590791283082418,-0.25247062987047864,0.27007283574954166,-0.5945552084181053,-0.44625971714655654,-0.004604883723789151
Bartlein,Bartlein et al. 2011,,pollen MAT,65.0,-147.0,-0.5162,1.0,-0.673813247680664,-1.366392851783508,0.23713107592412558,-0.6984725570448636,-0.6582107305526723,0.4060881648996012,0.008786805892354622,0.5977841943561157,-0.518485737693985,0.10160692708771486,-0.5108728170394897,-1.409366968808714,-0.2117771212020903,-0.12198302955347554,-0.09473891258239746,0.08114123344421387,0.2745506286621094,-0.08395214080810548,-0.7779526233673096,-0.4712272087732951,-0.06393016089256787,-0.578551024226909,-0.5541091786301038,-0.4426863343943559,-0.7160033869911482,-0.648083737685607,-0.18428190842172787,-0.3662695521688815,0.32847343753207575,-0.637060708469815,-0.4702266428205705,0.06361675262451166
Bartlein,Bartlein et al. 2011,,pollen MAT,65.0,-135.0,0.03,1.0,-0.4692201614379883,-1.1123926736965748,0.1228332397998726,-0.8191646641460368,-0.5891391038894649,0.4485874296354405,0.20282253248949766,0.5163149453977833,-0.22555100675473927,0.022462744828545798,-0.36341238021850586,-1.3232613498857846,-0.12885025416077653,-0.14242726062589497,-0.14806699752807617,0.21424031257629395,0.36040687561035156,0.10480880737304688,-0.6610317230224609,-0.4399916728337606,-0.08707213697720613,-0.48941086933249156,-0.5330343056480087,-0.6858567768810472,-0.5117567421763207,-0.6550450325190962,-0.11267222490420023,-0.3332565709866956,0.3034842535722946,-0.6642229159673061,-0.5321572356753883,0.16418022579616964
Bartlein,Bartlein et al. 2011,,pollen MAT,61.0,-131.0,-2.6878,1.0,-0.37139933904012046,-0.7427960433598186,0.05176361625889959,-0.9696820462859914,-0.43235091924667346,0.4025183939152401,0.11833089287241481,0.41923363116055623,-0.2290440778893127,0.175757400051771,-0.25944364070892334,-1.1738196291815857,0.05043180095756783,-0.13364811463544354,0.0006401538848876953,0.2864581108093262,0.08457473119099936,0.17802279154459635,-0.7282271528244019,-0.36059578259785974,0.026251173481691762,-0.6340227395970628,-0.5080746010058331,-0.671550497732449,-0.34395279498364867,-0.6416903036620691,-0.12471907288890338,-0.2330208640499039,0.056882052766093136,-0.544334275192685,-0.47189551194508905,-0.2643295658959283
Bartlein,Bartlein et al. 2011,,pollen MAT,61.0,-129.0,-5.5501,1.0,-0.3597265720367432,-0.8054787322839264,0.04291447111112033,-0.9088475125911264,-0.43064555247624703,0.4065564705000203,0.14072352915328384,0.42362582940954097,-0.2552561515609681,0.08545080635042582,-0.2621029615402222,-1.171691292775367,0.05315691553692095,-0.14132298881061894,-0.0560901165008545,0.2075251579284668,0.17382434844970707,0.23132059097290042,-0.6577012395858765,-0.36773536602656054,0.02114242504104682,-0.6160747539208759,-0.424799426888479,-0.5752978650649566,-0.31237356793666304,-0.646388983794661,-0.09435403804554608,-0.23302598229260071,0.06030451185374237,-0.5329767743746442,-0.4737753020392528,-0.1875460211435958
Bartlein,Bartlein et al. 2011,,pollen MAT,65.0,-129.0,0.3203,1.0,-0.3949241638183594,-1.1130302706761488,0.1299501622630559,-0.7476216375355383,-0.5503274785147767,0.5165617744522145,0.050518709813112725,0.5054011043214901,-0.2049659992947091,0.10339658822269177,-0.3200801610946658,-1.2698077823763956,-0.1688312214719244,-0.10335587792250185,-0.22120065689086915,0.21234984397888182,0.5138999938964843,0.22300529479980472,-0.3980908870697022,-0.4693296750386556,-0.10343730920926356,-0.4609592684883128,-0.5561793621692475,-0.6708274624571806,-0.4571579187822207,-0.6865540296101608,-0.08994309993281714,-0.31497544630711694,0.20011685984896585,-0.6169967280493849,-0.540168823136224,0.10510987705654556
Bartlein,Bartlein et al. 2011,,pollen MAT,53.0,-11.0,-1.896,1.0,0.6241646067301432,-0.25346689072524387,0.1518628838618053,-0.1714927965571901,-0.030840973324245846,0.5426162830226182,0.1823025673061985,0.21648386350038368,0.03653637436021006,0.6344254501929241,-0.08355431556701655,-0.4208984130299822,-0.22971712946891784,-0.05751829238305064,-0.2338878631591797,0.543292236328125,0.8611228942871095,0.7482736587524413,0.3499753983815511,0.14442483584086102,0.3328198943820462,-0.20015745999873744,-0.17929624321405038,0.023015584206559934,-0.010388585767808205,-0.25081219231506213,0.3807280657303438,0.035763924991927466,-0.2852946702221415,-0.3357407251993815,-0.13153931299845376,0.08121761533949115
Bartlein,Bartlein et al. 2011,,pollen MAT,41.0,-7.0,1.43,1.0,-0.19495196024576822,-0.1821748813353288,-0.09002272142499972,0.025479958498887997,0.026075730853609234,0.4477541996989461,0.36420871757236045,0.4260913185879833,0.0626639449638281,0.2284243272201291,-0.09549474716186523,-0.4170504799045457,0.25091223716736055,0.1629305556986031,-0.3043190956115723,-0.13516664505004883,0.3940189870198568,0.6245712407430013,-0.11422250429789224,-0.34096264839172363,0.15113401981872893,-0.37212732129692583,-0.34752250147164593,-0.1803441079638059,0.04909891591875838,-0.28431513615308346,0.38594206378209284,-0.0991597571266425,-0.441094624661812,-0.1766885492536758,-0.1024681038326684,-0.031025712754991434
Bartlein,Bartlein et al. 2011,,pollen MAT,33.0,-5.0,1.02,1.0,-0.25436363220214847,-0.502138187069719,-0.20213152234704349,-0.5545241980418393,-0.3247270901997884,0.14308093959547374,0.40219409044055277,0.2547470122335731,-0.31137369572935075,-0.04570247445328367,-0.48378753662109375,-0.6270159421945293,-0.156390380859375,-0.1610781942802591,-0.5752129554748535,-0.6724200248718262,0.2562890370686849,0.417318598429362,-0.14834783871968588,-0.6360378265380859,-0.14102679774975876,-0.632551536199707,-0.5522581063941643,-0.2598184777146068,-0.03581319057073802,-0.5545401733725102,0.16633200805811194,-0.4744281280104292,-0.30142999693002015,-0.5109934806823733,-0.2747314771016443,-0.5684531847635912
Bartlein,Bartlein et al. 2011,,pollen MAT,41.0,-1.0,-2.945,1.0,-0.01638600667317708,-0.34942071148081033,-0.038606636773744214,-0.10189680049287823,0.29605824152628496,0.3664571313738563,0.5430687809786634,0.531346171806903,-0.08203262751310496,0.2277244615859531,-0.08469634056091309,-0.39627324206050424,0.372999492287639,0.20643889506404817,-0.23010215759277347,-0.08805370330810548,0.3407728449503581,0.7066335042317708,0.02833034515380859,-0.24202632904052734,0.18057483237816616,-0.37038845746684607,-0.1393260415165765,-0.13518833420532417,0.09174960520527792,-0.31727755077960645,0.2811379818690065,-0.16938628185994073,-0.3451934630426761,-0.14704039891560872,-0.07391626569959835,-0.1293495856391061
Bartlein,Bartlein et al. 2011,,pollen MAT,45.0,-1.0,-2.79,1.0,0.3502903620402018,-0.5091633165750554,0.0067989615037903975,-0.023166147700301738,-0.043471431732178094,0.47847649989200836,0.392817318818124,0.6173303152355004,0.010985132442869007,0.4157310755810816,-0.03323450088500977,-0.3632361807945737,0.34695003926753976,0.2429408068931229,-0.28892145156860355,0.157413387298584,0.6445929845174154,0.8898321787516276,0.12199575106302898,0.008061885833740234,0.3602849409736793,-0.22043943405151367,-0.21532731419167744,-0.06784950060338678,-0.026718812162547415,-0.23306763842869616,0.34457193345318926,-0.026500077684474963,-0.291762491731873,-0.11766343116760229,0.15613207817077554,0.028325033187866333
Bartlein,Bartlein et al. 2011,,pollen MAT,59.0,7.0,1.888,1.0,0.9398254919052125,-0.15329004465714177,0.4355361274158702,-0.15826520674811004,0.19687531736161967,0.738418417307998,0.6656171219205487,0.4201840288275858,0.20518501753972207,0.8619692111353261,-0.0025675654411315913,-0.335111081928485,0.03937560953199975,0.2562971949632979,0.12479569911956787,0.7888498544692992,1.1841263818740844,0.8977518876393638,0.5517985681692759,0.16574327150980633,0.6032128321999695,-0.051113829700194055,-0.12815058595361514,0.08232081237250215,0.2583240922758495,-0.04172549985574719,0.3938655796185592,0.1963493937539133,0.3127111069863743,-0.11415788332621316,0.03683295249938949,0.4125839773813879
Bartlein,Bartlein et al. 2011,,pollen MAT,63.0,9.0,-0.0765,1.0,0.8484471368789673,-0.4749250646989025,0.6576464612335361,-0.23234034992218414,0.15835317015647882,0.7624391121818387,0.609395812823301,0.3589489247543228,0.3229610809744867,1.0626535056290431,-0.11533464863896345,-0.47737024483704354,-0.07372836856074139,0.20476450205393656,0.1838661640882492,0.838390350341797,1.306972665786743,0.8810671520233155,0.5335110008716583,0.08273543417453766,0.5282395943436147,-0.18772213290189835,-0.16267125415743197,-0.03548047387756269,0.3023696840745287,-0.05780074247285608,0.41087122309052404,0.16196212476000468,0.6054053615166543,-0.24333261251449567,-0.03282920718193073,0.26067414313554765
Bartlein,Bartlein et al. 2011,,pollen MAT,39.0,31.0,-0.27,1.0,0.5190503056844076,-0.9071724519676923,0.25877371752282763,0.18303003065912682,0.706350647608438,0.5784957079359766,0.4940415230107972,0.7055376442613348,-0.11792043036718909,0.4607848141018024,0.006464529037475626,-0.29742577204741916,0.7561843663454078,0.12842054368885567,-0.21235694885253906,-0.21859312057495117,0.8598162333170574,0.956778399149577,0.17628209749857585,0.13226056098937988,0.4826640636390571,-0.032225979733978526,0.11933533495058682,0.002851741045991692,0.07927080813359641,-0.15875868907975016,0.5155121648559593,0.5392956203449916,-0.2823691301096186,0.14591633478800467,0.5228772163391112,0.25529399236043304
Bartlein,Bartlein et al. 2011,,pollen MAT,49.0,49.0,-0.445,1.0,0.19827321370442708,-0.6988350154190707,0.12716671676986607,-0.4040721101039028,0.08126172913445398,0.4449566234884721,0.4632648344727519,0.38348672124655997,0.2874011681747902,0.36770254535621366,-0.18816907405853273,-0.5950240058346975,-0.2289715528488166,-0.05954955314279237,0.32272176742553715,0.6412082195281983,0.8851304117838542,0.8276844660441082,0.13120755513509114,-0.44123991330464685,0.5395974411882668,-0.125338328847439,-0.05530502371327022,0.10989161144854798,0.11744586325172943,-0.04851102809376209,0.01857930608320364,0.6478109669144055,-0.16838827509260568,-0.399426370196873,0.09053332540724009,-0.09024582968817824
Bartlein,Bartlein et al. 2011,,pollen MAT,55.0,55.0,-0.275,1.0,0.1167113780975342,-0.4954892530504342,0.09637251504627314,-0.5234012285787261,0.42637272675832105,0.39933080206805815,0.2949905354559186,0.02253218404730169,0.10530792411135818,0.41896512975653816,-0.32651087641716003,-0.6104533928630413,-0.20964229013770785,0.05006130511172112,-0.04631304740905762,-0.14596116542816162,0.5015279452006023,0.7444587548573813,0.03034767508506775,-0.542678564786911,0.2614831980212553,-0.3785665814668735,-0.42927096073131155,-0.17003208013512722,0.29706893579063426,-0.19555904696554488,-0.08712128584426561,0.4070392156257117,-0.1422293580355763,-0.7697419987784492,0.19965345329708517,-0.21608767244550914
Bartlein,Bartlein et al. 2011,,pollen MAT,35.0,135.0,2.4,1.0,-0.2886629104614258,-0.4474951657686538,-0.2095924238470476,-0.6343255686504976,-0.3655352062649193,0.0769784587225251,0.02764424909805669,0.2466932933448009,-0.17947880674407546,-0.09863502609242736,-0.5626671314239502,-0.5319537517626922,-0.023236855864522184,-0.30322043165099327,-0.6420431137084961,-0.46339941024780273,0.33804893493652344,0.34960365295410156,-0.06789231300354004,-0.43595314025878906,-0.32407965938866395,-0.5780354068590622,-0.926957945524978,-0.6048511789904201,-0.23661623545007185,-0.6364912136623582,-0.06895500250760378,-0.36057545391740203,-1.0688936893909604,-0.6679100725385877,-0.25580175717671544,-0.5298832257588706
Bartlein,Bartlein et al. 2011,,pollen MAT,-47.0,167.0,-0.75,1.0,-0.3254034932454427,-0.05192910340953205,-0.04776723008568955,-0.12322222800288136,-0.11048606130811914,0.00969882177515891,0.05404761556347419,-0.010632811295835962,-0.35286228991728685,-0.34164998993807993,-0.3060288429260254,-0.4824562208155894,-0.2998440340161322,-0.06934666028008649,-0.4311630249023437,-0.2649203300476074,0.04348153432210286,-0.031368319193522134,-0.3044476477305095,-0.21421170234680179,-0.061449928730268034,-0.27533241937172653,-0.32035157957777904,0.033606915629635546,-0.03610176873599776,0.054979252138564055,0.00943935039488946,-0.06574058825995811,-0.03679482501070214,-0.30444140434265154,-0.2136181619432239,-0.3045000139872234
Bartlein,Bartlein et al. 2011,,pollen MAT,-47.0,169.0,1.2,1.0,-0.3077480316162109,-0.06704563362133695,-0.04592268965497716,-0.11448468381355276,-0.1303773138258194,0.030466574815248237,0.030633325372898968,-0.014774283549255644,-0.3419772354478264,-0.3309598411716286,-0.2631706714630127,-0.4953936732504102,-0.26170646399259545,-0.07872369660592196,-0.41635751724243164,-0.28446311950683595,0.04788565317789714,-0.006065966288248699,-0.2738002141316732,-0.22753222783406576,-0.05951537291436108,-0.2513503906748685,-0.29330704339243846,0.024645465880965972,-0.05285496913988865,0.02319343010233632,0.0120802021750271,-0.0774454814673153,-0.03439537341748489,-0.29205091794331883,-0.18855777846442345,-0.315170029534234
Bartlein,Bartlein et al. 2011,,pollen MAT,-45.0,171.0,-0.3,1.0,-0.36547203063964845,-0.09561708361645889,-0.04090238421626416,-0.09149840099171025,-0.2987485170364379,0.03708427896998287,-0.03848483209210541,-0.026477023983271043,-0.2743485987942895,-0.3129062782498263,-0.307712459564209,-0.4899054078156073,-0.22675593197345728,-0.08758879125070558,-0.44128847122192383,-0.40888338088989257,0.031392478942871095,0.015992736816406252,-0.24990766048431395,-0.3088662624359131,-0.08950036842024438,-0.31413538455963136,-0.27364213718351377,0.002841071552515964,-0.12843590949140296,-0.022033861478389698,-0.0006545417719043969,-0.12481544195709078,0.005221233062327844,-0.3202502727508545,-0.24569358825683596,-0.3279293537139893
Bartlein,Bartlein et al. 2011,,pollen MAT,-43.0,171.0,-0.5,1.0,-0.4178346252441406,-0.06989209666318154,-0.05532242803020264,-0.11023477718237137,-0.2961860190497504,-0.01710619642428064,-0.1028135431518616,-0.029786410978873433,-0.30736233955027237,-0.3117431718220362,-0.39284453392028806,-0.5173375830282856,-0.22108431458473213,-0.09317655563464139,-0.4511697769165039,-0.4231907844543457,0.03862560272216797,-0.008274879455566403,-0.31316469192504887,-0.2960634231567383,-0.10168355347219327,-0.35085471536442375,-0.2761156739869388,-0.021338318162424878,-0.15815559765984413,-0.010727996904581275,0.0005209283682728006,-0.13474107739129207,0.06574858818225993,-0.3651777426401775,-0.2936133437686497,-0.31698773913913303
Bartlein,Bartlein et al. 2011,,pollen MAT,-37.0,175.0,0.25,1.0,-0.5246567408243816,-0.05003275245586891,-0.10886054548857,-0.12509835130075989,-0.39525634447733565,-0.06364763752611735,-0.21451701236689383,-0.034087968467958904,-0.244926138856287,-0.2643690107521756,-0.3810744285583496,-0.5588714538693184,-0.1962868511676789,-0.1269856406087764,-0.43152809143066406,-0.5085358619689941,0.04386075337727865,-0.09560381571451823,-0.34656054178873696,-0.2592315673828125,-0.11950945138042615,-0.40473146021449524,-0.2930591168618329,-0.08903731327665083,-0.23108074257206435,0.042556993858981665,0.00604668984529094,-0.2515127828980499,0.05613645009084607,-0.4210072093539768,-0.4048010243309869,-0.21418876647949223
Bartlein,Bartlein et al. 2011,,pollen MAT,65.0,-111.0,-0.967,1.0,-0.23944854736328125,-0.9795065371273699,0.16568660828801574,-0.4771844296611224,-0.003144921196834745,0.4458068965491937,0.28252276737426224,0.42809062962767575,-0.044160299027963514,0.15061916116892757,-0.3627953052520748,-1.1492885010391958,-0.2031143848771041,-0.07385218377933547,-0.30106840133666996,-0.016761589050292968,0.80103759765625,0.3180015563964844,-0.038070154190063474,-0.5113532940546672,-0.19745179976036867,-0.5402666142177887,-0.657369938852709,-1.4198738514058125,-0.32576665297044066,-0.7754514657112516,0.14962785579989887,-0.4566762123317446,-0.06596548860975825,-0.8204617606268985,-0.5524443202548559,0.1405528969234888
Bartlein,Bartlein et al. 2011,,pollen MAT,59.0,93.0,-3.3,1.0,-0.10914296150207521,-0.015440595409738418,0.29958847773711483,-0.3702349235536814,-0.06426957315868817,0.6494669668583254,0.3194678857518838,0.2836389444414991,-0.2302745516341503,0.42603044266187434,-0.4531202554702759,-0.4563482378802012,0.24496516138315302,0.4366067623176804,0.06354365348815919,0.2803893804550171,1.0646841621398926,0.765749740600586,0.23514578104019165,-0.6110321482022604,0.14492465031122667,-0.22108468325975153,-0.5473933774836377,-0.9773802285746406,0.3312532807861674,-0.2649338402352145,0.21135922858480666,-0.24606888274179553,-0.38143183084090004,-0.8578348242574271,-0.047056680255466304,-0.4871071937349107
Bartlein,Bartlein et al. 2011,,pollen MAT,53.0,23.0,1.4645,1.0,1.2191489283243815,-0.5772483219468115,0.30762111411994597,-0.04124258797513273,0.6169532945421008,0.5860859462871559,1.0224205806961222,0.6338816757790692,0.4402388472254758,0.834700931826003,0.21775796413421633,-0.4299013222052577,0.8550254389643668,0.25546040570044576,0.04951906204223633,0.25828981399536133,1.2625167846679688,1.3364496358235676,0.4795886135101319,0.005788962046305337,0.6706414438781113,0.1590920671431357,-0.035869244917095505,0.16635901085088142,0.27673151075518015,0.010108976836790812,0.20313545125823496,0.41723224266628295,0.0378379855565288,0.12819686995612253,0.5555154350068834,0.32291957007514094
Bartlein,Bartlein et al. 2011,,pollen MAT,67.0,87.0,-0.35,1.0,-0.02323841094970703,0.1606438850108894,0.45346628784842846,-0.022287524087353152,-0.2865048641628684,1.0173548783749726,-0.02703544331375187,0.20581495145374726,0.3820347793983638,0.8633388619921031,-0.28722643852233887,-0.46477235036999254,0.1421937812888873,0.5901273690259577,0.41584796905517574,-0.031393432617187494,1.2421904754638673,1.0970307159423829,0.20231568336486816,-0.4454841613769531,0.16528611322196887,-0.4113504205403377,-0.27810005066115057,-0.3732074822551201,0.1615323715330114,0.039817393951078014,0.4832047608830356,-0.015446080095246667,-0.18667643937418366,-0.8722098032633454,-0.3049989859263099,0.11885391447279199
Bartlein,Bartlein et al. 2011,,pollen MAT,47.0,33.0,-2.9,1.0,0.8032736206054687,-0.8737973570623212,0.2925489654577098,-0.06044881055611455,0.5458515908983018,0.6051443902499103,0.8532243519358298,0.5331480684947283,0.4123611892940501,0.7135230728000571,0.071113920211792,-0.4097835377203729,0.6377941548824302,0.09076174969769836,-0.052287387847900386,0.1329483985900879,1.1111260986328126,1.0672064590454102,0.45977290153503414,-0.0945882002512614,0.7782402990616499,0.22519659932534788,0.3081695685126342,0.37386520336619256,0.05280679526753451,0.046943716243445385,0.3927557119885682,0.6406450129709098,-0.04486954806155549,0.08306866751776777,0.4797635184393988,0.2982689391242134
Bartlein,Bartlein et al. 2011,,pollen MAT,43.0,125.0,-3.2333,1.0,-0.3707150141398112,-0.5673569099218447,-0.1436369984431821,-0.790909070804797,-0.3077772431903407,0.22129814837074718,-0.1272518452826364,0.19729216308597963,-0.5945256664623558,-0.036204676266953256,-0.6716280877590179,-0.6723262171633599,0.14100229460745975,-0.3711416064610673,-0.6405191421508789,-0.4084724187850952,-0.32617807388305664,0.5620553334554037,0.12929362058639526,-0.7510055502255759,0.036484193722422065,-0.6107248977705818,-0.7738605966665034,-0.21800499383115723,-0.0670979944384198,-0.5929459114296369,-0.1247323527760249,-0.2444185284553252,-0.6727139053032882,-0.9229009350140887,-0.25785712401072225,-0.6168957120842404
Bartlein,Bartlein et al. 2011,,pollen MAT,67.0,79.0,3.15,1.0,-0.021325594584147137,0.1478891614346978,0.4917913277803366,-0.5158842668922132,-0.41887627601623484,1.1389187215485648,-0.013395188621537798,0.18088234594862507,0.1912837504920531,0.7982566307334802,-0.3892143726348877,-0.55987330348645,0.019253196165159234,0.6260211337112763,0.5345553398132324,-0.13777599334716797,1.2532536951700846,0.9996222368876139,0.27506478945414226,-0.4127465883890788,0.14315848690302282,-0.5253737441833981,-0.33364068833462474,-0.770678116009306,0.1713605759562365,0.07485323601790408,0.5527084429795412,0.03105077010679653,-0.15762367014029022,-1.0571536832385582,-0.40861889256371364,0.0736453331841364
Bartlein,Bartlein et al. 2011,,pollen MAT,33.0,119.0,0.1667,1.0,-0.16617691040039062,-0.5145068855836151,-0.14575793673840473,-0.5617746556972995,0.36971377054850263,0.14099059340927148,-0.29800734470262363,-0.17228035340601508,-0.27599317971981485,0.24788526869680577,-0.4612105846405029,-0.5088233475710833,-0.0037564665079119937,-0.50179774819287,-0.4448287963867188,-0.25590009689331056,0.11981547037760415,0.5925947062174479,-0.028159443537394205,-0.45804452896118164,-0.3953831934703841,-0.7954035666972914,-0.8613756843184687,-0.5604060866080928,-0.4661710241546351,-0.6099491299831721,-0.29111843177462293,-0.44088803325523374,-0.7859902577290425,-0.739651584625244,-0.19721530278523824,-0.22808322588602647
Bartlein,Bartlein et al. 2011,,pollen MAT,41.0,1.0,-3.9415,1.0,0.16058868408203125,-0.3331644002973032,0.00010050831436930622,-0.09082095420253537,0.12652994579739069,0.4195442465598287,0.5232351867143639,0.5441373199772092,-0.07449854061461585,0.33398816640323675,-0.08199124336242676,-0.39043675991532734,0.3635703533887894,0.197376502564231,,,0.45107598622639977,0.7216065470377604,0.18460932731628416,-0.19715468088785806,0.23647878169133407,-0.2813889447844773,-0.1488163062913168,-0.06458361908444477,0.07336363320700791,-0.32488581393553195,0.30101158923615007,-0.030595646691115606,-0.3103051303913916,-0.09074858559502491,-0.0202209048800997,-0.03725627051459423
Bartlein,Bartlein et al. 2011,,pollen MAT,57.0,17.0,1.614,1.0,0.9584019851684571,-0.5029883584533418,0.4238363928129776,-0.2022930711980444,0.2648173904418949,0.7246296090004515,0.8297901995239562,0.551693374908704,0.3723393826751551,0.9572794221509622,0.14456317424774168,-0.3551624597339049,0.5449083749204855,0.3678103307223927,0.17973222732543945,0.7623310089111327,1.2395403162638348,0.9541259702046712,0.5270053497950236,0.09391140937805176,0.6648663865497361,-0.08083342479850732,-0.18647164752090306,0.21513363277259254,0.41676038917429065,0.02086340696478657,0.3749383659608418,0.4014366192481375,0.23363018571319613,-0.018305230140686083,0.20123314062754316,0.20818713982899983
Bartlein,Bartlein et al. 2011,,pollen MAT,49.0,87.0,-2.15,1.0,-0.11151041507720946,-0.11672828697996543,-0.0074521004006101975,-0.4237392835129858,-0.10312959167692251,0.3844764540512507,0.0927693025852226,0.207644636770986,-0.12476712765703143,0.03706630895903211,-0.37193040847778325,-0.5531509109054911,-0.14688704758882168,-0.12546156708424783,-0.00519406795501709,0.040994334220886226,0.4148824787139893,0.6893560266494752,-0.0640171504020691,-0.257501761118571,0.27541977364745246,0.11317483091600468,-0.5908489564442096,-0.3165714742366789,0.055847624652395345,-0.11401953035000445,-0.12128623022753479,-0.26589482559733557,-0.39447533345814234,-0.6404131505224437,-0.20983617438210295,-0.40064808130264296
Bartlein,Bartlein et al. 2011,,pollen MAT,71.0,-27.0,-0.5,1.0,0.8256999969482421,-0.6281973880310225,0.7418068108821949,0.18717899206082794,0.3262883398267959,1.1935804520836446,0.5714374972883154,0.45600610712700673,0.2302968514445226,1.6097970797094359,0.15761537551879884,-0.6709882877124819,1.0292111909495274,0.17611462103012548,-0.017134380340576176,0.848716926574707,1.8038999557495115,1.4068732070922851,0.11012582778930663,0.3965567747751872,0.3988135188814978,-0.22257418221185482,0.08566461190728486,0.18700146824292835,0.27815996658881226,0.010701888477654182,0.9686841968548452,0.3014054957583763,0.32279823974701755,0.10907889472113726,0.2698980013529461,0.5793746927049428
Bartlein,Bartlein et al. 2011,,pollen MAT,31.0,111.0,-5.4,1.0,-0.3918300247192383,-0.6431752643179944,-0.13919663118682787,-0.6228849675622925,0.3896190812852636,-0.031924465337377056,-0.5195381438706499,-0.37682633704101465,-0.6857475056881372,-0.00434010675394461,-0.6036132812499999,-0.47309646148929824,-0.10597952008247298,-0.7449908856939575,-0.3798075675964355,-0.10745515823364259,0.11479187011718753,0.40566730499267584,-0.22410580635070798,-0.5924317836761475,-0.33084076502476495,-0.8101188217794799,-0.9706299669564242,-0.489348929549463,-0.6446932810224956,-0.6864549787157087,-0.27648828531663405,-0.5497086552934924,-1.370585612886769,-0.785892311731974,0.10154348479376901,-0.6476439052157925
Bartlein,Bartlein et al. 2011,,pollen MAT,65.0,121.0,0.55,1.0,-0.054370816548665366,-0.01149561375240201,0.32317690106700286,-0.32441128501263017,-0.2081787533230251,0.7742074943911071,0.005201494751036065,0.1715382705446065,0.7356615391323893,0.5755690074909234,-0.36865410804748533,-0.36891654308801525,0.6140844414949451,0.2817297007190128,0.25191631317138674,0.07460556030273437,1.0738030751546224,0.6966616312662761,0.048971001307169595,-0.6353273391723633,0.2798415281127024,-0.5440611743672722,-0.1668662107439449,0.30452431279862474,0.0033231396803089295,-0.09369788912805804,0.5048798320544561,0.18023804491977713,-0.19679039556382202,-0.5309981240166547,-0.23856430053711014,0.2933395438724093
Bartlein,Bartlein et al. 2011,,pollen MAT,57.0,19.0,2.415,1.0,0.8935717646280925,-0.5553628370825529,0.4384835066864135,-0.24421861231306308,0.2601681963602704,0.7418993854242903,0.8261330582386199,0.5423090817298147,0.41058003437940865,1.0523871582084268,0.149110221862793,-0.3878450583770112,0.5783289425075039,0.3436421238472339,0.1961869239807129,0.7729453563690186,1.1335139338175457,0.8770542716979982,0.5945887152353923,0.0007497072219848633,0.686911661846888,-0.14193981103560505,-0.19050373343673507,0.1784688896820823,0.42854236270009183,0.06045666474799163,0.3767890627533388,0.456761859544232,0.3125329136935164,-0.04906824429829924,0.20733538468678792,0.2182076422373454
Bartlein,Bartlein et al. 2011,,pollen MAT,63.0,-111.0,4.363,1.0,-0.33531850814819336,-1.0299998582914964,0.10146979797226578,-0.699379721126629,-0.31130800247192403,0.45155482833176747,0.3157257530440313,0.3506156977622694,-0.0950725624514059,0.007757037963866131,-0.4440677642822267,-1.1949195415688485,-0.22874818260334404,-0.1309702933381917,-0.4024514198303223,-0.024375534057617186,0.5109663772583009,0.13688556671142577,-0.26008580684661864,-0.6484816074371338,-0.2387403456822079,-0.6643412302819054,-0.753820886549813,-1.761478983193128,-0.3272328798475615,-0.8073785887647924,0.09427692362216661,-0.4718279974877733,-0.12408354571924449,-0.8621640682220458,-0.5386544704437253,-0.13431682586669927
Bartlein,Bartlein et al. 2011,,pollen MAT,61.0,-45.0,2.7,1.0,1.9989111423492432,-0.27873175426893587,0.7758002420169435,0.18068523182930898,0.5882413334316683,0.7497895873906169,0.08020233977289193,-0.12724732074339953,-0.8054008868394353,2.0315587013015253,0.29242658615112394,-0.5250604763672909,0.7017388785469555,0.23716055167144234,-0.034613847732543945,0.9062732458114624,2.6256970405578612,1.8763346195220947,1.0277642846107482,0.10735273361206055,0.12996249936652066,-0.4641028298893852,-0.12375971894718313,0.17362101135609598,0.10328774862355902,-0.08166563356659182,0.7492415027939342,0.15534326806787357,-0.5257457475784351,0.022832320796117432,0.6303335693147434,0.7513004408942312
Bartlein,Bartlein et al. 2011,,pollen MAT,39.0,107.0,1.8,1.0,-0.42410271326700844,-0.9113111626446592,-0.2353203045217579,-0.7480671114403654,-0.21891907374064007,0.05009180360550065,-0.1924938607658916,-0.03505560414373677,-0.789279149014044,-0.15107712199258405,-0.6170764565467836,-0.9263868660571417,-0.4362149640917787,-0.5100911023890595,-0.2066792011260986,-0.4416083335876464,0.13233954111735027,0.29006347020467127,-0.19062613328297934,-0.4681035280227661,0.0115709842549243,-0.5074378145720574,-0.739760431618527,-0.8483143552068894,-0.39570687185155495,-0.7983775052112494,-0.0964346190793695,-0.4895508220041353,-0.7934770132014084,-0.9050752083460489,-0.33078654607137026,-0.6096117138862611
Bartlein,Bartlein et al. 2011,,pollen MAT,59.0,131.0,-2.1,1.0,-0.045862318674723304,0.24406610715077504,0.17373889632545164,-0.3888124137292302,-0.01962983979119217,0.4811137355654724,-0.15739779505473228,-0.007367881147648637,0.6542613224402436,0.6515627896627383,-0.31853170394897456,-0.4646386834116826,0.8082760512828827,0.15582427335483715,-0.08277378082275391,0.14868836402893068,0.8193872960408528,0.6989748255411783,0.0759273592631022,-0.6950476964314778,0.2818636631393816,-0.48027359760317545,-0.3040221180290987,2.144304149802082,-0.008669567287922213,-0.15159232895029418,0.21459901272809573,0.20502468054261128,-0.2341808061747889,-0.40791545973883725,-0.09924715889824728,0.06709079000684952
Bartlein,Bartlein et al. 2011,,pollen MAT,49.0,29.0,0.3085,1.0,1.055994707743327,-0.8525847202659302,0.313731432120999,0.009558655903591822,0.6245717949337427,0.6118190599125723,1.0455602707452738,0.6935216618153422,0.3792339913642183,0.7695044644637409,0.1273930549621582,-0.425882512307257,0.8122685849666602,0.13872468272614236,-0.05296339988708496,0.09433727264404299,1.1849194971720378,1.2531562550862632,0.550113803545634,-0.08591071764628093,0.6435026076355206,0.1734538111654204,0.23449728038909148,0.5012359506876146,0.19910756515432343,0.11990669756618869,0.2985441918182872,0.47318955744426305,-0.10588338059297475,0.12981372409396694,0.5600334167480472,0.2846771568722195
Bartlein,Bartlein et al. 2011,,pollen MAT,-25.0,29.0,3.1,1.0,-0.19302266438802085,-0.1732551843622225,-0.4787622634994575,-0.6886078007924847,0.10788109037610774,0.14544611359022336,-0.27673290926791677,0.006717726295991032,-0.47000916034837187,0.018687147933438036,-0.3631659984588623,-0.9999410525303171,0.15782074630260437,-0.29157524009196495,-0.5301618576049805,-0.8439603805541993,0.2558369954427083,0.1098676045735677,-0.32610321044921875,-0.1616044044494629,-0.016501495802551662,-0.42018443409338535,-0.18159761877395322,0.05926549390136621,-0.22376618467925416,-0.4012197510167306,-0.12362635076077406,-0.23971330650841083,-0.16887998799954446,-0.3538602934943304,-0.1422049946255152,-0.2525274276733399
Bartlein,Bartlein et al. 2011,,pollen MAT,51.0,81.0,-1.0,1.0,-0.3008703517913819,-0.2245808169880738,0.0037990445683235875,-0.5327495159284497,-0.38264568487803174,0.25088587098831605,0.22585192917226876,0.17907205174380805,-0.3287633006518072,-0.0743650781179267,-0.5561223983764648,-0.6504977281748863,-0.3120713694021109,-0.13971485657200414,-0.10602617263793945,0.06462554931640625,0.1713882523775101,0.5202139019966127,-0.008490905761718745,-0.4798893332481384,0.3454723611887147,0.2209327444612462,-0.8361366430192088,-0.496445131403063,0.12687057875415098,-0.17606271885957164,-0.17167066906574818,-0.2999634947378651,-0.6246065129531789,-0.9276042540868124,-0.31391897996266693,-0.6546301794052123
Bartlein,Bartlein et al. 2011,,pollen MAT,35.0,-111.0,4.221,1.0,-0.227435302734375,-0.7109590562997214,0.10786932474802566,-0.2681668266090771,-0.21240340338812932,0.2406302284414842,0.272547907378381,-0.07472389508076288,-0.5945880717986892,-0.41223083181403286,-0.4280764102935797,-0.5805821824494117,0.1914812922477726,-0.022826144366418243,-0.07809014320373535,-0.4236614227294922,0.3094322204589844,0.1256427764892578,-0.26331133842468263,-0.4658571084340413,0.1761293494327505,-0.4716144491680214,-0.6992588231379294,-0.8114350520305418,-0.24630606873439365,-0.36600080808250807,0.4566684562147651,-0.007727542175783274,-0.5003725558171949,-0.5162787755330399,-0.028559901979233478,-0.17264147334628632
Bartlein,Bartlein et al. 2011,,pollen MAT,21.0,17.0,-6.1,1.0,-0.2704666392008463,-1.215050426835717,-0.32111587673263753,-0.3524133330724787,-0.07528861999511649,0.34955787509558167,-0.5219733529170268,-0.32056331146434797,-0.8142495589305723,0.1147916744598549,-0.5858458518981935,-1.3269730566484639,-0.46474798917770366,-0.8437525869999364,-0.8594755172729492,-0.5616573333740235,-0.13876869201660155,-0.35270810445149736,-0.3278256098429361,-0.10956716537475586,0.02606895971374315,-0.6625009155273438,-0.9944378169206664,-0.5014156287254138,-0.697674566535742,-0.5992733835582587,0.035454002027322795,-0.33972514419746075,-0.7363534241611149,-0.4603173573811834,0.03548272450765022,-0.22780969619750926
Bartlein,Bartlein et al. 2011,,pollen MAT,23.0,17.0,4.2,1.0,0.09779927571614583,-0.6722620721799462,-0.24463440320366553,-0.058830915528645764,-0.09281109703911705,0.25716324784921923,-0.3983292866453072,-0.13128048901462905,-0.6066177455707801,0.2340337145168961,-0.4041496276855469,-0.9981280387402518,-0.421588760614395,-0.4469690533508318,-0.7071287155151367,-0.37283248901367183,0.3814921315511068,0.35421284993489577,-0.15473000208536786,0.17577012379964194,0.023342525477335375,-0.12016642923716288,-0.8470065263170835,-0.35213815408349014,-0.38735460541423666,-0.3095561974777377,-0.03651542351660837,-0.08254658951672066,-0.28254469695056805,-0.10825307634141645,0.14000777138604076,0.04281185150146484
Bartlein,Bartlein et al. 2011,,pollen MAT,57.0,79.0,-4.25,1.0,-0.20610092401504515,-0.1243932557095619,0.06878851675391649,-0.5721560779872982,-0.22042522569497539,0.4802851063019952,0.16394008830692586,0.2376918922778164,-0.26832679173850404,0.1719741785231818,-0.5616713762283325,-0.6222546546191177,-0.16767118051647942,0.23309766711970673,-0.011435484886169434,-0.043005847930908205,0.42503130276997886,0.6654973729451498,0.20943916738033297,-0.5261639356613159,0.1792253639950351,-0.18973484620969236,-0.8000700701476027,-1.324210630845406,0.22018156265156344,-0.3366481940232198,0.04043676483098377,-0.19221809920659308,-0.5065200682931692,-1.0329867978890737,-0.119672794143359,-0.5001724376281104
Bartlein,Bartlein et al. 2011,,pollen MAT,69.0,35.0,-0.05,1.0,0.8185597658157349,-0.638691890439081,0.8494861988053053,-0.7719847659616592,-0.08323446313540113,1.6426959662876177,0.7916082255984965,0.4283077022876547,1.110732516215297,2.529307445601482,-0.31255626678466797,-0.9497579322801153,-0.5105286314465699,0.1683441094717466,0.3744659423828125,0.8791155815124512,2.8065108617146812,1.1054367621739707,0.8572664012511573,-0.19039293006062508,0.252207016844755,-0.5628636308991125,-0.38205346180741745,-0.40166950886032177,0.4640881399605462,0.03751927784844589,0.8180770683714732,0.5075598856854783,1.300949896787944,-0.4683463349938394,-0.1869656294584273,0.3458283027013144
Bartlein,Bartlein et al. 2011,,pollen MAT,69.0,149.0,0.6,1.0,0.048579406738281254,-0.7256083324321811,0.7080505672554077,-0.1949344745136709,-0.08720617612202979,0.9606369967782484,0.050066918313385486,0.6289061500386297,0.6367994340964919,0.5992856912963246,-0.10761103630065919,-0.35158522711195134,0.7746324925673824,0.25228164770353007,0.6468029022216797,0.3662879943847656,1.2949853769938153,0.9168592834472656,0.1399677276611328,-0.2989628314971924,0.5276244166281887,-0.3849059323318526,0.05648835142397803,0.37024653657114637,0.04776565497797372,-0.1351675978740484,0.6091880536031103,0.20870313661086354,-0.5060111495134529,-0.34283979733784986,0.06639051437377932,0.39642883936564133
Bartlein,Bartlein et al. 2011,,pollen MAT,39.0,-99.0,-2.504,1.0,-0.06222740173339845,0.3666706085269267,0.01219287649859737,-0.20054783125191264,-0.1280502096811928,0.4943434138681386,0.2897199325728947,0.03490182583946824,-0.18189507655030673,-0.30768237913160423,-0.44297714233398433,-0.6512589160827844,0.3313516795635217,-0.12301544383089241,-0.3462054252624511,-0.4027061462402344,0.6686604309082033,0.22283401489257815,0.04291179656982422,-0.5266928672790527,0.03793960244605102,-0.3257677906492906,-1.1337987429001402,-0.23551285661923327,0.23974875158123427,0.04594732063496998,0.3575296015738931,0.21176050984621786,-1.1633190110606855,-0.3080335934956867,-0.09574875831604014,-0.12353666941324878
Bartlein,Bartlein et al. 2011,,pollen MAT,57.0,-61.0,-1.89,1.0,0.4134396044413248,-0.5352005501891867,0.08201166244587924,-0.43355873758071406,0.25792323748270596,0.4794530910393362,0.20699107994383864,0.4085162980248784,0.4677127586254351,1.248581546821682,-0.35728626251220824,-0.6184586354132828,1.0491711497306873,0.1863625420176156,-0.23901311159133912,2.0893755674362184,1.524289296468099,1.369767011006673,0.9119912362098692,-0.06620931625366211,0.13587308476014778,-0.4000104340676508,-0.41271183570265085,-1.1600385802471591,0.019652932191740066,-0.2488530929467218,0.3879271045807351,-0.09376880557663887,-0.45811766119247155,-0.4367796858151751,-0.10723013083140047,0.01258776028951018
Bartlein,Bartlein et al. 2011,,pollen MAT,57.0,125.0,-2.05,1.0,-0.004622650146484377,0.32051949425255,0.12998087355174887,-0.3811725341045072,-0.0731310606002801,0.47100405897359965,0.00653531415149806,0.06568803187630598,0.5035356589233501,0.6935514082372947,-0.2641875743865967,-0.3770117082744748,0.7159348756074911,0.1993851334279049,-0.09212493896484375,0.11938190460205078,0.8017354329427084,0.6970190048217774,0.09775551160176595,-0.627265214920044,0.2945856797040121,-0.34788338026555127,-0.37747660862032584,2.3143569849299848,0.07938489601848978,-0.10414285727306,0.2131546805933348,0.17659584242495968,-0.25788568026046294,-0.5642534097035726,-0.09841314951578786,-0.14898872375488278
Bartlein,Bartlein et al. 2011,,pollen MAT,61.0,103.0,-0.2,1.0,-0.06849942843119303,0.010292161985230048,0.3571128842548368,-0.3569781656881401,-0.07616116841634114,0.732130533267003,0.3012527862408321,0.17690172085566733,0.08901158266435635,0.5597325801716522,-0.42987537384033214,-0.39568856358850374,0.4132956390301087,0.4089697500111771,-0.016229820251464844,0.1741173267364502,0.7503461456298828,0.6932479604085287,0.26939295450846357,-0.6752471923828126,0.09546959398215357,-0.3674945579407926,-0.5663790470344786,0.3143734348074839,0.22873572333997835,-0.14929099221241185,0.265365231145953,-0.09564224847482922,-0.3881109776310041,-0.8980180395974058,-0.1561441421508793,-0.40840294414096356
Bartlein,Bartlein et al. 2011,,pollen MAT,-29.0,33.0,4.3,1.0,-0.49995849609375,-0.3806631470784809,-0.32772280874718995,-0.3609735272556368,-0.36288955052693683,-0.09654270469927775,-0.22610171098569332,-0.0640032275870236,-0.3949283496869851,-0.22474760738004904,-0.5056614875793456,-0.8411414548769734,-0.576600646972656,-0.2700593645400055,-0.49240226745605464,-0.4313055038452148,-0.055240173339843754,-0.0875640869140625,-0.42687482833862306,-0.3598454793294271,-0.2770337808186269,-0.5117885338260119,-0.4178721242703546,-0.2736931873873721,-0.3856971306853205,-0.47213878592454905,-0.2551704560563394,-0.3523846390030878,-0.3344991561318946,-0.4421515888637966,-0.32829530504014753,-0.40806258943345813
Bartlein,Bartlein et al. 2011,,pollen MAT,55.0,63.0,-4.8,1.0,-0.12354669570922852,-0.39335685743278476,0.020424180124313386,-0.5949627917320535,0.08809422122107616,0.3309447251442428,0.21466372096117298,-0.0010233558084386113,-0.00640276590996185,0.2165049911827333,-0.4079342082142828,-0.623780240650885,-0.2746324562467625,0.09706910540097566,-0.11007486581802368,-0.14536572694778443,0.4965051651000977,0.431059741973877,0.04961370825767517,-0.5634527852137883,0.2006117316619363,-0.3404865484817116,-0.572523797146334,-0.3766026374035026,0.07712419012171101,-0.2199681082170824,-0.14150245039659926,0.23045292852591312,-0.3243880663882309,-0.9221488144662645,-0.10366276635064005,-0.4335019588470459
Bartlein,Bartlein et al. 2011,,pollen MAT,63.0,121.0,-0.95,1.0,-0.03519334157307943,0.02509569446731122,0.292418518505618,-0.3546977797850317,-0.08804654598236131,0.7192598958091809,0.04301329079641682,0.12328235402227143,0.6614493292509334,0.5955714402779142,-0.38474545478820793,-0.3596019901586051,0.619272756007838,0.28773108075541587,0.07476997375488281,0.11320858001708985,0.9784657287597657,0.6071411514282226,0.17057636578877766,-0.7534303665161133,0.253487613243144,-0.5181327675620497,-0.22403619856231052,1.2094547014576422,0.035268732606294526,-0.15133531974988843,0.40094262785776913,0.15769656329907014,-0.2598081297243152,-0.6294724702835083,-0.16450786590576189,0.15307296752929686
Bartlein,Bartlein et al. 2011,,pollen MAT,21.0,111.0,-0.6,1.0,-0.9458859252929689,-1.5290078867542671,-0.6564546196485117,-0.8289585566260795,-0.8963063430786137,-0.33652011705995644,-0.707600308212379,-0.6818712733099555,-0.7650047852162956,-0.41939049459703204,-0.803759765625,-1.4039320373679947,-0.7801176548004154,-0.7018301845512772,-0.6610271453857421,-0.47230052947998047,-0.5032846069335939,0.06039047241210939,-0.7478052711486816,-0.7705135345458984,-0.6369236808865055,-0.898656489054362,-1.1252720636673816,-0.7766473007043355,-0.8155817683079916,-0.9660525736717328,-0.535152165357632,-0.7879481242467347,-0.6150618192676313,-0.8489268938700361,-0.6604476610819501,-0.7029272333780925
Bartlein,Bartlein et al. 2011,,pollen MAT,67.0,71.0,-1.9,1.0,-0.028195533752441406,0.054386578740272876,0.5349670898197931,-0.7621187137942106,-0.45282807985941537,1.208802298214468,-0.06100463706437538,0.18125723474038086,0.4263590188979105,0.793222387557275,-0.43876047134399415,-0.621139600411512,-0.09723623756168949,0.6576350001786544,0.5525434494018555,-0.1292797088623047,1.2730692418416343,0.957377020517985,0.2192691389719645,-0.34465734163920086,0.14038346532778884,-0.5770571284712338,-0.36172653060601706,-0.6366693087340826,0.19870656967072062,0.03575654616217861,0.5275589856149425,0.04473873533360145,-0.034167745231558876,-1.1387903769810985,-0.41115339332156686,-0.04528338326348172
Bartlein,Bartlein et al. 2011,,pollen MAT,63.0,129.0,-1.1,1.0,-0.18638946533203124,-0.0004462131688803745,0.2501143098918773,-0.36734568946703544,-0.09801902770996115,0.5276158652305633,-0.16587837374520656,0.04347330095768134,0.6640971654298158,0.6242228697541065,-0.3506652832031258,-0.43944100856351614,0.6627723365688336,0.16361801699063122,0.1431510925292969,0.1870874881744385,0.8985746002197266,0.6907095336914062,-0.18977221488952636,-0.6607890129089355,0.24690606584298253,-0.6371798191497147,-0.21455336434441924,1.1264811230023941,-0.1575630064846073,-0.17566509763188576,0.3912401687656673,0.21520953959889705,-0.145477393852656,-0.33113913536071704,-0.03315863609313947,0.25031126976013185
Bartlein,Bartlein et al. 2011,,pollen MAT,49.0,133.0,-2.9,1.0,-0.2205039183298747,-0.28943250318830743,-0.040101494991192616,-0.48553416081457146,0.09264846093124729,0.25980936098644003,-0.03571733727190135,0.09046018299052222,-0.19533506238525328,0.23970166388973638,-0.45692923069000235,-0.4507546745046467,0.7664003105834154,-0.23561741333921163,-0.5141177952289582,-0.15701242983341218,0.3360889307657878,0.8895196851094564,-0.02475578397512436,-0.8791821897029877,0.21680448987259873,-0.46201731396187096,-0.34956781995823977,0.054463114363221106,0.07453934599492042,-0.3494617170385506,0.039896455332298054,0.07021403834187268,-0.28931858469755917,-0.6008581562174685,0.08486799684663651,-0.6261445155408649
Bartlein,Bartlein et al. 2011,,pollen MAT,53.0,-67.0,3.639,1.0,0.15152772585550944,-0.41701054712059193,-0.16116848872804632,-0.5417677645517354,-0.021300513479444644,0.33565270976008077,0.1559305652016628,0.21606166853270692,0.14520771446623335,0.5660951479634742,-0.44448878765106203,-0.520288551005395,0.368547036498785,0.05355120032918995,-0.3832644462585449,0.25416884422302244,0.743303623199463,0.7463165251413981,0.3422651402155558,-0.3872724175453186,0.150715593478542,-0.4573357655825937,-0.570359135882901,-1.1433953109493094,-0.06257840132029824,-0.4925507969368583,0.26698147871565675,-0.2708978683049888,-0.29116372264248747,-0.5716467671924167,-0.3204397704866198,-0.34365989049275747
Bartlein,Bartlein et al. 2011,,pollen MAT,53.0,-85.0,-1.394,1.0,-0.22081105907758075,-0.8232877314621247,-0.26473259228261714,-0.5795304879823082,-0.16467882527245392,0.34053686812990164,0.09023686754883026,0.4069641997330152,-0.0361816803592488,0.20572791364341683,-0.6091052889823912,-0.8953990414305711,-0.12226257547736176,-0.24614448310620424,-0.3648245334625244,-0.32297396659851074,0.16492443084716796,0.3422889550526937,0.09409072995185852,-0.7445314675569534,-0.07138925312751798,-0.668635102809592,-0.8346881695968731,-1.1257950207367184,-0.13375515298033344,-0.7213039647553156,0.2666283356591622,-0.5021565180319996,-0.18127612739136392,-0.7710727585686576,-0.5375145706865522,-0.53329189353519
Bartlein,Bartlein et al. 2011,,pollen MAT,51.0,101.0,-0.7,1.0,-0.03094980239868164,-0.046243459455035614,0.13335662444015473,-0.361025391625747,-0.08533960978190136,0.30842544167983876,0.35709528936499924,0.31532568168438885,-0.29838139057449364,0.09144345623791006,-0.3726367950439453,-0.45580848665076923,0.11995146721601488,-0.00626460758422971,-0.1077624797821045,0.12559592723846436,0.20796482721964518,1.048471574783325,0.13077048619588216,-0.5830656141042709,0.11532096292130303,-0.10913114401935817,-0.653934769796765,-0.9565738762902452,0.0719132248417784,0.04621564919869456,-0.013600192754112079,-0.23315972505622604,-0.22874545813776576,-0.5523836056391398,-0.2054221431414287,-0.4138346831003825
Bartlein,Bartlein et al. 2011,,pollen MAT,53.0,111.0,1.25,1.0,-0.06362150192260743,0.12486688250118522,0.1563680306631463,-0.44671231341186257,-0.07623826715681298,0.4824524360003236,0.3274467422018005,0.38094755224203375,-0.47210275020868775,0.2527979156622504,-0.43282384872436536,-0.4491036022490021,0.39465067982673646,0.050462041644921005,-0.19438217878341674,0.12506566047668458,-0.06976705551147461,0.32431959152221684,0.147876558303833,-0.8372437953948975,0.11005834829081168,-0.28577094987684354,-0.6455765385184116,-0.036004859331556865,0.15849208076541713,-0.1374521503253885,0.04268428075616407,-0.14787832402703802,-0.2630385590954768,-0.6458267801337771,-0.15157083537843488,-0.44375277731153684
Bartlein,Bartlein et al. 2011,,pollen MAT,63.0,123.0,-0.95,1.0,-0.05721124649047851,0.11844191651146671,0.2666326114491805,0.08277185751405254,-0.09600244522094786,0.6980449665666025,0.0007143548260714911,0.11029440310177688,0.676839136982572,0.6037276629823892,-0.38561329841613756,-0.36918806389723835,0.6557920430248614,0.24695079766036587,0.09589481353759766,0.10136852264404297,0.9674075317382813,0.6424752426147461,0.12368539810180665,-0.7532331943511963,0.2570930059986545,-0.5407179506270977,-0.22285281847815355,1.4377270425168656,0.02027826711024456,-0.14381777536012919,0.39720221775969955,0.18566120129966174,-0.20779979255582945,-0.5878008127212525,-0.18724620342254686,0.18838508605957027
Bartlein,Bartlein et al. 2011,,pollen MAT,61.0,-101.0,5.469,1.0,-0.20363962173461914,-0.8888067833237336,0.05275603966504239,-0.6625143664061951,-0.20933121787177245,0.46517986709532855,0.3275913780266641,0.2030094530886583,-0.03235204083836566,0.14024328687335083,-0.4470297813415528,-1.0971797093417772,-0.13288644726057497,-0.12369523983154034,-0.31026334762573243,-0.09248361587524415,0.708523089090983,0.4783435312906901,0.01504924138387044,-0.6150015195210775,-0.15796478505181885,-0.6103340775019664,-0.7753810995835776,-1.451825228486301,-0.2578683990939603,-0.7913200541586006,0.12811266295244506,-0.47342978039813566,-0.2117364987432282,-0.8814935260348848,-0.4434168683158024,-0.19805109871758347
Bartlein,Bartlein et al. 2011,,pollen MAT,15.0,-17.0,-0.2,1.0,-0.6403369903564453,-0.8566220746549793,-0.6575740531919662,-0.6348153626442518,-0.8353869120279942,-0.2108216012619605,-0.2978764780677374,-0.45222941101085223,-0.46205810613930315,-0.4578266319042937,-0.867688274383545,-0.9565647707754705,-0.997730076313019,-0.6560348285468828,-0.7523395538330078,-0.533830451965332,-0.0019233703613281254,-0.19939791361490886,-0.3668888092041016,-0.4956202507019043,-0.24948879480620945,-0.5729394125970217,-0.9375113762747289,-0.8814006976646933,-0.10939149491202667,0.08283243444249959,-0.5527621603862117,-1.0380286801276748,-0.7258949916813687,-0.7260412851969402,-0.8246411005655925,-0.685557746887207
Bartlein,Bartlein et al. 2011,,pollen MAT,-23.0,17.0,-1.3,1.0,-0.429336675008138,-0.44599686125879373,-0.3769018154207446,-0.9889216512750038,-0.23435053083631632,0.04451424401948637,-0.25736079132775325,-0.2660491873837432,-0.7709765585583153,-0.040737475930009426,-0.5456555366516114,-1.0966555327229064,-0.21482589840888952,-0.3513893433472075,-0.6253589630126952,-0.9761930465698242,-0.0407024892171224,0.06748919169108072,-0.36697291692097983,-0.13079166412353516,-0.224364293893255,-0.4756865686238028,-0.6412929169603313,-0.5460603503610404,-0.16331659271527615,-0.3513609405276326,-0.11265082722896388,-0.1937823990855297,-0.14639334209371183,-0.34482628504435175,-0.32183287938435806,-0.07555304845174152
Bartlein,Bartlein et al. 2011,,pollen MAT,-33.0,23.0,6.8,1.0,-0.5704773330688477,-0.3999259157654076,-0.3905290134895689,-0.4948964886434363,-0.2619691816965739,-0.08171604791020003,-0.19997302054921998,-0.3859671227416779,-0.7204702089662494,-0.19648444871520698,-0.6310947418212891,-0.9014216185390211,-0.4387774795293807,-0.48397126593402356,-0.6184514999389649,-0.8947635650634767,-0.09683338165283203,-0.11087418874104818,-0.4878515021006266,-0.4400060176849365,-0.5209698422104894,-0.6538305057892576,-0.5572641518236033,-0.8185220462790213,-0.3393385434801934,-0.5167696927647943,-0.1965861707396888,-0.3469337266185247,-0.0608004481152401,-0.5229182720184324,-0.6213606198628743,-0.3524927584330241
Bartlein,Bartlein et al. 2011,,pollen MAT,59.0,83.0,-2.5,1.0,-0.1761144256591797,0.008199418090992151,0.18602712667760557,-0.6199223889062206,-0.18751142117712247,0.62316825945653,0.15014299073490892,0.26863128724177004,-0.18862184399299814,0.32173333081634714,-0.5182941198349,-0.5757726115209628,0.007087826728821746,0.37907529422505015,0.04355683326721191,0.05222105979919433,0.6320430342356366,0.6279156351089479,0.22297200083732605,-0.6063031156857808,0.11873224894062366,-0.27205610299261446,-0.7116533071553591,-0.48579905117617617,0.25823471652814806,-0.30425372315581634,0.13238361684716476,-0.20825686027291337,-0.5062058484805153,-1.030698007676337,-0.13186904357539334,-0.5001146809260051
Bartlein,Bartlein et al. 2011,,pollen MAT,57.0,83.0,-2.65,1.0,-0.14222537835439047,-0.08318562359074795,0.13093408087828484,-0.5072913383930027,-0.15439757645130353,0.5220752037200987,0.23524336558336098,0.29275371410745754,-0.1658157371831736,0.19676096888905936,-0.5290845513343811,-0.5787132211845911,-0.08586988747119773,0.2628017176812364,0.013100707530975341,0.048960003256797786,0.6683695395787558,0.8045363990465801,0.23920908550421396,-0.5315198302268982,0.18242963932531678,-0.11362778215801853,-0.765745548098589,-0.9003434898270183,0.2969469756131811,-0.37674717495932736,0.04924469386553874,-0.24895822018475167,-0.2241579456358921,-0.958114235599836,-0.03590446809927636,-0.4870863829056422
Bartlein,Bartlein et al. 2011,,pollen MAT,71.0,99.0,2.75,1.0,0.03294750213623047,-0.14537987167717925,0.5702276348330866,-0.10082213596964024,0.020458122889202637,1.0121856981598316,0.06901419255052885,0.24142813311559164,0.7151663403946957,0.7959869315408418,-0.08588151931762696,-0.3524747530610894,0.474811052840065,0.5950600761610709,0.5547958374023438,0.16111783981323244,1.5457048034667968,0.9678376388549805,0.10508446693420408,-0.3445138136545817,0.27028112343567867,-0.34604564243556074,-0.07356809399405588,-0.18434677757919726,0.10756893513905431,-0.09949533162612503,0.7634081310932292,0.1399652104184494,-0.14560280904750197,-0.7057366583082412,-0.2019448810153538,0.5243229484558102
Bartlein,Bartlein et al. 2011,,pollen MAT,29.0,-11.0,1.9,1.0,-0.2819471995035807,-0.1721869129788218,-0.2214129188905437,-0.4384427456051547,-0.3722295061747232,0.5281988491482621,0.028143813463198282,0.0946828716795023,-0.3028762929962032,-0.007175731520141566,-0.4638408660888673,-0.4992248282920495,-0.5719719886779785,-0.13584027846685506,-0.49412174224853517,-0.25164146423339845,0.010589447021484375,0.01729334513346354,-0.31206405003865556,-0.35360081990559894,0.004634020139432601,-0.5699888510284531,-0.31251922044900327,-0.4184949619444249,-0.12459412128417709,-0.48405937595690507,0.07426013107564437,-0.31425870538257583,-0.5817621578157594,-0.5638501167297361,-0.41676922904120556,-0.3964929813808864
Bartlein,Bartlein et al. 2011,,pollen MAT,-23.0,31.0,4.6,1.0,-0.10843864440917969,-0.29392991520264783,-0.41652438426301347,-0.4352852771828202,0.3945320638020815,0.1950783752575234,-0.22421715074852333,0.026998651388038686,-0.2317776763700537,0.1063166229211018,-0.31551675796508777,-0.9419061805829773,-0.13496711850166296,-0.1509174494474651,-0.46081428527832036,-0.6879035949707032,0.2453485870361328,0.3164045969645182,-0.19190711339314778,0.0035910606384277326,0.03221884181867865,-0.26507093315656605,-0.018178908411167552,0.1957959785350561,-0.3146810970596751,-0.4591784044541247,-0.06832167071531556,-0.2537807584818351,-0.1469578091340045,-0.29449791378445067,-0.022622670067681292,-0.10991342332628037
Bartlein,Bartlein et al. 2011,,pollen MAT,41.0,91.0,2.8,1.0,-0.6822110493977864,-0.6104968523476945,-0.3284604267071331,-0.5760543266662592,-0.6743894206153022,0.04897956572309645,-0.12426794097166696,-0.1178353051500624,-0.4603623129866046,-0.09447722369068616,-0.7048232078552246,-0.7975759211681892,-0.4317566305398929,-0.4310884462876417,-0.5536773681640625,-0.5735356330871582,-0.2544138781229655,-0.09358666102091473,-0.354727881749471,-0.14922785758972168,-0.06454091939935992,-0.21547049705977075,-0.7399846998024187,-0.7266791774874503,-0.22431874685826453,-0.3346073908583619,-0.009356131699932694,-0.3597025335883135,-0.3194855797305536,-0.8341812133789069,-0.32609266175164103,-0.5869309971067639
Bartlein,Bartlein et al. 2011,,pollen MAT,37.0,-89.0,2.783,1.0,0.14929449717203774,0.909300578094412,-0.24175376433514126,-0.24403751771997734,-0.19167252222696973,0.42715773641519017,0.06295974472697208,0.11387529397009981,-0.27836803157203543,-0.1575138326199456,-0.5479794025421143,-0.62892693494711,0.2226633310317993,-0.18196269034249224,-0.44338026046752926,-0.41389169692993166,1.034835828145345,1.1698062260945639,0.18315028508504233,-0.6148405075073243,-0.08056149685298089,-0.4976925346135616,-1.4516519182307976,-0.1860399305562079,-0.0928604935692372,-0.22746010565699676,0.17791118734414316,-0.1446806877100243,-2.5214375900594783,-0.36103351381089954,-0.16745449701944998,-0.06809632831149631
Bartlein,Bartlein et al. 2011,,pollen MAT,47.0,87.0,-4.1,1.0,-0.42611387252807614,-0.19554332402645008,-0.06260395935555825,-0.575039860768399,-0.5933509633276202,0.163772600299371,-0.019566937055224214,0.09436442922821991,-0.6744561432586803,-0.13843097126848822,-0.6308992207050325,-0.6635973751009785,-0.4168042372912123,-0.2828543019707085,-0.24889535903930665,-0.18406662940979002,0.35798658370971675,0.43580946922302244,-0.10492139339447022,-0.4562069376309713,0.28523829751593277,-0.04699515957372354,-0.6972652861617326,-0.49590938388976646,-0.12006504720818076,-0.22498619106794976,-0.1995479328874914,-0.34245241065991716,-0.43250329764797685,-0.7163258671760552,-0.3874597390492742,-0.6460980782906213
Bartlein,Bartlein et al. 2011,,pollen MAT,39.0,97.0,3.1,1.0,-0.07042232513427735,-0.8633057724163367,-0.3881253072609728,-0.3250373789183122,-0.348081432382267,0.36809131408116913,0.09155890483185117,-0.1223848373046209,-0.45468183417717434,-0.036356319271530574,-0.585602766275406,-0.89827196920679,-0.4340935800224507,-0.6496272174920051,-0.26242685317993164,-0.23959903717041015,0.3212349732716878,0.548796895345052,-0.22731223434209824,-0.6425038278102875,0.022527959917053097,-0.32310858077960686,-0.5826941637341396,-0.7313452669672451,-0.3447496923498585,-0.4984310085811787,0.017994950023836026,-0.28916320033821985,-0.31856476438295267,-0.7010120093822481,-0.4317527850468949,-0.4091300964355466
Bartlein,Bartlein et al. 2011,,pollen MAT,59.0,29.0,4.1,1.0,1.0037042331695558,-0.7099018647361607,0.4807946829157934,-0.2160201514252723,0.42310766273074674,0.8407170481978559,0.6057067986069959,0.2646629784248472,0.5243728003574976,1.0834790625897752,0.041201341152191165,-0.6189452782267291,0.32842755001038165,0.21663871024498704,0.16322360038757325,0.33369470834732057,1.182999971707662,0.9345339520772298,0.7642664957046509,-0.24907125035921732,0.5638539084049707,-0.29184448313032535,-0.23861075325539666,0.15673255937510627,0.4428193570874078,0.014076032166337429,0.2348815605788972,0.5238898251888741,0.21922550649472813,-0.2404855065875587,0.2700697369045679,0.2953738032446967
Bartlein,Bartlein et al. 2011,,pollen MAT,41.0,111.0,-1.3,1.0,-0.47434339523315433,-0.7638671865562499,-0.2591546346768153,-1.0091085705702671,-0.29983724064297135,-0.015989453458773024,-0.22323968376476871,0.0324772807276742,-1.0662163072407131,-0.25374698710114796,-0.6626840114593506,-0.9495549751531198,-0.3522900030016901,-0.46813207354725905,-0.3420429706573487,-0.5316900968551636,-0.19146064758300785,0.20951139450073245,-0.04251822710037231,-0.3575016260147095,-0.06320517770597868,-0.6145428339522272,-0.9528157957090707,-0.6040303621685799,-0.427982712021555,-0.9159523153431828,-0.2042514101345618,-0.6214570972415503,-0.9323402436953265,-0.9273942867914832,-0.39189025296105245,-0.7623178403907356
Bartlein,Bartlein et al. 2011,,pollen MAT,71.0,137.0,-1.0,1.0,0.22534108479817708,-0.482418770516423,0.8357295621045349,-0.5415311255014594,-0.03487172126770014,1.3825048140573504,0.42552051816155845,0.46996110595991536,0.6514873888467918,0.7841362654422532,-0.01238565444946289,-0.2894817620036597,0.6908669367775615,0.4612587305171152,0.6291854858398437,0.3602300643920898,1.5762093098958334,0.9737592315673829,0.2173020108540853,-0.4360504945119222,0.4942929115596934,-0.17115509166736356,0.2830448794327739,0.2926283666107002,0.4662133009006616,0.12192960765640426,0.7242192401122804,0.3483962089545415,-0.3797105288345116,-0.23191120889451772,0.061353561613294735,0.5340497589111329
Bartlein,Bartlein et al. 2011,,pollen MAT,57.0,89.0,-2.45,1.0,-0.13466025908788046,-0.09055360070408808,0.2390393374413466,-0.3555441413336901,-0.06251275151968126,0.5582363337736299,0.40615711920834585,0.3567662625685362,-0.08753909284392464,0.2758632525977237,-0.4739580869674683,-0.4809910683540378,0.130513828247785,0.3260827358258443,0.038695786893367765,0.22466337084770205,0.6105786434809367,0.6693725013732911,0.2693504277865092,-0.5029882192611694,0.18131740755892772,-0.06700559172584791,-0.6126609954730834,-1.139598981413534,0.40681699347200556,-0.35920032989477924,0.09979235829804267,-0.2783371161943339,-0.2990868402918254,-0.8505289614200594,0.03764393056432391,-0.41334659337997437
Bartlein,Bartlein et al. 2011,,pollen MAT,-5.0,13.0,-3.0,1.0,-1.2080201466878255,-0.4843801575127414,-0.4088497711848055,-0.26506663323706225,-0.5932666566636823,-0.23076204562477695,-0.3880011662655687,-0.31733004521213226,-0.6749254015739229,-0.5194514780897287,-0.6135909080505371,-0.9113131958433521,-0.991330534219739,-0.5936368838690711,-0.6829093933105468,-0.3141786575317383,-0.38423906962076826,-0.13919537862141926,-1.0169537544250489,-0.4071442286173503,-0.30209180912086553,-0.5687390415108672,-0.6989729065655987,-0.805092578355102,-0.49345322880649795,-0.5348822661463133,-0.6876134791604734,-0.7267821110543945,-0.36076759931512653,-0.4080581771002875,-0.5037821875678163,-0.38394092983669703
Bartlein,Bartlein et al. 2011,,pollen MAT,37.0,5.0,5.5,1.0,0.17985610961914061,-0.6139300522318712,0.05092939182430192,-0.17023854603739774,0.12834232118394634,0.3925533359288936,0.5071248836146771,0.43895667595918164,0.08523065077220503,0.28767801955221095,-0.26880669593811035,-0.4211747637232889,0.2531289964914321,0.08828883477367999,-0.2859163284301758,-0.14284896850585938,0.4082990010579427,0.6595775604248046,0.24504637718200684,-0.3497222264607748,0.18314227334823974,-0.24984682953560927,-0.23408350113906198,-0.12890605692147455,0.09552687656146652,-0.3907660643560714,0.2557141840144876,-0.14472099056709398,-0.26053001005417736,-0.07149367862277559,0.036338700188530824,-0.0950628386603461
Bartlein,Bartlein et al. 2011,,pollen MAT,-31.0,25.0,-0.4,1.0,-0.5375049591064454,-0.2512357340955489,-0.48110397037924946,-0.6173319765372787,0.22271581225924983,-0.006744198214202966,-0.25315785746088976,-0.2553833211374314,-0.583721748119712,-0.10666773280856008,-0.6037805080413818,-0.9826234287679227,-0.2593886464834212,-0.5107280799260774,-0.6348834037780762,-0.9538731575012207,0.16930274963378908,-0.12857678731282554,-0.46779556274414064,-0.3918895721435547,-0.41496596744745295,-0.6221719563487804,-0.4589688689265562,-0.2439892453787046,-0.10317954231521617,-0.4760467793441965,-0.08294231396064082,-0.18253686767812272,-0.12804480017102124,-0.4451474083794488,-0.39871936374240446,-0.31936976114908855
Bartlein,Bartlein et al. 2011,,pollen MAT,49.0,37.0,1.4,1.0,0.755012067159017,-0.6884687439846424,0.2660972224822907,-0.2845741685271288,0.5621605798933247,0.5971328003994952,0.8109137192472428,0.5137100857532882,0.42242714074032495,0.7185665049993886,0.055000638961792,-0.4850207393186361,0.47936777174472817,0.03470483673714616,-0.03677248954772949,0.1183804988861084,1.0490434265136719,1.1404874674479168,0.4061669317881266,-0.19151222705841064,0.7855610527254613,0.21156583355200614,0.20186133048791197,0.4053482748048327,0.013663648366045538,0.07451430115622401,0.29396721766627365,0.6329953815773457,0.04520471977964627,-0.029051605860392613,0.4714487128787566,0.31679847611321343
Bartlein,Bartlein et al. 2011,,pollen MAT,37.0,81.0,-3.9,1.0,-0.3388797664642334,-0.9584948917146879,-0.29739168598673993,-0.5170941947503875,-0.6284895633326639,-0.09192268104330595,-0.024800103369101517,0.023404896478812567,-0.3890573740752837,0.08190571663778944,-0.6562374711036683,-0.7978385908605983,-0.5486723363399505,-0.4694221252484587,-1.0135806560516358,-0.7844033479690551,0.04082485198974612,0.34567510604858404,-0.5843515872955323,-0.6067660450935364,0.0008489958023885476,-0.2368409421214737,-0.720137778982996,-0.8416845460375315,-0.5073030222437525,-0.7627827990884992,0.17782710694107254,-0.2303088605427816,-0.580018272378916,-0.8513334896829391,-0.5170781347486707,-0.436471284561687
Bartlein,Bartlein et al. 2011,,pollen MAT,27.0,99.0,3.4,1.0,-0.7606727218627929,-1.124543104640357,-0.8496264051112743,-0.7395563676591383,-0.5479640531539919,-0.21250396668477584,-0.4376754614292966,-0.6209311900489851,-0.9053517338275343,-0.49789800536165957,-1.0931216955184935,-1.564740231789265,-0.7128914505243322,-1.0059829000282403,-0.6969135284423829,-0.6438372135162354,-0.2514081573486328,-0.21807449340820315,-0.6429095077514649,-0.6567041873931885,-0.7326321601867676,-1.0317343711853026,-0.8702063617952905,-1.288749269431665,-0.9376696176306488,-1.0753290889220268,-0.4205593529244511,-0.7978885144651393,-0.6169135479194845,-1.0373449087142945,-0.610283803939819,-0.6786254811286927
Bartlein,Bartlein et al. 2011,,pollen MAT,-15.0,-61.0,-2.0,1.0,-0.1578503926595052,-0.49077010926443665,-0.1842319231771358,-0.23150342875062682,0.2624344507853185,0.4436795223514661,-0.015352911123017699,-0.04437944334066586,-0.17054663042805682,0.12669926781052004,-0.1342685699462901,-0.6879607963239033,0.15419164299964927,0.12457611308552345,-0.14757118225097657,0.3341825485229492,0.44445457458496096,0.7203871409098308,0.20264536539713543,-0.025216102600097656,-0.08649831132253218,-0.22400016020684424,-0.3282954253184701,0.005577904434493401,-0.004508231277401395,0.15654566860953595,0.03107022158843225,0.13749276492929208,0.28460513705176793,-0.07641963958740239,0.09055827458699536,-0.11102581024169922
Bartlein,Bartlein et al. 2011,,pollen MAT,-13.0,-61.0,-2.1,1.0,-0.21847635904947915,-0.4778083397957954,-0.2519199360557852,-0.27725515091857134,0.28500091340806766,0.39444520022504037,0.03622492247730452,-0.07099576112105199,-0.20826052476690876,0.07025204778479781,-0.1530021667480455,-0.7268018657023483,0.27458124756813135,0.14040368701910394,-0.26748218536376955,0.2969209671020508,0.3546709696451823,0.532557627360026,-0.00022290547688802193,-0.05910841623942058,-0.12031628182387291,-0.30864528096446747,-0.2237903833537893,-0.2562119738049924,-0.15920921296596796,-0.09173788886736257,-0.06317221980299889,-0.0037025182809188317,0.045397320144487996,-0.11772441864013694,0.1191159990098744,-0.033845581478542816
Bartlein,Bartlein et al. 2011,,pollen MAT,55.0,-9.0,-2.08,1.0,0.7117498397827149,-0.34724378877056195,0.19734025995840082,-0.14102566747501688,-0.05832071304321303,0.5765432159023801,0.21682526896769036,0.2640843548698229,0.03072975295424979,0.6250820561722077,-0.07495553493499756,-0.3708771437599452,-0.13944508880376938,0.007096156278937175,-0.1937129020690918,0.5984419822692871,0.8355281829833985,0.8207963943481446,0.3655090808868408,0.17441765467325848,0.3268791376653263,-0.2193731504036303,-0.1629965919477281,0.015496774950736673,0.02205298208668919,-0.22819240802251564,0.34957155707291787,-0.01187799226633193,-0.2027833945175509,-0.3152554459042019,-0.11242954995897081,0.13613669077555354
Bartlein,Bartlein et al. 2011,,pollen MAT,57.0,-7.0,-0.78,1.0,0.7584793090820313,-0.3758835231947046,0.2373061286106143,-0.13075900485275618,0.036161117553711694,0.6183754730905879,0.26654170805755956,0.28485025255440344,0.09785374163367472,0.698203432798376,-0.07640469074249268,-0.38875270117887073,-0.08438424617052243,0.004370804476707799,-0.1251396656036377,0.6599029541015624,0.9844050470987956,0.9184852981567383,0.4404997412363688,0.18004310131072998,0.3488662232305482,-0.20497735471676332,-0.1554531304957197,-0.036186783982543116,0.07679091054722346,-0.20857849139092804,0.3802978476301,0.015154453719901862,-0.1295082703335682,-0.2849525292714437,-0.11727000872294122,0.15284884293874107
Bartlein,Bartlein et al. 2011,,pollen MAT,41.0,-3.0,-2.97,1.0,-0.1426480484008789,-0.4455581357603065,-0.06457928455785476,0.0013433612346568113,0.5363649378882505,0.39941419957172375,0.5490072649586971,0.5163406629067366,-0.0022854249231764323,0.20851467026549123,-0.0861210823059082,-0.38701923982943054,0.3323265165090573,0.18641152399327146,-0.2540543556213379,-0.1565138816833496,0.2758025360107422,0.6698620223999023,-0.03291290283203125,-0.28658556938171387,0.15238003939348302,-0.3889964818661015,-0.1765564337443698,-0.1981009038696316,0.13105334299986046,-0.2925278642578695,0.30408850252033776,-0.20361878720523297,-0.34444256146969254,-0.18873192999098037,-0.1250991556379526,-0.09502345403035492
Bartlein,Bartlein et al. 2011,,pollen MAT,37.0,-1.0,-5.01,1.0,-0.024850413004557294,-0.5873470705096421,-0.030378980442510677,-0.17294736538064523,0.036244184705946286,0.4309869438648193,0.3983408109693368,0.30959957215233974,0.058437142260584184,0.3480482184865463,-0.17011470794677735,-0.466439591877768,0.06422471106052408,0.04794552042097418,-0.2346729278564453,-0.027931976318359378,0.2681110127766927,0.5344380950927734,0.2012080669403076,-0.2870224316914876,0.27421094576037724,-0.21312591282957866,-0.24866310202600383,-0.19941290981248533,0.12896666428328402,-0.3758185492339366,0.2913288784194621,-0.035515688641486784,-0.3415785432075446,-0.22109893163045244,-0.11366648144192162,-0.05909326553344727
Bartlein,Bartlein et al. 2011,,pollen MAT,51.0,-1.0,1.48,1.0,0.6042149225870768,-0.563575175072131,0.07807836031473112,-0.17689140978362342,-0.07904817581176705,0.49895594334351023,0.42107964922563695,0.49187152682497415,0.09413213105580462,0.5613142255427366,0.04863061904907227,-0.3741668262048503,0.43214288949966295,0.24578789233791862,-0.11540727615356446,0.4405649185180664,0.9572318903605144,1.128914286295573,0.2863968213399251,0.16272687911987305,0.5149474632224794,-0.083528133019194,-0.19144809004553395,-0.41368177823206426,0.059651771283704635,-0.1777338567577652,0.29268146895167246,0.08449880699805387,-0.16828611144268282,-0.09157586097717285,0.06576900482177744,0.2365532620747886
Bartlein,Bartlein et al. 2011,,pollen MAT,41.0,3.0,-6.35,1.0,0.34909729003906254,-0.4896781092011562,0.048977045981865835,-0.04973186346444292,0.1556240145365402,0.4482235891689143,0.5079787524562218,0.5547141074176553,0.11729308601203303,0.43906749962127894,-0.07143597602844239,-0.36643439236812547,0.3430080145597475,0.16270912609523358,-0.19238357543945311,0.06053380966186524,0.48297958374023436,0.7114084625244141,0.27586438179016115,-0.1563874880472819,0.3200918873329867,-0.1578533338847152,-0.19612749383335076,0.00502304718040304,0.08887529682854377,-0.29613323228841737,0.3437531204938852,0.09421804530054421,-0.21688862061273864,-0.04328557120429138,0.005523607465956105,0.009948144488864514
Bartlein,Bartlein et al. 2011,,pollen MAT,43.0,7.0,-4.76,1.0,0.4774062601725261,-0.5829704195315948,0.10659500367749052,0.048781685942906196,0.29899572902255406,0.4315668023240333,0.625387462797113,0.6379523793502353,0.16320367506632627,0.36992412148416354,0.0075988292694091795,-0.2862360224134064,0.22067584991454936,0.2723563240051435,-0.17299022674560546,0.10701265335083007,0.6076184590657553,0.8470491536458333,0.2546398035685221,-0.062834103902181,0.34065092753939424,-0.1315608342861702,-0.2067253082348201,0.031884501159405144,0.11279580591800731,-0.36260214473656266,0.3163430922425695,0.15049358433647353,-0.1090565890596932,0.024727127287123257,0.16899513668484317,0.07161758846706813
Bartlein,Bartlein et al. 2011,,pollen MAT,79.0,15.0,0.194,1.0,1.6586889266967773,-1.0226968495612074,1.1886876386369658,-0.028023680783018378,0.5402657561832009,3.934337259984078,0.12297051678080168,0.9026431340478444,0.5452479854685258,2.5311727495682383,0.06879734992980958,-1.3726397539508621,-0.09135178319470849,0.5539237836414035,0.5663928985595703,1.5807790756225586,3.6174831390380864,2.2068393230438232,1.7554122686386107,0.17425155639648438,0.337640711555459,-0.21835785826137905,0.4048946740270083,-0.6915872280175112,0.6702589153815224,0.34322486131128066,1.3453914673018663,0.8540911119941448,1.3856891472667419,0.28699943754408236,0.08642318513658341,0.9028809971279569
Bartlein,Bartlein et al. 2011,,pollen MAT,65.0,19.0,0.23,1.0,0.8924917936325074,-0.5437535256368827,0.80469956653343,-0.29847938617826497,0.14782172640164706,0.9474469173648228,0.5985950182310863,0.31222812545616463,0.49433855399803645,1.4443103881214414,-0.11316187381744384,-0.7075376539137203,-0.012777303488855616,0.23894913628212844,0.35449867248535155,0.8516423463821411,1.430582070350647,0.7805560588836671,0.7263797014951705,-0.030965954065322876,0.4236742061849401,-0.4216489907532839,-0.46063305289572753,-0.04282639907755322,0.3979884747174264,-0.0638938096847844,0.523658200124425,0.35003703000806724,0.8570746682366439,-0.3434807224406141,0.029488530320425373,0.22196305195490515
Bartlein,Bartlein et al. 2011,,pollen MAT,75.0,19.0,5.473,1.0,1.2871370633443198,-1.1265009731469955,1.9600188259429974,-0.3788147970036651,0.29556114474932554,4.021545277011489,0.9181159049459482,0.46682276032905917,2.526703392138778,4.869963676500687,0.20966551303863523,-1.038056884843873,-0.5036338114978282,0.7995198575682925,0.6510180473327637,2.819604253768921,4.260810534159343,2.08539236386617,1.3435105284055076,0.11189813539385796,0.4192890895414281,-0.21741990495328056,0.23779054463045476,-0.5819027812017747,1.006071795806787,0.376930199391753,1.7293945128450225,0.7945978371337306,2.918547835441591,-0.05300865968068393,-0.32052818934122723,1.1766099611918133
Bartlein,Bartlein et al. 2011,,pollen MAT,81.0,19.0,3.809,1.0,1.6610413996378581,-0.8568464637703133,1.182070875876993,0.353566915470641,0.35570775032043456,2.404864224897096,0.21970473576548555,1.1645541745161807,1.588525077102038,1.8811509572803433,0.1735589027404785,-0.8766717924316805,0.00418549209303924,1.0502167001795266,0.9131505966186524,1.5388256072998048,4.1090524291992185,3.290702673594157,1.9221229648590086,0.5400614738464355,0.47288952768647785,0.027863912612015394,0.3362375724776927,-0.529734695857494,0.8296105243139903,0.4951516779401949,1.363206616436986,0.7419902152230161,0.9000875821183265,0.4168605327606197,0.14886884689331037,1.187407493591309
Bartlein,Bartlein et al. 2011,,pollen MAT,55.0,21.0,-2.65,1.0,0.9841914176940918,0.02462649861945662,0.3799830271141429,-0.11438740135325387,0.31120627191331657,0.6357039907680102,0.9301801630547767,0.5936073051531059,0.37195958411131924,0.8858080309772591,0.20758426189422607,-0.39992389116277405,0.7065747231245023,0.2980826979327977,0.12997255325317383,0.5037132740020752,1.166212558746338,1.0079646110534668,0.5424623966217041,0.07091120878855389,0.6934513102205729,-0.03832414958986402,-0.12257739502850573,0.17860070138722497,0.4121285990681156,0.0650349191096605,0.26050563316666436,0.4066262688976747,0.15640717829802964,0.04902021090189607,0.3930735694037542,0.33476542896694605
Bartlein,Bartlein et al. 2011,,pollen MAT,63.0,21.0,0.95,1.0,1.0794624900817873,-0.7140753415294387,0.7631547189272199,-0.36840793644778846,0.24920488834381083,1.0978596928943667,0.5654240022774915,0.3988972554980331,0.5321197594610856,1.4951808046962276,-0.04555170834064466,-0.6945234711588383,0.14302279417567665,0.24068217554633606,0.25855817198753356,0.7537844479084015,1.5809880256652833,0.9657569980621338,0.890865137577057,-0.06588980555534363,0.5477675693834101,-0.40308940469455246,-0.37178717357653696,-0.010490354010706325,0.4596356528711882,-0.014475199044185389,0.4859272935039116,0.48950997193207935,0.7002722028220025,-0.3112282156944279,0.09960714578628485,0.20847886487841608
Bartlein,Bartlein et al. 2011,,pollen MAT,37.0,23.0,-4.8,1.0,0.42379892985026046,-0.5408001916296225,0.15065402707340597,-0.018480030313621137,0.2816060320536298,0.450317667811441,0.37846682751685257,0.5074041977729941,0.07572024028729209,0.4130246325849716,-0.10757369995117189,-0.32822302953383264,0.18228147625923155,0.22564394024455858,-0.11502838134765625,0.0791513442993164,0.6012506103515625,0.6960957082112631,0.34928736368815105,-0.023694674173990883,0.4124321800404615,-0.12114201984260012,-0.06681232112320792,0.13109231927612236,0.20372433674217733,-0.2014519386623277,0.31782621824954693,0.22012992434521247,-0.18810938506756864,0.09417757458157011,0.19888337453206392,0.14539578543768988
Bartlein,Bartlein et al. 2011,,pollen MAT,35.0,25.0,-3.79,1.0,0.3417167663574219,-0.4885182286749543,0.07759330623949937,-0.0282719916476198,0.20778486463758686,0.40263537715805353,0.26236826974993666,0.39807211136969023,-0.0054505518845940374,0.3385180601863975,-0.13092994689941406,-0.3210867285755433,0.1859426200389854,0.17206919122743983,-0.13535308837890625,0.08189678192138672,0.5188783009847006,0.5186239878336589,0.20020755132039386,-0.004369894663492841,0.3602257858626358,-0.04670371901366739,-0.1668421872478475,0.05730307386173676,0.08868148380999055,-0.2189322230467478,0.20241893453936785,0.23045252592348822,-0.20655698181217755,0.031077914767794798,0.13315232594807916,0.14885001712375215
Bartlein,Bartlein et al. 2011,,pollen MAT,41.0,31.0,1.23,1.0,0.5819004948933919,-1.0308242555114993,0.2654940764715147,0.2092200367490263,0.5137222830454499,0.5374738275320875,0.48573860449416884,0.6937285362812295,-0.03947866917190028,0.5733658401756029,0.03662686347961424,-0.30606169470257283,0.6562756448984124,0.13936852457579407,-0.1458462715148926,-0.0064651489257812516,0.8800215657552084,0.8769453303019206,0.2948848406473795,0.08783674240112305,0.5328446346100943,0.04912593571030033,0.20018506766399552,0.1450568000166381,0.13743742266387227,-0.03978290944551442,0.3598390002509429,0.5414306408243111,-0.054794207124763405,0.15194359885321657,0.4669766055213078,0.45030733638339654
Bartlein,Bartlein et al. 2011,,pollen MAT,37.0,33.0,2.48,1.0,0.2942910766601562,-0.667174840445079,0.1949002872215817,-0.0016423903606492085,0.4248056591881655,0.5174439541345286,0.34568616617246267,0.6662105375679237,-0.10986403224334149,0.21614222271582692,-0.15109429359436036,-0.315843050935272,0.4807103574275975,0.052850688411888516,-0.2630120277404785,-0.1696247100830078,0.7024898910522461,0.7489605331420899,0.12268305778503419,0.030983527501424152,0.34052948691920043,-0.13117257340345875,0.055173044514517884,-0.03841129053374684,-0.01983558403152117,-0.2888995478763824,0.4877663173246443,0.4130409303377448,-0.5079052746383209,-0.0123190191056992,0.4793118688795303,0.09232257419162332
Bartlein,Bartlein et al. 2011,,pollen MAT,41.0,33.0,0.02,1.0,0.6763815307617187,-0.9427682798535766,0.27044455226777164,0.2707350346385889,0.5412120882670077,0.6062893304861189,0.49301338209453627,0.7060204803016465,-0.09242841338704241,0.5037621306518587,0.04016666412353516,-0.25294029789443095,0.7977188438177114,0.10315018529928625,-0.16285924911499022,-0.06646509170532226,0.8921768188476562,0.8980421447753906,0.165537052154541,0.04795233408610025,0.5280770270268685,0.055509200753280134,0.21724522522192125,0.3612875627761351,0.11516701105391566,-0.01308261222757859,0.31365869252776496,0.5637423470000708,-0.0545030822776063,0.15067152447170612,0.5324623849656842,0.5333681307898633
Bartlein,Bartlein et al. 2011,,pollen MAT,67.0,33.0,1.26,1.0,0.7168428039550782,-0.4982888854059787,0.7614321188458024,-0.5702442486226483,0.02756138245264659,1.1870667106080877,0.46285127453884667,0.35041182744621624,0.6030526787271416,1.8289250925251173,-0.22379074096679685,-0.8779739130336577,-0.2587317043534269,0.14438832156170178,0.42786498069763185,0.6803585052490234,1.6931139469146728,0.8688723325729371,0.9091661047935486,-0.1949693560600281,0.2707561378089772,-0.5922872459386647,-0.4700859477493721,-0.2748063590105084,0.39766668510142483,-0.03651904846660654,0.6268052689749614,0.5015620728180543,0.91454491165834,-0.5216640323400505,-0.0531212763653868,0.24694635868072515
Bartlein,Bartlein et al. 2011,,pollen MAT,69.0,33.0,0.56,1.0,0.7798208570480346,-0.5957231515403402,0.8830771222654312,-0.6898830778376451,-0.05850691239039074,1.336833220321957,0.6709355462038806,0.4069558121818097,0.9164544227905989,2.319724105110966,-0.3025566577911377,-0.9284805481727658,-0.4032388853242378,0.1710425910661624,0.3976468086242676,0.9262989997863769,2.1345974922180178,0.9754142045974732,0.8171518993377687,-0.1480216570198536,0.26687150974392954,-0.5328453627033167,-0.35445393215509313,-0.5266797152710041,0.44573367343675174,0.0008997385579580783,0.7779071694730609,0.4588428808690635,1.3664021128590662,-0.44035049229860324,-0.12873133122920982,0.34953043301900244
Bartlein,Bartlein et al. 2011,,pollen MAT,65.0,35.0,0.11,1.0,0.70722629626592,-0.6031894294325217,0.6752988571413974,-0.4880148848446816,0.10883194622066325,1.3072149063377374,0.4054458983810476,0.29483560225400585,0.4370329277121304,1.454192315972316,-0.19312572479248047,-0.8518507603623431,-0.14754136423933623,0.13474832352329053,0.3082484006881714,0.558476448059082,1.3300387461980183,0.7016170819600424,0.7903505911429723,-0.3247676193714142,0.3060852283419709,-0.569092784600811,-0.48824314743565267,-0.2233126444027615,0.4274444347605837,-0.07482754108148477,0.46451612823182514,0.5316426380798651,0.6054977955986558,-0.4828852332300611,-0.014239344331954147,0.14050020111931716
Bartlein,Bartlein et al. 2011,,pollen MAT,41.0,37.0,1.07,1.0,0.5278379313151041,-0.9878234295892745,0.25218512838022306,0.09997778341318767,0.4429265689849847,0.4831972969682994,0.5131747962905974,0.7657206021406893,0.12377074557865683,0.4348832527157215,0.01689801216125488,-0.20038442560388744,0.5578239247202837,0.0321677000265891,-0.2040924072265625,-0.11299657821655273,0.8660454432169595,0.9102170308430989,0.07124186197916667,-0.027321338653564453,0.5142386838267443,0.01163875313616227,0.28268212766093764,0.3424611082225118,0.07381993145397439,-0.0116016579358947,0.31083298757496497,0.42460995126785267,-0.08237569365219632,0.06782151328192772,0.5440421952141651,-0.04238245646158918
Bartlein,Bartlein et al. 2011,,pollen MAT,67.0,37.0,-1.72,1.0,0.6487996260325114,-0.5589338372757907,0.7447000535933104,-0.6698234196520814,-0.06490978015793722,1.461932200136677,0.7480910712418656,0.35460179054577196,0.6437131997564388,1.7858699549191974,-0.28356022834777833,-0.9186371219243311,-0.4134031006222761,0.12590550713228277,0.3862256050109863,0.6051270484924316,1.6236185709635418,0.840012197494507,0.8981836785872777,-0.27865656216939294,0.23690580309552334,-0.6132455642640161,-0.43430340871245643,-0.2834770562689349,0.4027502174373996,-0.0029294439789578283,0.5966433191088494,0.5393614236081371,0.8195214021538387,-0.5936389701233981,-0.10415248903963374,0.23263289716508667
Bartlein,Bartlein et al. 2011,,pollen MAT,59.0,39.0,-3.03,1.0,0.6368492412567139,-0.6949076741878066,0.3886740753870007,-0.3091224905216464,0.3328100940916272,0.7233978954922615,0.43558225039973075,0.05790713027878627,0.37011582942005555,0.9210304948621945,-0.06695564724504947,-0.7128050968945575,0.14449681136757056,0.12670876592985342,0.11969287991523744,0.060588937997818,0.9194645261764527,0.8676159858703615,0.5860877293348312,-0.3906320780515671,0.41044607828553237,-0.42142014538973266,-0.32291062209822446,-0.13556675800850024,0.5525507850450483,-0.056518859455726926,0.1924535590213726,0.5058185570000018,0.2842682928758018,-0.4146764834721886,0.23411904705895253,0.17919711536831315
Bartlein,Bartlein et al. 2011,,pollen MAT,35.0,41.0,-2.24,1.0,-0.08453814188639323,-0.5707306464063214,0.1042605879279259,-0.2531343587118112,0.07650679482354059,0.2219447926328056,-0.018881304311955838,0.5568059172326838,-0.2068965919963877,0.04851058378284626,-0.30725135803222653,-0.4159878004211814,0.06592723727226256,-0.05748020246574284,-0.5108974456787109,-0.4474960327148438,0.5280928293863932,0.6673782348632813,-0.08338931401570639,-0.1656494140625,0.19307913471040522,-0.26065748814400425,-0.055831410940774685,-0.32073734917618696,-0.04000044200749395,-0.22550486812592763,0.40520189067568224,0.23429861276412733,-0.22884815982118298,-0.13109645843505835,0.24447170893351228,-0.06740257475111207
Bartlein,Bartlein et al. 2011,,pollen MAT,39.0,43.0,-3.89,1.0,0.29953905105590817,-0.8669908072680698,0.1480127936699685,-0.20487945575146882,0.2798386907577529,0.3891184602783273,0.29733367476675254,0.7814191321198356,0.1934593036466397,0.07689702960133132,-0.20311064720153807,-0.2682572865321951,0.5423865914344833,-0.008613293037412748,-0.5252030372619629,-0.3644988536834717,0.7633402824401855,0.9265260378519694,-0.1025476900736491,-0.3364577293395996,0.4196462912267541,-0.21595770104175893,0.15878157272449167,-0.09274959183844508,-0.10531207015978071,-0.29444744453228705,0.5326330285369852,0.5213857692638092,-0.2716168546332779,-0.11963129043579057,0.6755112648010252,-0.16872135321299211
Bartlein,Bartlein et al. 2011,,pollen MAT,37.0,45.0,2.51,1.0,0.2231620788574219,-0.8272327963574577,0.03229976388216123,-0.42053926914199663,0.30262635019090484,0.27058991080642963,0.09707557721217314,0.5658664641668534,0.019553308690477795,-0.07920320208299624,-0.366316556930542,-0.3794337782496665,0.19638703316450123,-0.04097016457692995,-0.529022216796875,-0.3817129135131836,0.7081996917724609,0.8189407348632813,-0.11481299400329589,-0.2273359696070353,0.28194420705567025,-0.41064131197962894,-0.09594019970871946,-0.2743034049058217,-0.0682849114463164,-0.31438504571836595,0.5002730062059373,0.36797101845300056,-0.2412502534435857,-0.15562913152906627,0.35737842983669726,-0.320853688981798
Bartlein,Bartlein et al. 2011,,pollen MAT,31.0,109.0,-0.4,1.0,-0.4420983378092448,-0.661123818405926,-0.15923101535896406,-0.5847213442739664,0.2542467753092442,-0.15681182730046833,-0.38218856002880697,-0.3666848321706742,-0.4937658142763278,-0.0961500673824363,-0.623511552810669,-0.49372142516223927,-0.1625203281641006,-0.8109212559528567,-0.3628710746765137,0.03175153732299805,0.06812180836995443,0.23111637115478517,-0.24733284632364905,-0.5786092281341553,-0.3548368483025277,-0.8903067443679523,-1.0134742541832684,-0.6582457217213339,-0.639163382697143,-0.6121459852853633,-0.14527811100447108,-0.5547554072933195,-1.5997537651372293,-0.7822769112057153,0.13193516731262206,-0.31506000306871185
Bartlein,Bartlein et al. 2011,,pollen MAT,21.0,113.0,3.9,1.0,-0.8134546915690105,-1.0430524308365765,-0.6627855743465738,-0.7059681771355468,-0.6258016777038578,-0.30246035392564546,-0.6072536351277029,-0.6025190122127962,-0.6149162653121419,-0.37923580857218103,-0.6837988853454591,-1.2660913433599112,-0.8686872839927677,-0.6036237773072304,-0.6524002075195312,-0.4575761795043945,-0.46246164957682295,-0.21972122192382815,-0.7347234280904134,-0.6818509101867676,-0.613938458788996,-0.7536997858683268,-1.0007821360664824,-0.7172274160127295,-0.6840506299138331,-0.8718525319648156,-0.46228159402199465,-0.7467894225014385,-0.5726831461079933,-0.7423978805541998,-0.6269954681396488,-0.5960101254781088
Bartlein,Bartlein et al. 2011,,pollen MAT,41.0,-103.0,-1.901,1.0,-0.13020158131917317,0.14358852112749024,0.07750768889014001,-0.14085688369846217,-0.15739546140035007,0.4739219816999325,0.3609204759528773,0.11318852778109782,-0.032122678927689635,-0.264772951635782,-0.27807924747467044,-0.6400574640491378,0.4282780319452281,-0.08193253117533643,-0.09022488594055175,-0.221714973449707,0.6406682205200195,0.38510503133138013,-0.14694988250732421,-0.5227723121643066,0.18826891426023495,-0.1624136394786351,-0.6780212240024404,-0.27669051487702384,0.13943604455988448,0.10408784725031386,0.509388430486403,0.3041140319588322,-0.39669088167968053,-0.28379718197716575,-0.08650432692633755,-0.1104435337914361
Bartlein,Bartlein et al. 2011,,pollen MAT,31.0,89.0,3.5,1.0,-0.4955638885498047,-1.267710298487477,-0.8932856971696729,-0.8439695196242085,-1.122396308845944,-0.17013786766077324,0.23669355585977123,-0.3759457010964665,-0.8368478104280361,-0.6222176440032492,-1.2810548305511473,-1.385788922827042,-0.23202316164970235,-1.1526409306754444,-1.1023521423339844,-1.3043324470520021,0.1734823226928711,0.14337804794311523,-0.32873634974161786,-0.8039528727531433,-0.9726479914056538,-1.4253353800170119,-1.2115493367277588,-1.1686286834103254,-0.8282880408382004,-1.0381111433126076,-0.2935058350369978,-0.5330635272780954,-0.7605940744890025,-1.0665195796224811,-0.6244961268371989,-1.2133621607886425
Bartlein,Bartlein et al. 2011,,pollen MAT,65.0,79.0,-1.2,1.0,-0.07817567189534506,0.1067633316729439,0.38232572581283814,-0.6196235598648326,-0.5037743541929456,0.9654855105140799,-0.051288592654352115,0.1328947940532109,0.11709165990145713,0.6980920822585701,-0.46441669464111324,-0.5773282098973015,-0.0041809300128616,0.5883224649497052,0.3531793594360352,-0.20189065933227537,0.9920015652974447,0.932746664683024,0.23385637601216633,-0.4458996454874674,0.1161892314422136,-0.5259388779652808,-0.40553206303339595,-1.0830197346452597,0.14555154025238354,-0.04767409180726774,0.3948628406267918,-0.03037448134391578,-0.2536766867725512,-1.1514949613147305,-0.427735455830892,-0.16959633827209494
Bartlein,Bartlein et al. 2011,,pollen MAT,35.0,107.0,-5.2,1.0,-0.29027468363444014,-0.8387145047526496,-0.14672312159500236,-0.33742742684989546,-0.29409916135999914,-0.23638307584264695,-0.1688157921442469,-0.12577900294294314,-0.5489948697967462,-0.0908803528046166,-0.6201843976974487,-0.8268632921069647,-0.19724601507187037,-0.6927614672861167,-0.36731181144714353,-0.2650605201721191,0.1312302271525065,0.4799865086873373,-0.21759890715281166,-0.7114080190658569,-0.14553492294206336,-0.5715689924646183,-0.8315845315011574,-0.8615630455389072,-0.45307910629364945,-0.6491608274953049,-0.1048957483444765,-0.3913226874286303,-0.5336905661586606,-0.7657030396991307,-0.21047644880082975,-0.28324587345123325
Bartlein,Bartlein et al. 2011,,pollen MAT,29.0,85.0,-3.3,1.0,-0.4544400135676067,-1.2032310627174168,-1.231808565975748,-0.5333663492719479,-0.6028819872273341,-0.12574128063785184,-0.07341613897804722,-0.43787211897143075,-0.229388447740834,-0.3843161341301768,-1.1309171915054321,-1.9844836748227284,-0.8029724180698403,-1.502888534434313,-1.1676867604255676,-1.1196115016937256,0.026252810160319013,0.1380470911661784,-0.6692973494529724,-1.075640539328257,-0.33227002841878084,-0.6743341284708669,-1.2725083327823483,-1.4931032319057684,-0.8925830904688314,-0.9366369680912416,-0.19968481339011004,-0.6905008532966859,-0.9255729061490507,-1.010991586579217,-0.9699437982506225,-0.7905840741263497
Bartlein,Bartlein et al. 2011,,pollen MAT,13.0,13.0,2.1,1.0,-2.2476886494954424,-2.4658843469558005,-1.3918312568369644,-1.7129107796502998,-1.4993171374003094,-0.9702027555157842,-1.3508630396583383,-1.1405943397354528,-2.9562604201837117,-2.397755402315681,-1.7290000915527344,-2.2451423635158427,-0.8418389558792109,-1.5052101504970183,-3.0026447296142575,-1.9230854034423828,-1.6737465413411456,-1.1917950948079425,-1.7621576309204101,-2.0732305844624834,-1.1827422287761424,-1.8550018445297274,-2.026309836261528,-2.1417983081315723,-2.8468925918953563,-3.4095388474636534,-1.1516454651228851,-2.1335000743770216,-2.8214552748992556,-1.7643148422241213,-1.0387023078070743,-1.6105156199137367
Bartlein,Bartlein et al. 2011,,pollen MAT,43.0,83.0,0.1,1.0,0.016266384124755864,-0.24881632172977322,-0.10756129077953734,-0.23350791780755248,-0.4355002869500052,0.10485519977477008,0.08174467150368038,-0.08056531257057414,-0.19660375104874844,0.07827708656272671,-0.4822216585278515,-0.7113227622907576,-0.24752212045714184,-0.4097302022287729,-0.4698795557022095,-0.36535269021987915,0.5119147857030233,0.7784489663441976,-0.33786028265953066,-0.24775495380163193,0.3413624515886621,-0.06673601986360686,-0.779448567001051,-0.3810580579950362,-0.06591474674680155,-0.12354702114296334,0.06815045406720688,-0.14129730181513894,-0.23069968097751103,-0.8802110142177995,-0.20711839199066234,-0.49262363473574317
Bartlein,Bartlein et al. 2011,,pollen MAT,49.0,119.0,-1.8,1.0,-0.14159168561299643,0.01469619782684654,0.02248870915300971,-0.5387845806612902,-0.05716926713784509,0.35979006960282867,0.15273676837188735,0.311993026608409,-0.5173283568601014,0.05904932695645429,-0.5676801204681396,-0.5300426189682549,0.4592072211205993,-0.1002372879244723,-0.4557465225458145,-0.07206501662731171,-0.30089792887369793,0.35375844001770024,-0.06769744475682576,-0.8492575734853746,0.1314401092334681,-0.36007347492714004,-0.47983487372645967,0.36478215631465133,0.05696806457632999,-0.34173014745311747,-0.0033470802774588464,-0.11634304421471897,-0.3253246553038204,-0.6448849446243707,-0.12906562404500108,-0.7487828074561225
Bartlein,Bartlein et al. 2011,,pollen MAT,31.0,-3.0,2.4,1.0,-0.04585166931152343,-0.8344943664905491,-0.22835659692245708,-0.32747481388171,-0.046049022674560534,0.5801899274699307,0.4002561916427586,0.19359948609984146,-0.2695501173212623,0.05735125171514971,-0.4694223403930664,-0.7169387229187474,-0.14080168604850724,-0.29078997721851135,-0.5656848907470703,-0.5771190643310546,0.482831039428711,0.5989388275146484,-0.07211627006530762,-0.13750155766805014,0.030216391119305533,-0.6228699452785662,-0.6024668012298153,-0.33418587904573727,-0.14419358639010238,-0.6163368333112472,0.20496693506254565,-0.25824524404982446,-0.2690737962889293,-0.4102011998494469,-0.11641876432630759,-0.34679631763034396
Bartlein,Bartlein et al. 2011,,pollen MAT,27.0,103.0,-2.3,1.0,-0.7324994977315267,-1.3841870545399315,-0.5995752454436185,-0.6870026722606699,-0.5391928005218505,-0.26900089873929217,-0.44797869325900297,-0.679369525466515,-0.9609937330383215,-0.47391388322152816,-0.8969523429870606,-1.2901482541844052,-0.3646762609481816,-1.017024726164479,-0.5769095420837402,-0.45993480682373045,-0.363987979888916,-0.19421566009521485,-0.7133853340148927,-0.7417449951171875,-0.7375362237294515,-1.1015448951721192,-0.8717379131493177,-1.3355739740964432,-0.9670070760406668,-1.0483622396365448,-0.2936022012740487,-0.6267280754496827,-0.4754721041997016,-0.854587936401367,-0.505576133728027,-0.4910464286804199
Bartlein,Bartlein et al. 2011,,pollen MAT,69.0,67.0,-0.7,1.0,0.030936679840087897,-0.048978009758371084,0.6791467284347082,-0.9280353172078472,-0.34605850219726597,1.499739529019318,0.0512206153628227,0.3032713346143475,0.7610836300952091,1.085292900713549,-0.3392599105834961,-0.6704521943098172,-0.01128779182809811,0.7367374469545421,0.5352926254272461,0.035288429260253905,1.5787715148925783,1.0709346771240236,0.48467120806376135,-0.267240047454834,0.20258277450350348,-0.5551066379403276,-0.21371543977182,-0.7555162074765327,0.2971319941438303,-0.03931792109936441,0.6989030156752641,0.1722059329904731,0.14053945407299973,-1.059651041030884,-0.46972626050313304,0.16378024737040217
Bartlein,Bartlein et al. 2011,,pollen MAT,33.0,81.0,0.1,1.0,-0.3469266510009766,-0.9742296100209864,-0.6010896604042563,-0.5702141000093384,-0.5283162562052409,0.46962096223607774,0.18979312685055744,-0.039635078302390755,-0.2859748098457516,-0.21821923031678903,-0.9930909633636473,-1.3142471129234736,1.877435550093671,-0.724448303277383,-0.07905426025390629,-0.5683368682861328,0.5252255058288574,0.6334694671630859,-0.3397024488449097,-1.0661144256591797,0.2576194333428361,-0.7115661458815057,-1.1484032647293747,-1.177101820500722,-0.3870977609474171,-0.5054039307263563,0.09834330020437156,-0.5396963860819838,-0.4506175809261489,-0.9401538054148355,-0.655609948436418,-0.6043928877512613
Bartlein,Bartlein et al. 2011,,pollen MAT,35.0,81.0,-3.1,1.0,-0.3219592094421387,-0.9477600353353884,-0.39661043738658885,-0.44042136688209566,-0.4166482422086928,0.16508423934011068,0.31181908037396555,0.02074770173339919,-0.3392284076193413,-0.28934332495041903,-0.853292942047119,-1.0287775133928252,0.036867707967740304,-0.5828523290450156,-0.6340289115905762,-0.7735897064208984,0.2719944000244141,0.5871400833129883,-0.4922134518623352,-0.998430053393046,0.6912729042888457,-0.37431577266092203,-0.9239954054031306,-0.8864568220796712,-0.578778529646194,-0.7261667213572007,-0.05796641748349436,-0.38559204863114127,-0.555085148962184,-0.9173911094665526,-0.5716888215806745,-0.5089084625244142
Bartlein,Bartlein et al. 2011,,pollen MAT,49.0,117.0,-4.8,1.0,-0.10890411734580994,0.10652032295072277,0.03193601464193058,-0.5651081150854221,-0.05523788535346547,0.3658094244891083,0.2305532680905288,0.32863203849349776,-0.5843798618827266,0.05680874873242697,-0.6062472701072694,-0.5444100374065443,0.33894654624164333,-0.11294107993111029,-0.6063826292753219,-0.06333805173635482,-0.3947378921508789,0.35049880981445314,0.07917195916175843,-0.9009552150964737,0.06958430765352408,-0.3564438512959944,-0.508827254871788,0.102001961255879,0.06150345994828383,-0.30579628967238076,-0.028113932677077652,-0.1336356903640835,-0.48521021564442,-0.6579592476288476,-0.1681437753968765,-0.7686397131284077
Bartlein,Bartlein et al. 2011,,pollen MAT,39.0,121.0,0.7,1.0,-0.559000727335612,-0.21827525014412685,-0.17013426170533044,-0.8305974187357104,-0.45501124699910417,0.17972633213032307,-0.24065433239129133,0.0673122879528825,-0.42318934052272394,0.03839127746572889,-0.8910561323165892,-0.843690301861214,-0.4649900257587434,-0.2720051070855479,-0.40717592239379885,-0.322901439666748,-0.44681858062744145,0.25209018707275394,-0.06554793039957683,-0.6683094501495361,-0.10738334938917003,-0.5647944194585136,-0.9505194892090085,-0.5265223825955223,-0.4348023720076569,-0.9324862204543175,-0.17580187454264762,-0.33634964463186706,-1.029823804907074,-0.9666987895965574,-0.3890751520792644,-0.6994313526153565
Bartlein,Bartlein et al. 2011,,pollen MAT,43.0,127.0,-0.7,1.0,-0.2985763168334961,-0.5968939816986871,-0.12782232488367995,-0.7384582090975766,-0.13147370338439912,0.21864735432593568,-0.11873971453951901,0.21012666136374536,-0.4129225173788102,-0.004085689133264253,-0.5494144201278687,-0.6400614184488649,0.1683383372612303,-0.3935054926966287,-0.6447835445404052,-0.4064368367195129,-0.22272299766540526,0.442048298517863,0.12804147680600486,-0.9250569740931194,0.06677887714646077,-0.5141366664213785,-0.7592528624979458,-0.3952561146138687,0.0015971208501550128,-0.5081648547568026,-0.07225091092388508,-0.17943100888060126,-0.5235611902107011,-0.9197286168734231,-0.1394607994291518,-0.7034817909532123
Bartlein,Bartlein et al. 2011,,pollen MAT,49.0,129.0,-2.7,1.0,-0.2194695901870728,-0.08861371427728602,-0.02591207634767626,-0.5157063896245582,-0.00396563036574254,0.3380536740060014,-0.03565009311868275,0.20995523760227902,-0.03671144581375588,0.1713773933458766,-0.4669047117233276,-0.4746813972813035,0.7941860407590873,-0.1751114286662173,-0.5201344907283784,-0.18802772462368011,0.05249968528747559,0.8959397697448731,0.0024331629276275668,-0.8591210742791494,0.21504347924903489,-0.3902073630584341,-0.3642006456042296,-0.1444660859066182,0.01591053346782861,-0.3927030977134075,0.043967389053160034,0.026581989222772818,-0.24370165532626042,-0.6296798328558599,-0.02082835005389332,-0.6157885540856255
Bartlein,Bartlein et al. 2011,,pollen MAT,25.0,111.0,-4.3,1.0,-0.8610877990722657,-1.8384486609889903,-0.6117725123143174,-0.864089557989017,-0.3936333444383411,-0.2754293698964103,-0.7510043638668933,-0.8807978272147465,-0.8099070456032018,-0.3319648989655443,-0.8393791198730468,-1.2208514844187839,-0.35055622458457736,-0.9271656275867414,-0.6926305770874024,-0.6114961624145507,-0.45360984802246096,0.07309417724609375,-0.6684770584106445,-0.8243792851765951,-0.8323184592559482,-1.135114654238292,-1.1716879153491757,-0.7659395460170451,-0.9366097226617596,-0.9358376286392277,-0.3807803290720053,-0.7757740931669606,-0.6616588762932559,-0.9888719876607259,-0.3082654423183843,-0.7048221270243326
Bartlein,Bartlein et al. 2011,,pollen MAT,-3.0,15.0,0.0,1.0,-0.6305225372314454,-0.5466238272387942,-0.40668636505251027,-0.2910926803880308,-0.5256043116251626,-0.24333766510074117,-0.6347376532896973,-0.323257700080659,-0.634570196760259,-0.4657431012238554,-0.5153312683105469,-0.9353319514719625,0.11682383418083232,-0.5882360841696327,-0.7621688842773438,-0.3605184555053711,-0.3519378662109375,0.011530303955078123,-0.8813011169433593,-0.48296499252319336,-0.3735949199608976,-0.5164719888682145,-0.6254635314382979,-1.323672936206544,-0.49127606967981285,-0.5364775509586676,-0.4502431000452206,-0.519806143827551,-0.4307809513263803,-0.46369759241739883,-0.39163541793823103,-0.3927101771036784
Bartlein,Bartlein et al. 2011,,pollen MAT,37.0,79.0,-1.0,1.0,-0.24895625750223793,-0.9279405488723595,-0.24006817217010853,-0.34378515571517354,-0.5707882638772331,-0.06277149285828681,0.03280217378749943,0.09419497556997994,-0.07631801896167265,0.06716980425988536,-0.6100786328315735,-0.7999210414569797,-0.45524653345346433,-0.500765481753561,-0.9969741344451905,-0.8453433275222779,0.10905609766642252,0.4525006326039632,-0.4269185908635457,-0.6009364525477092,0.040799699146337326,0.8032964137069054,-0.6754803190797004,-0.9570283822020003,-0.494305046596929,-0.7310512114028012,0.19823951081462834,-0.20319390128032563,-0.5622928848593078,-0.8841779450575509,-0.5303848200374178,-0.414815445807245
Bartlein,Bartlein et al. 2011,,pollen MAT,25.0,101.0,-4.6,1.0,-0.9071399688720703,-1.2858049819584356,-0.6953480793559699,-0.7600671362220546,-0.9258064746856696,-0.23062067769632705,-0.625309902490057,-0.7657334648871467,-1.02168383283776,-0.5459542039911485,-1.0482126712799071,-1.5751129584621253,-0.2367781549692163,-1.0013396555829994,-0.6405924797058106,-0.550263500213623,-0.43098519643147787,-0.297989018758138,-0.7005220095316569,-0.6736470858256023,-0.7737137105113084,-1.0733907149636934,-0.8002245036175687,-1.2931520780900452,-1.0699257468445262,-1.3365116557868042,-0.4453242808898224,-0.7652820287791628,-0.5093666582252178,-0.991095511118571,-0.8252913581000418,-0.5665726608700221
Bartlein,Bartlein et al. 2011,,pollen MAT,33.0,-117.0,-10.883,1.0,-0.40676765441894536,-0.47967207823502944,-0.023079813398665806,-0.4918595305351796,-0.3367483329772949,0.25097111593462096,0.31923589831753457,0.08635880226970594,0.06684709421213818,0.03532957700934575,-0.3507815361022929,-0.5322298508081738,0.009596124291420163,-0.041852413922437146,0.0573720932006836,-0.46204605102539065,0.16267883300781252,0.08519874572753908,-0.10768085479736328,-0.512814998626709,0.2121765557704173,-0.3457147358401565,-0.2963855814724407,0.0997318753953462,0.061199725769860824,-0.277660977746619,0.42712943467548864,0.3076056285750975,-0.5660609423496439,-0.5842508316040045,-0.09260965983072954,-0.4089099248250324
Bartlein,Bartlein et al. 2011,,pollen MAT,3.0,11.0,-0.6,1.0,-0.5859145100911458,-0.400713716672757,-0.48103647152614726,-0.44263216383218873,-0.5443926175435386,-0.27184323191573967,-0.15282184884840083,-0.2829297458964796,-0.7165313620775478,-0.5624436355896583,-0.5707220077514648,-0.7285918768054833,-0.1621004581451419,-0.1563899002066309,-0.6025026321411133,-0.3234905242919922,-0.3155000813802083,-0.15867586771647135,-0.7600730323791504,-0.5758199691772461,-0.4644243037490094,-0.5333401355056558,-0.6158045286030326,-0.5381681935197019,-0.5336814761270056,-0.5269660306131292,-0.615657004626404,-0.7033198145414152,-0.6679127504810118,-0.4270789782206223,-0.3649633089701335,-0.5884308624267579
Bartlein,Bartlein et al. 2011,,pollen MAT,41.0,119.0,3.7,1.0,-0.5453524017333984,-0.5780514726449109,-0.16187794190345023,-0.6001792259120882,-0.2607358625200061,0.13626913375389604,-0.18801831259274143,0.1005341442616791,-0.7796645417568594,-0.27189179488944454,-0.7975882828235625,-0.7822526786591674,-0.20003964826464268,-0.3527628195987094,-0.6067142009735108,-0.5540063381195068,-0.20100971221923827,0.469775276184082,-0.09227369944254558,-0.517149806022644,-0.08582353305937998,-0.6013975765770436,-1.1090359721837721,-0.3732195959338469,-0.4238609094271786,-0.9974330597386241,-0.4653356476166029,-0.702565743868168,-1.1081272493941805,-0.8830092695024279,-0.39520510037740114,-0.6279920572704739
Bartlein,Bartlein et al. 2011,,pollen MAT,67.0,67.0,0.9,1.0,-0.002279713948567709,-0.015581818355117988,0.5377830167614828,-0.8261875964790687,-0.43937914530436134,1.119613118848376,-0.11783657154388602,0.1821532548829522,0.4495289744343746,0.8457420041973316,-0.40821466445922855,-0.6815086229070277,-0.19923017808704355,0.6383685587616852,0.5026981353759765,-0.09460268020629883,1.242733980814616,0.914250348409017,0.21710809707641598,-0.2645192941029867,0.1453044312804655,-0.573521384500179,-0.3479842209937647,-0.48135741085207606,0.22205197488752293,-0.015576193365137464,0.5195363422535739,0.09866615115995928,0.02383216163390215,-1.141940487755669,-0.4178490903642441,0.028117207421196968
Bartlein,Bartlein et al. 2011,,pollen MAT,45.0,85.0,-2.0,1.0,-0.35884777704874676,-0.22772844302439166,-0.10312356487626578,-0.5938144894119745,-0.6357727050781264,0.1380666120881695,0.022327393484846362,-0.00241496010804981,-0.5414701122033948,-0.138289158107972,-0.6563557982444763,-0.7315380969840488,-0.44960236176848467,-0.3652542360710591,-0.3430614471435547,-0.10951995849609375,0.15407274166742962,0.422816276550293,-0.1740484635035197,-0.3714374899864197,0.4827549062104999,-0.013634443283081055,-0.8072800579528538,-0.4597847523695826,-0.03682587368000968,-0.17077484110891936,-0.053125176929871336,-0.22214249497907426,-0.3593993624592816,-0.731522798538208,-0.3319091796875012,-0.6654183268547056
Bartlein,Bartlein et al. 2011,,pollen MAT,49.0,135.0,-1.9,1.0,-0.22286899089813234,-0.5167792074362414,-0.04884881185569695,-0.5930543333763567,0.19111764530340633,0.2678986529976012,-0.0233298828421823,0.027418048142437687,-0.15349819927444525,0.26248192995720143,-0.48723793029785156,-0.4670169675770683,0.6886218957602955,-0.27464173727290586,-0.5344675183296204,-0.12468328326940536,0.44896993637084964,0.8428577899932862,-0.03514497131109237,-0.8087223966916403,0.217094823324882,-0.49911560237216657,-0.3739616426395387,0.007076676506800984,0.06998304742258066,-0.33001427274983164,0.045223893576130526,0.05946030476863548,-0.26270756794228106,-0.6030255175299108,0.12742812207175647,-0.688624374071757
Bartlein,Bartlein et al. 2011,,pollen MAT,5.0,9.0,0.3,1.0,-0.7127616882324218,-0.8143413711472528,-0.5020939229828597,-0.4477388447343752,-0.5698078155517573,-0.22679994748620486,-0.18770227223108507,-0.39288614979369385,-0.751310696604879,-0.6126597399802527,-0.6303919792175293,-0.8337192863378214,-0.2435033917427054,-0.3348808813314947,-0.6120908737182618,-0.353099250793457,-0.52908935546875,-0.30032501220703123,-0.7850565910339355,-0.4902181625366211,-0.3628965247168273,-0.5446562663830044,-0.5981053171449713,-0.37195453762755365,-0.6631325699918571,-0.8176269994823392,-0.5609887169903421,-0.6305902164896894,-0.7578298384162335,-0.5449177000257708,-0.4402091874016657,-0.5283684412638348
Bartlein,Bartlein et al. 2011,,pollen MAT,63.0,-101.0,4.807,1.0,-0.13661103566487628,-0.9816278155961571,0.15433375966099677,-0.4434418177037789,-0.03880375862121556,0.5006675825223175,0.30980672130844145,0.2747134052355653,0.01604402296554784,0.2601200289879235,-0.37823452949523945,-1.0526970315272102,-0.029763013066293857,-0.03701545271105224,-0.1943645477294922,-0.05209112167358399,0.9633477783203126,0.5699243164062501,0.14311667124430338,-0.48167145252227783,-0.1103104050908806,-0.5368349246843069,-0.6868181021624267,-1.2395863200656665,-0.2666357795086094,-0.7801326219165896,0.27117018714229973,-0.44093884027774205,-0.20261736075629228,-0.7971343994140618,-0.3729400157928461,0.0751095104217529
Bartlein,Bartlein et al. 2011,,pollen MAT,-5.0,15.0,-1.3,1.0,-1.172811508178711,-0.5170411394982468,-0.43086536400955033,-0.3261888273871505,-0.7126366297403967,-0.2192161794381873,-0.6802496652767204,-0.3112546815712868,-0.9370202288772922,-0.5190652081896011,-0.5778346061706543,-0.961004224120866,-0.2908613681793202,-0.643262045110792,-0.8093471527099609,-0.48729896545410156,-0.3917083740234375,-0.1848278045654297,-1.0454893112182617,-0.4190449714660645,-0.35310878035147875,-0.5581125678626058,-0.6567794914045224,-0.9674985638400723,-0.5241999425763463,-0.5807912516818403,-0.5530630448716121,-0.6179839985665577,-0.3766926875261407,-0.5453440878126349,-0.6542210049099392,-0.45917145411173493
Bartlein,Bartlein et al. 2011,,pollen MAT,47.0,123.0,-2.7,1.0,-0.23630797386169433,-0.36853058950841855,-0.03114411908099127,-0.507509045758276,-0.05794676171408774,0.34403077933722503,0.09782168101251164,0.2562281541921215,-0.3721204600789555,-0.06173728255480762,-0.49242691099643704,-0.5495501026443319,0.40188533738255705,-0.19654168915400722,-0.6160319328308106,-0.24375210106372835,-0.4358577048778534,0.3850990915298462,0.049352985918521886,-0.6167822579542797,0.13541573498005371,-0.37700805361371104,-0.5437045479369176,-0.10524518772199279,0.015633731964775674,-0.4280773795347732,-0.09739221692471117,-0.1291265986423343,-0.6079228203798384,-0.7102278868357331,-0.20993155903286245,-0.6628516734970941
Bartlein,Bartlein et al. 2011,,pollen MAT,49.0,-57.0,0.887,1.0,0.3171197700500488,-0.422509706784837,-0.17943870809580664,-0.5288651763859409,0.07821782403522089,0.384108765745301,0.2389778524806543,0.3040008281442172,0.1646901617735041,0.5687643785980802,-0.44067576676607134,-0.44300077945719857,0.7120438605547015,-0.08244918012900923,-0.2379486083984375,0.8712731838226319,0.5493572998046876,0.5654804658889772,0.4934829473495484,-0.38966784874598187,0.22412503391157843,-0.34663821922405225,-0.35267049846407855,-0.5073224567241496,0.002660536330425546,-0.40174273415169304,0.2567051590871545,-0.1904900159502867,-0.4419165199671806,-0.638257621394263,-0.20523093210326304,0.2275817145241633
Bartlein,Bartlein et al. 2011,,pollen MAT,7.0,-1.0,-0.3,1.0,-0.8158565775553385,-1.5821391576156936,-0.6621854415845024,-0.7343474620723908,-0.8760736719767251,-0.3187377636909686,-0.38056595103941115,-0.6783551639711602,-1.13360747262212,-1.3748068195954954,-0.9788729667663574,-1.0646081314636968,-0.6792868614196756,-0.552528999933356,-0.8786483764648438,-0.6888992309570313,-0.3725465393066406,-0.2430052439371745,-1.203877944946289,-0.8213518460591634,-0.6119448779610207,-0.6693827845820897,-0.9015008385092587,-1.9049437501619997,-1.1521128145193131,-2.0920423493723432,-1.4900554482351744,-0.8375094196288162,-0.9773466331726149,-0.7400826666090234,-0.6198358217875177,-0.763314446343316
Bartlein,Bartlein et al. 2011,,pollen MAT,21.0,29.0,1.6,1.0,0.18718772888183594,-0.8740830682633733,-0.12673999276928752,-0.17896891308746088,-0.4550390116373696,0.14569957979988854,-0.3378748797748707,0.05928454367246971,-0.3903030726499454,0.1935932762340143,-0.40124902725219724,-1.034723000502882,-0.25096713900566087,-0.8893453983741869,-0.7299924850463867,-0.44013404846191406,0.44717435201009115,0.44929743448893233,-0.10769694646199543,0.33898448944091797,0.291477355151944,-0.035798886617024746,-0.7085909085351927,-0.5446434115955324,-0.25831003867380486,-0.34047672883676017,0.06609525687354349,0.016302807597265555,-0.44059124385032394,-0.39694455464680917,0.2381375630696615,-0.17857729593912747
Bartlein,Bartlein et al. 2011,,pollen MAT,71.0,-69.0,7.621,1.0,1.4600430297851563,-0.6811169573964886,1.5608092504530595,0.4433160388834399,0.5254908773634168,0.9566831804491363,0.8844350598676669,0.8652200553586261,0.9100330443719347,2.228408785889388,0.3208715438842773,-0.8154281773886303,1.18243708186459,0.7533479315791227,0.2957483291625977,0.3918312072753906,2.564287796020508,1.7496797561645512,1.4429227066040038,0.5216178894042969,0.5028391177160038,-0.011982371860651733,-0.11566507808599621,-0.36426214900999887,0.06195022894589695,-0.16624257391669886,1.1698051916243162,0.06453118682083042,-0.4854403065682258,0.007221174240112295,0.4359752972920735,1.9348965072631805
Bartlein,Bartlein et al. 2011,,pollen MAT,-29.0,29.0,2.7,1.0,-0.4850405883789063,-0.2262473193527343,-0.4700455488872391,-0.3096957146275661,-0.1410321182674829,0.02975332349350457,-0.18240998095253785,-0.036824316557821694,-0.4473927342585561,-0.12595992817341323,-0.5355768680572509,-0.9833732870085513,-0.09878685474395715,-0.439325616891582,-0.5265277862548828,-0.7152053833007812,0.06294967651367188,0.052733103434244796,-0.38988345146179193,-0.28632307052612305,-0.20294562264054905,-0.5494811916505005,-0.3125292827268138,-0.22602935131221472,-0.33203533856196454,-0.3496070796324996,-0.1976965368356517,-0.3501522845417272,-0.1428106160403297,-0.47514646318223736,0.12310557895236543,-0.3207045184241401
Bartlein,Bartlein et al. 2011,,pollen MAT,53.0,-115.0,-8.244,1.0,-0.1874334176381429,-0.2553654224792378,-0.02072315393364591,-0.3474031855183384,-0.018644579251607007,0.5255007270712527,0.690076652757144,0.48524364227207956,-0.0989765248963206,0.18771834815898383,-0.14422582834959013,-1.007193840013765,0.23576812641695138,-0.10196210981085625,0.1741138994693756,0.12087345123291016,0.2733688036600749,0.3860004901885986,-0.33343421866496403,-0.6044000138839086,0.09326728948027375,-0.4527381870845232,-0.34862672921326143,-0.5377379925335734,0.17454544671584982,-0.30862878789110043,0.0850276322765995,0.0018604886564533504,0.11934668714968844,-0.5199372039900885,-0.24841535753673977,-0.3168613127536245
Bartlein,Bartlein et al. 2011,,pollen MAT,59.0,-75.0,-1.4088,1.0,0.24530467987060547,-0.7580927022726438,0.22905977233979471,-0.6405562160232702,0.2184793949127198,0.4001840276768395,0.18743825661602798,0.5395114161897884,0.1786315049287145,0.6885029289619055,-0.38034796714782715,-0.658242632959557,0.3189009070396439,0.1739345404550103,-0.009055614471435547,0.1937704086303711,1.3836954116821292,0.9902877807617188,0.5757072687149047,-0.23547673225402832,0.09413586545985218,-0.4802343705722213,-0.4215326008078587,-1.660915761258715,0.039489459140271875,-0.4050172769069865,0.4944616192959882,-0.41057904492197156,-0.23246561156855633,-0.46011486318376293,-0.14176495869954386,0.331017441219754
Temp12k,Temp12k (Kaufman et al. 2020),,multiproxy,-79.5,-112.5,0.564948309,1.0,0.20847129821777344,0.6231956447022867,-0.00018831461397871235,0.007914408079584186,0.1298183123270671,0.11143377950791343,0.937679708592549,0.32219582137656344,-0.20671025736888457,-0.03704808257583609,-0.4389991760253906,-0.6766632992494956,-0.06832226146307149,0.004358650018868603,-0.6628108024597168,0.7066755294799805,0.47239837646484373,0.3943641662597656,0.3129831314086914,-0.49227166175842285,0.482646178990318,-0.342230157998484,-0.44444966902340016,0.38754182841548823,0.26878385455664966,-0.026606183813064146,0.20393724511183037,0.5374598486485812,-0.27627683972810707,-0.07212003072102863,0.2665009498596191,0.44183793067932137
Temp12k,Temp12k (Kaufman et al. 2020),,multiproxy,-78.5,108.5,0.13456121,1.0,0.06345418294270833,0.05391753615504541,0.07719094647594225,0.0009250745992270496,-0.02111356099446616,0.4288206431645808,0.6837005647376521,-0.06970043803324849,-0.33310774830400536,-0.2257669607827915,-0.15803985595703124,-0.42825439733137466,0.08709253939548278,0.08709070180851981,-0.4303718566894531,1.053659439086914,0.43579544067382814,0.8668739827473958,0.31155161539713544,-0.04486926396687826,0.1718369350895107,-0.039294223871269414,-0.19272799961918258,0.3575377853119748,-0.00308366164941996,-0.15529594169769442,0.18177241735815272,0.017185327630707858,0.2570912949201129,-0.19915351867675793,0.10512382719251849,-0.31991390440199097
Temp12k,Temp12k (Kaufman et al. 2020),,multiproxy,-77.5,39.5,-0.154090909,1.0,-0.0618792215983073,0.0660176251703095,0.1830792179020235,0.26996672156348833,0.015084997812906896,0.5380468056962319,0.8972700568920148,0.235194697868354,-0.13555356473184116,0.013916194184023681,-0.014328002929687502,-0.2977966491301875,0.0680730018980958,0.05311821562730979,-0.558033275604248,0.469904613494873,0.5233492533365885,0.9877225240071614,0.21382160186767576,0.2644232114156087,0.11004765164473718,0.11887273643576858,-0.2818688738265525,0.3843779928871049,0.18579468571070493,0.021234989143488307,0.14640994565796156,-0.04785497372250507,0.32929581850775674,-0.25230790244208395,0.09897233115302193,-0.1463139851888013
Temp12k,Temp12k (Kaufman et al. 2020),,multiproxy,-75.5,123.5,0.081796061,1.0,0.08583913167317708,-0.1848494089972917,0.038573856505045384,0.11265773838046056,-0.01347094429863823,0.5151683602311885,0.789350614945679,0.24792497148041232,-0.39226313400528245,-0.12549296869088963,-0.18932952880859374,-0.5188138466515944,-0.019969539151505674,0.09382267367175279,-0.8080077171325684,1.0234966278076172,0.6022799173990885,0.8597765604654948,0.37999691009521486,-0.011213302612304688,0.26316383077537253,-0.01886240078608558,-0.27229983503834365,0.38623462136124564,0.22626560250508418,-0.19689260048352544,0.21892907241276097,0.05274382951091376,-0.0006465008473010058,-0.1210588349236383,-0.01609410179985893,-0.11980151070488855
Temp12k,Temp12k (Kaufman et al. 2020),,multiproxy,-74.5,97.5,-0.156755653,1.0,0.20415420532226564,-0.029264534613364226,0.21776517049241353,0.1053688704828045,0.09367429945203992,0.5264758357857087,0.7613785729199926,-0.3249586650216754,-0.3149035640933202,-0.2171214212469547,-0.11266899108886719,-0.4899261032403799,0.026476320719135325,0.0009187298485418775,-0.5505638122558594,1.3314776420593262,0.5596206665039063,0.8172462463378907,0.3144340515136719,0.07474692662556966,0.22969011990152421,0.013213381602078383,-0.4781509380337794,0.36425712003325683,-0.017365028307687984,-0.2552201817191155,0.21075132395995186,0.10651656330408872,0.34512555645640086,0.0007112820943197262,0.20112800598144537,-0.07673500908745687
Temp12k,Temp12k (Kaufman et al. 2020),,multiproxy,-66.5,112.5,0.095,1.0,0.2266773223876953,-0.41693346356501865,0.14384865717811746,-0.0024090343171584132,0.001209010018242844,0.24829291407030382,0.7587804946414121,1.1238562403920318,-0.5248225870454006,-0.2730804880235723,-0.39775943756103516,-0.6949824860237874,-0.058976625546042535,-0.0412423061111334,-0.6041160821914673,-0.47084516286849976,0.5352005004882813,0.7535190582275391,0.07500367164611817,-0.23331419626871747,0.03809355768984049,-0.2842285709887134,-0.74613391210634,0.5559754380700355,-0.23824395757945163,-0.48048913491355705,0.30827454555364897,0.08296474492094827,-0.18908634570046104,-0.2154041926066086,-0.25993069012959824,-0.007675022549099316
Temp12k,Temp12k (Kaufman et al. 2020),,multiproxy,-66.5,138.5,0.804,1.0,0.03184875488281251,-0.16682374557899463,0.13923791999747334,-0.05482777980034735,-0.06948167271084249,0.3869643682846401,0.1663755194111396,0.5631451683662494,-0.3039681051051961,-0.08936299348125575,-0.17226362228393555,-0.6798617408397056,-0.0168061132399446,0.18142220966824069,-0.5878647327423095,-0.01854820251464845,0.2647132873535156,0.2103975677490234,-0.023587328592936208,-0.24642844994862872,0.10730225878708384,-0.1648409421940384,-0.6709484409181163,0.5763096803214123,-0.16221203461482936,-0.344271589946657,0.3570934003872321,0.05391103877179149,-0.36550593113351293,-0.301701121860081,-0.360772127575345,0.022575319078233493
Temp12k,Temp12k (Kaufman et al. 2020),,multiproxy,-64.5,-64.5,0.210747588,1.0,-0.07605758666992186,0.5484753776079501,-0.045567172069940216,-0.3338977052689772,0.49666140158971234,0.2191295657300697,-0.28710164634677066,0.23070963485133428,-0.05326044979381777,0.08243250144599346,-0.36400876045227054,-0.7382038947664473,-0.3443178062327955,-0.2035378698032169,-0.6482231751084327,1.7362949252128599,0.44048548698425294,0.21396088600158694,-0.13005162239074708,-0.9144654646515846,0.21033553120219653,-0.37743079239541594,-0.12310873056012334,0.5241569977819548,0.11694026584000458,-0.015837462441767047,0.4887930588348654,0.3260641233460665,-0.132497488590822,-0.5340385079383851,-0.426364221175512,0.3809128729502363
Temp12k,Temp12k (Kaufman et al. 2020),,multiproxy,-64.5,-57.5,0.630609091,1.0,-0.6248767852783204,-0.18069705552284798,-0.3653801672916541,-0.803058787727251,0.006988354523977262,0.32154867029620005,-0.5989904233016943,0.133727810437629,-0.05955802368755695,0.17497330968290217,-0.31233692169189453,-0.5779794691259377,-0.7848164442291452,-0.3549624003745465,-0.7173110544681549,0.8928445279598236,0.6581885655721029,0.310931650797526,-0.5272652943929036,-1.2567420601844788,0.02778372758779281,-0.5422788553182382,-0.5076623997598606,0.7720928962826445,0.039537973039471465,-0.05661435730549712,0.4010860850159293,0.026948076241286516,-0.20024937433379628,-0.767412841320038,-0.7322044173876447,-0.10388719240824347
Temp12k,Temp12k (Kaufman et al. 2020),,multiproxy,-54.5,-69.5,-0.064321429,1.0,-0.38475273132324217,-0.2654126151443295,-0.2070005277775616,-0.31045799148884856,-0.09039732111824897,-0.03478372378953714,-0.04084187042877799,0.07258663055647491,-0.2609666576656881,-0.16854862639407292,-0.27262325286865235,-0.537434304811897,-0.3039692293852568,-0.1422405102589671,-0.4844532310962677,0.21453150510787963,0.018758099873860675,-0.026615098317464194,-0.2568272018432617,-0.36928089459737146,-0.08606955587288469,-0.37205827790071205,-0.30291336734197555,-0.013193055461765808,-0.17697150617352447,-0.3072822970496681,-0.07762311586909333,-0.05464050737120643,-0.38002280556203843,-0.3506323377291362,-0.34047663211822515,-0.10200843135515861
Temp12k,Temp12k (Kaufman et al. 2020),,multiproxy,-53.5,-58.5,1.865681335,1.0,-0.276710376739502,-0.16725515754568065,-0.07435414640189031,-0.23642396151015338,0.008087474505106555,0.11108482429966025,0.009371605725822558,0.11163746171937845,-0.10930993856994502,0.020990689839379177,-0.1835482120513916,-0.4591106267839924,-0.23094217106699938,-0.1554948757842263,-0.48644025325775153,0.23156167268753053,0.1133486557006836,0.05402809143066406,-0.0969910669326782,-0.226894478003184,-0.04192041386522965,-0.21142251902202447,-0.26963933166550225,0.038869258991801055,-0.07179036229479374,-0.2234988294952105,0.004923865641813579,0.003129286692410118,-0.30402046013788886,-0.372509162955814,-0.2175090312957764,-0.00722035500738363
Temp12k,Temp12k (Kaufman et al. 2020),,multiproxy,-51.5,-70.5,1.689547619,1.0,-0.40593782424926755,-0.4084492607847325,-0.2530195359818411,-0.235645701946245,-0.16388609568277995,-0.01986634925008348,-0.0334180707438606,0.020595585669992585,-0.2795391567039783,-0.15867930950518613,-0.2868309020996094,-0.6159113422019841,-0.29305944442749016,-0.1271203043405578,-0.47583739757537835,0.13052563667297362,0.0016934204101562511,-0.09950965881347656,-0.3797941732406616,-0.40702372789382935,-0.17330047716311409,-0.3998228103248897,-0.3080173865312863,-0.11088354663015643,-0.2319217619006812,-0.3340691135760002,-0.09930956670945444,-0.1443283660191503,-0.3123925899983189,-0.36909904612435235,-0.38360716369416975,-0.16500833100742765
Temp12k,Temp12k (Kaufman et al. 2020),,multiproxy,-50.5,6.5,-1.726966667,1.0,-0.17223803838094076,-0.16193436402528652,-0.031607043210281585,-0.16008033342669425,-0.16540822876824274,0.1989457665353615,-0.03332803113773661,-0.06265517180740351,-0.21287905425003797,-0.11823122903109207,-0.21383590698242189,-0.5864302995178163,-0.3188014168292284,0.10412341459059865,-0.5956563055515289,-0.23281403779983526,0.1445322608947754,0.12802667617797853,-0.2001931126912435,-0.07934975624084473,-0.03241931598915,-0.18783947164169057,-0.4878423243795192,0.4384695520026963,-0.027338263087936174,0.04042123343808204,0.0979131377061308,0.02995041412225854,-0.0004840235452796158,-0.43957704752683635,-0.28749075399504764,-0.15511121332645417
Temp12k,Temp12k (Kaufman et al. 2020),,multiproxy,-46.5,167.5,0.993306667,1.0,-0.31977373758951827,-0.05492282442895759,-0.05092466806201318,-0.11687794911858862,-0.13314193089803072,0.009595386014092027,0.035170396782756894,-0.016133577178049193,-0.3345777957984911,-0.3440129178199696,-0.3210105895996094,-0.4963732078600015,-0.2673272896558045,-0.0805041822403135,-0.4403764009475708,-0.2861977815628052,0.045495796203613284,-0.011998558044433597,-0.3001143296559652,-0.23539292812347412,-0.0673941428407123,-0.3046611604951862,-0.31932754851858647,0.02110238020835685,-0.04784901386767262,0.054307968832706104,0.005677653565213104,-0.07116484015872133,-0.010909027072054042,-0.325656056404114,-0.23035748799641942,-0.31644368966420483
Temp12k,Temp12k (Kaufman et al. 2020),,multiproxy,-46.5,169.5,0.31855,1.0,-0.31301116943359375,-0.07388069200457974,-0.04474848295666913,-0.10560085317229394,-0.17265831629435247,0.033716010953865796,0.013186086884343813,-0.020499821373038813,-0.3100396765216905,-0.32926539794929033,-0.27814540863037107,-0.49620504677310356,-0.23286292739212505,-0.08513482259453993,-0.425452709197998,-0.31147191524505613,0.045214347839355476,0.012426414489746095,-0.261449875831604,-0.2510340213775635,-0.06715093676293475,-0.2703466680581234,-0.2913299401638626,0.016231059158770794,-0.06768118303990801,0.016217159622198007,0.008876037708771439,-0.09087647258008716,-0.014585284743713409,-0.3025033871332806,-0.20426003138224305,-0.32156551520029697
Temp12k,Temp12k (Kaufman et al. 2020),,multiproxy,-45.5,170.5,0.30693,1.0,-0.34943820953369137,-0.0957901692900673,-0.04096650274192685,-0.09067261631391028,-0.2732285136646694,0.04230074262180388,-0.028551705680384478,-0.025235358095080974,-0.2596999895874502,-0.31398075170384465,-0.29947938919067385,-0.4902801936675675,-0.2166224993765354,-0.09050108500771856,-0.43791818618774414,-0.3736820459365845,0.03288981119791667,0.014547170003255207,-0.24227683544158934,-0.2962019046147664,-0.0823490816734093,-0.3111464315671071,-0.2818113485949211,0.006895192225263681,-0.09365795259349323,0.004640503176510731,0.001755906774253437,-0.11724002448233889,-0.015324998274804637,-0.3144340700573392,-0.22531172964308,-0.32594211631351055
Temp12k,Temp12k (Kaufman et al. 2020),,multiproxy,-43.5,167.5,1.24666868,1.0,-0.355727767944336,0.0017163157812963303,-0.05460640758942505,-0.11559262688149029,-0.22518219153086344,-0.04219116724394505,-0.03707222977145959,-0.027075474986828926,-0.3256340787753512,-0.36106540189139336,-0.37595224380493164,-0.5069432986982325,-0.32547741010785114,-0.08277595820324854,-0.46345770359039307,-0.34854304790496826,0.01927140553792318,-0.0634955088297526,-0.3490976492563883,-0.2928880453109741,-0.09983069780749743,-0.3433949143875194,-0.34233246963408626,-0.007734404036241994,-0.0641716744792131,0.07452074546287431,-0.0017751202893207117,-0.11018304105074896,0.044779077036665206,-0.3786101738611858,-0.26895948251088464,-0.32229105631510413
Temp12k,Temp12k (Kaufman et al. 2020),,multiproxy,-41.5,-74.5,0.581884799,1.0,-0.30316439310709636,-0.5070046808525059,-0.2272847736809444,-0.2318858802696401,-0.13368957784440785,-0.026244923989735058,0.11770525863770852,-0.10451584855206482,-0.23496194385236097,-0.12702983924501227,-0.19027833938598632,-0.5465054817307478,-0.20657850727438928,-0.1007228076386966,-0.4768502950668334,0.11701815128326415,0.03722777048746745,0.06176677703857423,-0.22289392153422039,-0.40399444103240967,-0.3047240918101995,-0.3628681618659453,-0.44427489068420534,-0.14489668176423107,-0.1964487197107902,-0.35733177017561085,-0.13830085642455445,-0.18486386480647873,-0.20181208978997633,-0.2950646824306912,-0.28840049372779,-0.2544598653581407
Temp12k,Temp12k (Kaufman et al. 2020),,multiproxy,-40.5,172.5,0.142709538,1.0,-0.4582792282104492,0.009968053908513592,-0.06585810058217474,-0.1158172879827457,-0.3208155632019043,-0.043438273817192584,-0.16396382781834065,-0.018877862986765304,-0.29392952889308477,-0.316346630762011,-0.4017958641052246,-0.520260651662326,-0.2046218961477282,-0.09508035430270205,-0.44280076026916504,-0.4676320552825928,0.021352577209472656,-0.05281867980957031,-0.35452089309692386,-0.299613356590271,-0.1096577733073376,-0.3788535665792394,-0.29285904581235545,-0.043456083519647165,-0.19039015626779207,0.0030108061360877526,-0.009616445060705288,-0.1904550355219858,0.016568061110878086,-0.41639673709869385,-0.3605383634567261,-0.3036510705947877
Temp12k,Temp12k (Kaufman et al. 2020),,multiproxy,-37.5,175.5,0.088868182,1.0,-0.520566749572754,-0.0684061014018757,-0.10812768280749138,-0.12346414189567098,-0.37296955585479735,-0.05743650967183681,-0.20205862734899452,-0.029734709170809205,-0.27472906734726404,-0.25315536169290276,-0.38288249969482424,-0.5577946620583071,-0.07444360852241518,-0.12798954958065797,-0.43086373805999756,-0.48871128559112553,0.04765815734863281,-0.08028678894042969,-0.3395615100860596,-0.2506539821624756,-0.11257548606684639,-0.38617052473871455,-0.28918808410424585,-0.09743562486955024,-0.21192251716336485,0.03334431415919566,0.009839639809193524,-0.24309080282222065,0.056357170136062,-0.41281088193257653,-0.40257465839385986,-0.2170580863952637
Temp12k,Temp12k (Kaufman et al. 2020),,multiproxy,-36.5,136.5,0.643266512,1.0,-0.1528103256225586,0.08460728159589825,-0.11780797416124802,-0.16984048603728952,-0.032736725277370884,0.07270723914303813,0.316009878646634,-0.10741582636707224,-0.16740943100118036,-0.12622927540590895,-0.3885272979736328,-0.4752630173721047,-0.08942656368017197,-0.09923969853910415,-0.41584708690643307,-0.3199687242507935,0.12065803527832032,0.13048931121826174,-0.0870467185974121,-0.1288216511408488,-0.09208844865104823,-0.29616314808746463,-0.41791168533194323,-0.10778167404031358,0.008530668181037098,-0.033728646089935505,-0.04805934482989636,-0.022164249512855692,0.18822036110954313,-0.33428084850311257,-0.03611954053243006,-0.14351646264394124
Temp12k,Temp12k (Kaufman et al. 2020),,multiproxy,-36.5,174.5,-0.57,1.0,-0.5259708531697591,-0.02953477055944326,-0.11101010247848,-0.12309447153954878,-0.3587720590167575,-0.06396633300367599,-0.22783490345512286,-0.03979554386065384,-0.25616968083321706,-0.27242421125736116,-0.3831764221191406,-0.561539249011248,-0.2634302958846092,-0.12721013709340576,-0.4245929479598999,-0.5344575881958007,0.045097732543945314,-0.1039996592203776,-0.34210430463155106,-0.2615371147791545,-0.1290615097326665,-0.39398768739004786,-0.2960931832930428,-0.08276003329090524,-0.24934251296610352,0.04812931549060468,0.008542273469416056,-0.2534349612642271,0.07183632951716587,-0.43224379221598314,-0.4093669732411702,-0.19765073458353677
Temp12k,Temp12k (Kaufman et al. 2020),,multiproxy,-36.5,177.5,1.79,1.0,-0.5487811406453451,-0.19572351837791413,-0.14673568061529058,-0.13520079816335479,-0.30544891357421877,-0.046045137433608004,-0.21431570426231955,-0.047774552115285335,-0.2051899098683271,-0.20293799204735768,-0.3414902687072756,-0.5750754359595653,-0.22245873510837577,-0.1368173169023056,-0.41973257064819336,-0.44970250129699707,0.02131614685058594,-0.12532679239908853,-0.3171763261159261,-0.2524762550989787,-0.1292738620556616,-0.3226216002148757,-0.2746212071652837,-0.11058727934958057,-0.1906918530584158,-0.001555262382533831,0.01416214931906695,-0.2827582291563604,0.04466804397169461,-0.3916903601752387,-0.3870294623904758,-0.16162933773464627
Temp12k,Temp12k (Kaufman et al. 2020),,multiproxy,-34.5,17.5,-0.127992982,1.0,-0.3965220133463542,-0.3081563954845198,-0.25845131447997655,-0.27211965465007526,-0.265133794148763,-0.13618439648775071,-0.05772657346663442,-0.43195029087630815,-0.3024905673705917,-0.22954832249512092,-0.4650239944458008,-0.7218286421000036,-0.46232988834381095,-0.4123228968348856,-0.4544651508331299,-0.5064946413040161,-0.0023343404134114516,0.012083943684895841,-0.3017372449239095,-0.3278684616088867,-0.77537998349362,-0.48412242225237484,-0.5168164205335383,-0.5258535239239297,-0.32013770718914325,-0.3631710809104068,-0.13576076822894534,-0.3885582216623771,0.033333861504701925,-0.45947178204854333,-0.3491053581237793,-0.33306468327840166
Temp12k,Temp12k (Kaufman et al. 2020),,multiproxy,-33.5,22.5,-0.261833333,1.0,-0.5509500503540039,-0.40854558681424136,-0.35787031459435914,-0.5268249352056945,-0.2913566642337375,-0.09782189951121625,-0.1596329886129181,-0.40815001926728645,-0.6668992578186937,-0.19949943933346959,-0.5866026878356934,-0.8644822729922831,-0.4948093399405479,-0.47035824654685565,-0.5883092880249023,-0.8020763397216797,-0.12815914154052735,-0.12810001373291016,-0.4783790111541748,-0.43177163600921636,-0.5527129985515007,-0.6307738831354519,-0.5609134269827181,-0.8064731325878771,-0.3729719208921678,-0.5064440470751397,-0.20455950449312987,-0.36783547382677706,-0.04147289301727869,-0.5298217799928454,-0.6058101918962271,-0.3775639613469442
Temp12k,Temp12k (Kaufman et al. 2020),,multiproxy,-32.5,-72.5,2.684624283,1.0,-0.35614426930745446,-0.6840288074086706,-0.20618621537008963,-0.231332768631376,-0.345641983879937,-0.0046236995194978425,-0.0019966986087013427,-0.20895109931790598,-0.297349975254188,-0.15930916851413618,-0.18240928649902344,-0.6774386931240459,-0.22933127731084826,-0.21730083192128588,-0.31698381900787354,-0.06549310684204102,-0.044694582621256515,0.07880878448486328,-0.4385809898376465,-0.46505558490753174,-0.2472808015609209,-0.3548118869210388,-0.5210963196415433,-0.5033446437657758,-0.26071785298460487,-0.4076828269375292,-0.19750237899983897,-0.2959506969847626,-0.18842357514499394,-0.23727477921379933,-0.3332140710618761,-0.35494471920861137
Temp12k,Temp12k (Kaufman et al. 2020),,multiproxy,-29.5,19.5,-0.814257005,1.0,-0.8004998016357422,-0.582553042761599,-0.46908553261651764,-0.40011661417121275,-0.494077205657959,-0.11864713465948662,-0.35638449018869034,-0.4321558412864261,-0.8737633910398953,-0.20397191700002695,-0.7629783630371094,-1.1007827980933336,-0.5268822848796845,-0.5571013270885199,-0.6950631141662597,-1.2649167537689208,-0.2714419555664062,-0.2588996124267578,-0.6233417892456056,-0.5983739296595255,-0.5224740035817679,-0.6668535199028519,-0.694490197523686,-1.0364912332710767,-0.36445100820460147,-0.5066220638504979,-0.1921643861457702,-0.4025133898244838,-0.08129287886438766,-0.6042571491665311,-0.7073310799068875,-0.34968816545274517
Temp12k,Temp12k (Kaufman et al. 2020),,multiproxy,-27.5,28.5,0.444215571,1.0,-0.4105859756469727,-0.11907688709319575,-0.5055580858856201,-0.31359342056167466,0.5176406039132017,0.10653433273078669,-0.20737712831924232,-0.014997867006207711,-0.42999975362854165,-0.057386224375824205,-0.43187484741210935,-1.0259943835183551,0.06828194111585653,-0.42212564782438344,-0.5300686359405518,-0.7413487434387207,0.14341793060302735,0.08824634552001955,-0.3798521995544434,-0.2136777639389038,-0.11073498042105856,-0.5101668369130945,-0.2985349696281318,-0.12790973516393692,-0.298128879437468,-0.33644026926519277,-0.1516973953846407,-0.2704210092449616,-0.1434567571812695,-0.4407580614089964,0.07116337352328747,-0.27807592550913496
Temp12k,Temp12k (Kaufman et al. 2020),,multiproxy,-25.5,-45.5,0.711791667,1.0,-0.5664238230387371,-0.2824080317727349,-0.11301881994795591,-0.20139238090280281,-0.3281183433532715,-0.001691839228962485,-0.03617898171096071,-0.11597200992771199,-0.38059637459405177,-0.29503042581781436,-0.4164073944091797,-0.6616340176775206,-0.13513292223215126,-0.17087428200915913,-0.24505376815795898,-0.3144206523895263,-0.03433425903320313,0.05517201741536459,0.0029303487141927103,-0.3734700679779053,-0.09896915897820155,-0.44531976788479244,-0.4754802694601181,-0.11405336387635759,-0.19971480005673145,-0.3514643251061152,-0.2380319709336663,-0.1436039285547797,-0.09045234834210399,-0.2534788131713867,-0.14767289161682126,-0.205345827738444
Temp12k,Temp12k (Kaufman et al. 2020),,multiproxy,-25.5,13.5,0.720837222,1.0,-0.5103242492675781,-0.40895027876113765,-0.41856046016200854,-0.30623682347108416,-0.31111598650614425,-0.30275680388189874,-0.06981422128285632,-0.3289206341913325,-0.42321513445664266,-0.2924530685042753,-0.4561830520629882,-0.856390595596006,-0.4857153281569482,-0.555385852391035,-0.4031665325164795,0.6155272006988526,-0.42044548034667967,-0.3138714599609375,-0.686075782775879,-0.5751652717590332,-0.4331062129214074,-0.5525626252587446,-0.5673145376331319,-0.4570213230820954,0.0023697514470755066,0.20945661686594316,-0.16773621969588084,-0.27421542900005247,0.2616777793256468,-0.44362505276997877,-0.7352121353149412,-0.3359927558898926
Temp12k,Temp12k (Kaufman et al. 2020),,multiproxy,-25.5,153.5,1.35,1.0,-0.5669355265299478,-0.4089239071961758,-0.22345890976845872,-0.10010766554809694,-0.26645454406738284,0.1272623428624398,-0.2286988225747981,0.06674952520973665,-0.18080825300169223,-0.22693878450185317,-0.28418636322021484,-0.7025465663906457,-0.24769483059644706,-0.31488457944534715,-0.34667711257934575,0.06870913505554199,0.005344492594401044,0.06320205688476563,-0.20028818130493162,-0.20789647102355957,-0.2389816820422366,-0.31523089275643856,-0.35608593244594466,-0.26256269510927904,-0.2795037639747777,-0.2894798184735424,-0.09732396185378438,-0.35059555890536787,-0.10038975375846704,-0.29721433321634927,-0.24473458925882974,-0.05522939364115394
Temp12k,Temp12k (Kaufman et al. 2020),,multiproxy,-24.5,28.5,0.676458333,1.0,-0.14750366210937502,-0.16578454546499316,-0.4746441009743847,-0.7552643239139734,0.23121926943461196,0.1704698282508603,-0.257967523333591,0.014457748135781573,-0.5246290691688904,0.03067589153581121,-0.32130565643310544,-0.9937466249255347,0.14242110773920977,-0.25889360137217543,-0.5254285335540771,-0.8367359638214112,0.3088719177246094,0.12934783935546879,-0.3173500061035156,-0.12044556935628256,0.020082859757641174,-0.3987068168371393,-0.1396077788569391,0.11778054907593508,-0.20706092162336429,-0.4392768321417782,-0.11824697685171404,-0.24767627189514596,-0.19103950825016883,-0.31923298305935316,-0.10337905353969974,-0.2207677099439833
Temp12k,Temp12k (Kaufman et al. 2020),,multiproxy,-23.5,12.5,0.528208652,1.0,-0.5629216512044272,-0.3777655347943849,-0.4600309764736924,-0.3578321272410237,-0.32135196791754833,-0.32949493264938057,-0.12297892528212735,-0.3107383567099381,-0.45651635890238124,-0.3017653229671365,-0.5078220367431641,-0.8535707193614246,-0.47127703726291653,-0.5502363827681316,-0.3916163444519043,0.8006505966186523,-0.4289429982503255,-0.2999216715494792,-0.7126996040344239,-0.5661697387695312,-0.3585956879814291,-0.5478220629551092,-0.5652400464921125,-0.4292901910215645,-0.01971349628149087,0.23678892827026612,-0.1675134220700461,-0.2815297324363349,0.14520201190159177,-0.3927081690894232,-0.7616605228847928,-0.3909384409586588
Temp12k,Temp12k (Kaufman et al. 2020),,multiproxy,-19.5,37.5,0.36067355,1.0,-0.5285964965820313,-0.4732010429271102,-0.26097911902580845,-0.16858731234566768,-0.39745567639668783,-0.05926326024745039,-0.30912918366597636,-0.024509346590019937,-0.35749797158166263,-0.2371077076034295,-0.44385814666748047,-0.6721742404451186,-0.46426343321800223,-0.1063426903794218,-0.4734182357788086,-0.18346858024597168,-0.04940032958984375,-0.013621139526367189,-0.41256361007690434,-0.26134705543518066,-0.30008672933202896,-0.4615406350689075,-0.4669362522769286,-0.025885774090318392,-0.35854777555746203,-0.42618616789968516,-0.2605430481527387,-0.4323073868006792,-0.3138590552000385,-0.28034472465515126,-0.27480816841125494,-0.23426431020100913
Temp12k,Temp12k (Kaufman et al. 2020),,multiproxy,-18.5,37.5,0.253029055,1.0,-0.537179183959961,-0.3256069218723674,-0.25924761174503774,-0.1474447522285396,-0.42723760075039346,-0.047044391186974496,-0.28812874600773425,-0.017312510927450165,-0.3548717690254897,-0.22684734817820423,-0.4248037338256836,-0.6725112008300601,-0.4318953111767768,-0.10886485226654329,-0.49223875999450684,-0.1465914249420166,-0.016342926025390628,0.05284576416015625,-0.42819652557373045,-0.19168591499328616,-0.2769749140091138,-0.4546054463950555,-0.497456346399566,0.14813321375609725,-0.35145934814124086,-0.38774075079045356,-0.2491519962571308,-0.4353532749384841,-0.26089433569954046,-0.31783763567606604,-0.2497575283050537,-0.22562156783209905
Temp12k,Temp12k (Kaufman et al. 2020),,multiproxy,-17.5,-71.5,-0.136030205,1.0,-0.6598697662353515,-0.7396142142012855,-0.31015342939507656,-0.41217589074560745,-0.449850591023763,-0.08473392228997115,-0.22242460931306499,-0.1781140611293259,-0.7957977755325448,-0.37017540403382504,-0.40740661621093743,-0.9039313720424904,-0.3967408556491136,-0.2998635363482454,-0.5209722995758057,-0.13433580398559572,-0.24532038370768233,-0.10078964233398438,-0.37023240725199374,-0.32304326693216956,-0.28111663076203497,-0.5042342767378938,-0.6700065724955367,-0.18174664157750592,-0.42792273719515983,-0.6185539457422045,-0.4243525933385579,-0.5822645740845608,-0.23499985000963586,-0.2873094558715821,-0.33480126592848036,-0.4823124037848579
Temp12k,Temp12k (Kaufman et al. 2020),,multiproxy,-17.5,11.5,0.879231815,1.0,-0.6789904276529948,-0.7309606462024405,-0.34791950346768474,-0.3483493523307104,-0.43470223744710285,-0.12202780954371194,-0.15790711004754787,-0.14673891299159283,-0.6296591813622342,-0.3385514381006911,-0.6590764999389649,-0.8797754233742826,-0.686344847083092,-0.4683596385238997,-0.5889189720153809,0.08543982505798339,-0.28497200012207036,-0.05559539794921875,-0.7250968933105468,-0.22841660181681314,-0.09834569831118867,-0.5614308572091042,-0.546599455375077,-0.2752298277332778,-0.02018753609928177,0.1097514439772956,-0.3483987729534888,-0.24371076655513946,-0.013551780344566177,-0.4034331851535373,-0.6793032964070638,-0.33086642689175083
Temp12k,Temp12k (Kaufman et al. 2020),,multiproxy,-15.5,-75.5,-0.380513131,1.0,-0.6878421783447266,-0.6465692519934068,-0.4101684591200991,-0.36143646302307986,-0.49665094375610336,-0.1128310686229855,-0.21022576568564744,-0.19979326513035162,-0.7345824832391092,-0.4833505245786517,-0.3566306114196778,-1.0289227537501842,-0.31443305686116196,-0.36689751368928136,-0.4591382265090942,0.07494676113128662,-0.05226158142089844,-0.004661407470703122,-0.38566672960917153,-0.4282637834548951,-0.3280708121964292,-0.5647298834485641,-0.7318145192960084,-0.41906475905042045,-0.46942924847519596,-0.6667956994505072,-0.4853241393157865,-0.5950743040268239,-0.3585198469636298,-0.26768876181708456,-0.2560267236497654,-0.5023742257224187
Temp12k,Temp12k (Kaufman et al. 2020),,multiproxy,-14.5,-61.5,0.75,1.0,-0.17376419067382814,-0.4820707230002436,-0.21064428004780425,-0.25803737272725613,0.3498231410980223,0.4448855411669744,0.002986030498549818,-0.047911839925469143,-0.04868061639207552,0.1055494617289889,-0.14653091430664109,-0.702707577101685,0.12482052296400056,0.11628545125552123,-0.16263241767883302,0.32555999755859377,0.43332542419433595,0.684522933959961,0.15921966552734376,-0.03175210952758789,-0.08980215513354149,-0.24442695978383924,-0.2661622855087604,-0.06278969087233362,-0.056114125069347716,0.061713819157063796,-0.006547913383256195,0.05272656417188293,0.2225796079379338,-0.07720764478047693,0.09902722570631232,-0.11091195636325413
Temp12k,Temp12k (Kaufman et al. 2020),,multiproxy,-13.5,121.5,0.457255576,1.0,-0.3233158111572266,-0.4338160077499764,-0.17826684960227301,-0.09216772519578531,-0.15468061447143563,0.13899417108033002,-0.08859269130533876,0.01751086368213385,-0.17977406464380075,-0.1618174588116443,-0.2688026428222656,-0.7192676390818852,-0.283697508275509,-0.2970199027773662,-0.28069844245910647,-0.1653899669647217,0.003594970703125003,0.13241287231445314,-0.1968242835998535,-0.19446110725402832,0.057764959335327146,-0.2591919470899887,-0.515542900686203,-0.2633057164082912,-0.1903322182911194,-0.21983087101183116,-0.12331214712739033,-0.1368471695015815,-0.08721810813817488,-0.13187813758850125,-0.10016484260559101,-0.22942308425903318
Temp12k,Temp12k (Kaufman et al. 2020),,multiproxy,-11.5,-78.5,-0.228622672,1.0,-0.6537528991699219,-0.6888765754426006,-0.4163017216220081,-0.3503053201560457,-0.43613337940639907,-0.10757483565655143,-0.2441920570242243,-0.2755314710199416,-0.6889072038964521,-0.47754672146938976,-0.3614326477050781,-1.0141659763579156,-0.3837110817432407,-0.3553546494234326,-0.4844879150390625,0.35881781578063965,-0.15032925923665366,0.02589322408040364,-0.41955917994181313,-0.44248835245768225,-0.3028488824776703,-0.5245929133497977,-0.7621787529791971,-0.563655429140498,-0.5143508517783794,-0.6950680934144676,-0.5456512825343215,-0.6117991119511662,-0.2920867650064401,-0.29762579600016287,-0.28450723224216007,-0.44314925087822804
Temp12k,Temp12k (Kaufman et al. 2020),,multiproxy,-11.5,13.5,-0.556750367,1.0,-0.6306124877929689,-0.6484346333864549,-0.40264038244463185,-0.3781940459822908,-0.6026496950785318,-0.18445621957419622,-0.39237268547507637,-0.22427125836926204,-0.6791695736449189,-0.5484423775009581,-0.6173131942749024,-0.9335866605280483,-1.0917177364230177,-0.5964929114122125,-0.7584078311920166,-0.4522125720977783,-0.4609259033203125,-0.18297988891601563,-0.809753704071045,-0.38434600830078125,-0.12338684894171856,-0.5561398280921254,-0.6376097332155566,-0.6276238013039801,-0.40969968941784357,-0.5591215760313306,-0.4781759142846972,-0.5545463879367428,-0.3200557466697227,-0.3684075726403131,-0.6623950428432892,-0.40704087363349073
Temp12k,Temp12k (Kaufman et al. 2020),,multiproxy,-11.5,34.5,0.350833333,1.0,-0.6302904510498046,-0.6866338736280486,-0.1740488014971156,0.0054214987079226045,-0.22373012860616104,-0.0156316177409126,-0.1886813959344905,0.01906945434341758,-0.3484443235060723,-0.18088205438727759,-0.3199901580810547,-0.6665852478314613,0.3469297215342522,-0.1886397447243177,-0.5916816711425781,0.1459522247314453,0.11181892395019533,0.31674049377441404,-0.5386227989196778,-0.04415615399678548,-0.15881607755443639,-0.33644280440614444,-0.6262221243879245,0.13725761882122994,-0.3405582871488909,-0.314842103396787,-0.2219027097522242,-0.32191412438402317,-0.0612812577890571,-0.46143575774298773,-0.20289869838290764,-0.013555112414889898
Temp12k,Temp12k (Kaufman et al. 2020),,multiproxy,-9.5,-79.5,1.193896443,1.0,-0.5946929931640625,-0.6940869526697273,-0.41782966826701884,-0.3276192772406867,-0.45176643159654395,-0.1011110778435306,-0.24051824384261222,-0.2985926950627219,-0.609241677650338,-0.3852332675762079,-0.3579999923706055,-0.9871288299582709,-0.3500526919960977,-0.3430882607193476,-0.47488718032836913,0.16046361923217775,0.07439910888671875,0.09957130432128906,-0.43985063552856446,-0.38898126284281415,-0.281137400700647,-0.5231331394962419,-0.7420892308965965,-0.49927616083240983,-0.5119991482518833,-0.7200208202493147,-0.5308963020557208,-0.5822464277553763,-0.25076839634562786,-0.4149967246585422,-0.2687630070580377,-0.4256421682569716
Temp12k,Temp12k (Kaufman et al. 2020),,multiproxy,-9.5,118.5,-2.30527,1.0,-0.4120601654052735,-0.4207574282838613,-0.25229170604406403,-0.19021790536131283,-0.26107317606608105,-0.005937893538654754,-0.17911231688355603,-0.058901008308389145,-0.27374591878074583,-0.2619053358793278,-0.35858516693115233,-0.7771787462231569,-0.16447172909974983,-0.3623296339013967,-0.35751090049743656,-0.170493221282959,0.016458282470703127,0.05577850341796876,-0.296707763671875,-0.30904944737752277,-0.01168711607106577,-0.420224341768784,-0.6341343509086609,-0.32141565985859477,-0.24690357744581304,-0.3028881569263046,-0.19614948854614586,-0.28325349022417096,-0.1747987276482362,-0.27100296550326874,-0.24026400778028698,-0.29048338572184246
Temp12k,Temp12k (Kaufman et al. 2020),,multiproxy,-9.5,120.5,0.771586235,1.0,-0.4149196624755859,-0.4497523698451319,-0.2504466978762251,-0.20161047479925706,-0.28010048018561484,-0.020310823260227196,-0.21718427125216244,-0.03840238229226951,-0.32860644163209407,-0.2640204594690572,-0.359429931640625,-0.7833964672699778,-0.11194385290145795,-0.36600192232154155,-0.3555301189422607,-0.16860527992248533,0.006115570068359378,0.06109700520833334,-0.2773960304260254,-0.3031411170959473,0.005511492566778173,-0.4219376918898675,-0.630139896527232,-0.31585578404388553,-0.23835926041988933,-0.30366596432452503,-0.20676147636875844,-0.3196120403972478,-0.1574611442309138,-0.2635153929392497,-0.22768566873338486,-0.27192864841885034
Temp12k,Temp12k (Kaufman et al. 2020),,multiproxy,-8.5,112.5,-1.293567148,1.0,-0.5055660247802735,-0.42714306352776865,-0.3021965198254426,-0.2146336076109995,-0.39843238194783476,-0.06648605791417755,-0.13658646226483048,-0.18277427485468747,-0.4528787091506028,-0.2817540454585078,-0.42141056060791016,-0.7839737843068975,-0.36961654871702093,-0.37864288240482147,-0.39990854263305664,-0.2801330089569092,0.006297683715820313,-0.0001949310302734389,-0.41244707107543943,-0.3280146121978759,-0.1341748491556142,-0.5066978764594391,-0.5220775104216641,-0.5490097336451465,-0.28817391095477296,-0.33206043022545634,-0.24571117253874078,-0.312002132566694,-0.20379889172801863,-0.30630646811591256,-0.2903689013587104,-0.3349848429361979
Temp12k,Temp12k (Kaufman et al. 2020),,multiproxy,-7.5,39.5,-0.096999544,1.0,-0.44629300435384117,-0.36898736389423537,-0.3576964360667175,-0.7822194524588983,-0.4966113726298015,-0.016919450668477998,-0.29388036261823647,-0.38480343390236926,-0.45280553887205344,-0.46750809796801013,-0.40491504669189454,-0.7253242561254248,-0.3901634216308594,-0.3740362141726802,-0.6710000991821288,-0.30043468475341795,-0.015433247884114583,-0.08852386474609375,-0.5340407689412435,-0.20345163345336914,-0.3312812595530288,-0.4318835888174076,-0.8054246129199057,-2.6357353704343627,-0.4221476897353016,-0.4982205677288358,-0.4063285577947278,-0.48930700486673717,-0.30955410291087365,-0.2979692141215006,-0.4332184314727783,-0.3870254993438721
Temp12k,Temp12k (Kaufman et al. 2020),,multiproxy,-7.5,105.5,-0.49146,1.0,-0.67174072265625,-0.37116006479945324,-0.3807537148576342,-0.3032995381682586,-0.3539722283681233,-0.1183144156524202,-0.3118886354670688,-0.17639892584180092,-0.5515857502327336,-0.5042239540602453,-0.5128351211547852,-0.8209170520887683,-0.49024815857410386,-0.4778086985119139,-0.47990746498107906,-0.3424859046936035,-0.2652633666992188,-0.2847489674886068,-0.561297861735026,-0.3187742233276367,-0.3566301998900953,-0.589493438295065,-0.6112871965075225,-0.4489902605172795,-0.3869848759994528,-0.37664781939072056,-0.3414874640733563,-0.43269003388026456,-0.664878656940751,-0.31924471855163583,-0.3358683427174886,-0.43976508776346845
Temp12k,Temp12k (Kaufman et al. 2020),,multiproxy,-7.5,115.5,0.119205595,1.0,-0.44210243225097656,-0.4055893706080983,-0.2898477280694172,-0.19916261055057508,-0.2734390735626221,-0.08346145595452624,-0.17371184939693177,-0.16351584324871044,-0.34912354821334896,-0.29553286864587464,-0.41569480895996097,-0.804189732496214,-0.2825022414326668,-0.38429720880788415,-0.40391016006469727,-0.2517201900482178,0.018777847290039062,0.03128547668457031,-0.4095938682556153,-0.32802486419677734,-0.10189137316392773,-0.42893587628541835,-0.5417682422788584,-0.39572816019551754,-0.2721074410422132,-0.37007973615695583,-0.20414556029762404,-0.38213590784826895,-0.2006250035550091,-0.3069647312164307,-0.3043166955312093,-0.28662292162577313
Temp12k,Temp12k (Kaufman et al. 2020),,multiproxy,-5.5,11.5,0.300526878,1.0,-0.6312870534261067,-0.5557032515312651,-0.37433111204522496,-0.22555806732667605,-0.46259518835279695,-0.15711954259220495,-0.08445475756814301,-0.3233102492138961,-0.5580417589191651,-0.4680793236568462,-0.5995820999145508,-0.8555633076456703,-1.3013234302401542,-0.4092214942445214,-0.6401605129241943,-0.1512411117553711,-0.29702110290527345,-0.09537503560384115,-0.725758908589681,-0.41964189211527503,-0.24725532420990118,-0.5561429467989445,-0.7315097030364215,-0.5726457123495726,-0.3640610904054626,-0.4269000570760549,-0.6323440213437805,-0.5407593759677909,-0.3781207602661544,-0.2975104755825468,-0.529784684711032,-0.32994144227769645
Temp12k,Temp12k (Kaufman et al. 2020),,multiproxy,-5.5,117.5,0.34042001,1.0,-0.5091248830159505,-0.43346038579184065,-0.3005434437432328,-0.22199945964846324,-0.2424767865075005,-0.10998818403480734,-0.24164158978872546,-0.2258441054984123,-0.4185903929419229,-0.3419055374212604,-0.42919921875,-0.8016490372257468,-0.3779067918658262,-0.39108861612739393,-0.4273533821105957,-0.2901480197906494,-0.05499979654947917,0.010103352864583333,-0.42536738713582356,-0.3153657913208008,-0.14740332031663195,-0.46067971124007145,-0.5398580166000746,-0.39307209022480605,-0.29197619314087986,-0.35881316174496325,-0.2028505777444391,-0.4184856523017868,-0.24732687488575972,-0.3150065739949545,-0.32150289747450095,-0.28533537652757435
Temp12k,Temp12k (Kaufman et al. 2020),,multiproxy,-5.5,133.5,0.402423587,1.0,-0.41227096557617193,-0.43681238301843256,-0.27400153948698314,-0.21315599289693998,-0.2451828479766846,-0.025081939184340547,-0.08274380122489437,-0.13992784002349318,-0.3412492931218078,-0.28249322186781445,-0.43370323181152326,-0.7608175035974261,-0.34052706062793703,-0.2639096641784873,-0.3700838088989258,-0.268182373046875,0.059114685058593755,0.09714340209960938,-0.217091064453125,-0.21823668479919434,-0.1577510253611285,-0.4433702511758627,-0.4537603916884442,-0.4557071793650662,-0.18648109559153359,-0.3254296423524996,-0.13519758108786828,-0.3152587401733937,-0.1631271769828475,-0.2989170074462892,-0.22724885410732715,-0.285774040222168
Temp12k,Temp12k (Kaufman et al. 2020),,multiproxy,-4.5,-36.5,0.523714862,1.0,-0.8527447255452473,-0.39037090635452043,-0.4241493438165846,-0.397739990978548,-0.49098906517028806,-0.1158504301078341,-0.3756790616262467,-0.286661677292747,-0.4558982788433343,-0.3615181011353833,-0.630374526977539,-0.9175146159317235,-0.4617118641734127,-0.6119134094240288,-0.513518762588501,-0.3199899196624756,-0.35237327575683597,-0.3308075459798177,-0.4716694323221842,-0.3742854595184326,-0.4777733642170713,-0.41874235051818315,-0.7769936152410201,-0.6583570059415756,-0.4489316350135836,-0.5153154910961253,-0.2436068055451015,-0.6726072396817561,-0.3554580551388405,-0.7146781444549557,-0.4553740978240967,-0.4290710544586182
Temp12k,Temp12k (Kaufman et al. 2020),,multiproxy,-3.5,-81.5,0.661968609,1.0,-0.5093500010172527,-0.46738363594128157,-0.4005812275568172,-0.530762772066234,-0.22797511842515736,-0.1281064901666082,-0.2493086319552954,-0.1614528397056353,-0.2956642285845406,-0.08333618066866294,-0.3750255584716797,-0.7920856393465218,-0.22809654772281643,-0.266652887621196,-0.5543395996093751,0.0870351791381836,-0.026034596761067712,0.06646087646484375,-0.40109989166259763,-0.4161255359649658,-0.2741907360433718,-0.5438726824665561,-0.8068719056631539,-0.42119783913622516,-0.4796700570975355,-0.7310191865538893,-0.3452302937612786,-0.44744713045287415,-0.21102509846492223,-0.5334356996748181,-0.31021055645412876,-0.49062721358405215
Temp12k,Temp12k (Kaufman et al. 2020),,multiproxy,-3.5,37.5,0.8625,1.0,-0.8586311340332032,-0.44023203112898074,-0.47078894546853156,-0.6990125731016301,-0.3779904630449083,-0.1414715243285081,-0.3461280343556963,-0.4565764019224589,-0.45184893326730374,-0.6125127287657516,-0.4239034652709961,-0.880860698630208,0.07179975658655174,-0.5880491887932555,-0.7829222679138184,-0.4633498191833496,-0.31816711425781247,-0.07084465026855469,-0.6610243797302247,-0.30330053965250653,-0.3411257515620315,-0.5042284433894813,-0.9585596031771605,-0.047013011908675906,-0.4579291601966505,-0.5359733202086628,-0.5041192114356192,-0.5550892853333876,-0.4041428057138249,-0.3434200286865233,-0.4749074776967367,-0.517173194885254
Temp12k,Temp12k (Kaufman et al. 2020),,multiproxy,-3.5,119.5,0.50066314,1.0,-0.7119574483235677,-0.3163516902710397,-0.3374188537355044,-0.2252773632474216,-0.33808698972066226,-0.08800226743759255,-0.2449134594178728,-0.2536056541286496,-0.5666623007772496,-0.4230965715654147,-0.46636734008789066,-0.7801134188383316,-0.21516032963991166,-0.37330827340565065,-0.4599324703216552,-0.2744525909423828,-0.15449529012044272,-0.04430857340494791,-0.45347341537475583,-0.31849201520284015,-0.1937529997091582,-0.4062630655158751,-0.5122835853341797,-0.40012609565316276,-0.10173808905356233,-0.3995145917538315,-0.21519996790810472,-0.4721795685660554,-0.40597994965701967,-0.34188533888922806,-0.32940128644307465,-0.30016268306308325
Temp12k,Temp12k (Kaufman et al. 2020),,multiproxy,-2.5,144.5,-0.635758553,1.0,-0.49066480000813806,-0.6987722375359328,-0.2493918261324562,-0.23007074413572964,-0.3353652053409153,-0.09077161221977231,-0.41367736522638965,-0.2586482174982102,-0.255573440089583,-0.21071693651940962,-0.4112510681152344,-0.7533730754399245,-0.5023869052529333,-0.26186565460185257,-0.41684098243713374,-0.4197670459747314,0.08106346130371093,0.1034282684326172,-0.33786849975585936,-0.37989989916483563,-0.2902799959926739,-0.4919291397910287,-0.4095062473619373,-0.513441847518131,-0.5574457577941926,-0.30175773222426444,-0.13605479913301724,-0.2895568645813937,-0.17784332510643935,-0.32775376637776715,-0.33572873539394826,-0.40407212575276696
Temp12k,Temp12k (Kaufman et al. 2020),,multiproxy,-2.5,156.5,-3.72179487,1.0,-0.6244630177815755,-0.7455099309159811,-0.27837539489519825,-0.2430167034734846,-0.4403940306769478,-0.09493896757490163,-0.23019607461120506,-0.2244447801064604,-0.3173083951122937,-0.2401940238636888,-0.4237649917602539,-0.7504351385410903,-0.4066319242119791,-0.30303049860550224,-0.4332153797149659,-0.5028693199157716,-0.0799102783203125,-0.04332186381022135,-0.3713287353515625,-0.3881429036458333,-0.35577056475002844,-0.527918391370513,-0.44349125209334467,-0.6600627257230123,-0.5888218066564813,-0.5704253220035777,-0.2689341623244895,-0.29957101491374405,-0.17176008506475565,-0.39524157842000346,-0.3452787134382461,-0.35256141026814786
Temp12k,Temp12k (Kaufman et al. 2020),,multiproxy,-0.5,99.5,0.001451868,1.0,-0.6402793629964192,-0.8488763540841952,-0.5508975412580595,-0.5269257595464634,-0.4405318842993843,-0.1738979293417041,-0.48891829359511946,-0.3097064526490033,-0.6872893457960945,-0.5792333769686695,-0.6395013809204102,-0.9000565211766264,-0.4012051224708545,-0.5370780345440778,-0.5373850345611572,-0.4230155944824218,-0.21347890218098958,-0.2270501708984375,-0.5113893572489421,-0.34271669387817383,-0.3310111063337026,-0.512154496169837,-0.5648408637262005,-0.4939746105609134,-0.4492833898639515,-0.4439670615311772,-0.49756041995432126,-0.5759397155877158,-0.3819302798705068,-0.47574175198872887,-0.34122581481933595,-0.6880418724483914
Temp12k,Temp12k (Kaufman et al. 2020),,multiproxy,0.5,37.5,1.116666667,1.0,-0.9436943054199218,-0.5380494980373899,-0.7523907978220512,-0.5637403313336042,-0.5275939146677657,-0.12902218388866465,-0.557408955664247,-0.4409635385225038,-0.8259154460428977,-0.7373411639669754,-0.70794677734375,-1.0349942590230428,-0.5266922377049921,-0.8125627008686964,-1.0268919467926025,-0.5807183980941772,-0.701205062866211,-0.482122802734375,-0.768038558959961,-0.4001805782318115,-0.4554496877146105,-0.5125957800502019,-1.0049312004098785,-0.5408457105284199,-0.5687008851668417,-0.577008599036499,-0.7779306370879993,-0.6677306133019507,-0.4720144544471445,-0.5062833362155491,-0.5319450696309407,-0.7950007862514922
Temp12k,Temp12k (Kaufman et al. 2020),,multiproxy,1.5,98.5,0.272620894,1.0,-0.5095834350585938,-0.8732039221817761,-0.5592752776990905,-0.4385702184087864,-0.41345865567525253,-0.16540446240543918,-0.37959277730335067,-0.33768221586877645,-0.5619926523661575,-0.46102342160681964,-0.5997371673583984,-0.9141323155425282,-0.2908245652914044,-0.48430109188697806,-0.4863202571868897,-0.36652445793151855,-0.1319306945800781,-0.1058472188313802,-0.47339604059855145,-0.3288555145263672,-0.34387568390955214,-0.5236294872719273,-0.5584758982555503,-0.47969225559165135,-0.5125588028704321,-0.5850000195566077,-0.45865998868214886,-0.5515673367746441,-0.3842605014494309,-0.48110653559366867,-0.38140823046366384,-0.6295847765604654
Temp12k,Temp12k (Kaufman et al. 2020),,multiproxy,2.5,9.5,2.194080797,1.0,-0.6296112060546875,-0.41463813849739833,-0.41651630493988584,-0.317424430487224,-0.4181973934173584,-0.22717368326073725,-0.24195657912197777,-0.2082296795861271,-0.5960064112765806,-0.4109081570214548,-0.49289779663085936,-0.7524384725689488,-0.3358147144317626,-0.18643177420277338,-0.5906742572784422,-0.18295354843139647,-0.3104509989420573,-0.16892000834147133,-0.5951303164164226,-0.3408968448638916,-0.35341970341519,-0.5350183603639163,-0.6282339032184293,-0.5323994887715213,-0.42731448212246836,-0.4597672021646223,-0.6597117817919509,-0.5886401290194443,-0.6589082092253749,-0.35898954603407107,-0.3857032352023654,-0.4871516439649794
Temp12k,Temp12k (Kaufman et al. 2020),,multiproxy,2.5,36.5,-0.816166667,1.0,-1.203745142618815,-0.8041225284879445,-0.8023360028198168,-0.9221489514455125,-0.41421715948316784,-0.02005321336410997,-0.8048766101257121,-0.49482390661679626,-0.8834328290619315,-0.7516203506301504,-0.8230648040771484,-0.9967449398213493,-0.6353926807642004,-0.8125085362567931,-1.1521685123443604,-0.5770205020904541,-1.5206807454427083,-1.3889907836914064,-0.8389440218607584,-0.5095885594685873,-0.33863908004506893,-0.583223668689462,-1.0354821566382295,-0.5858251437324009,-0.861839347160195,-0.6961536345322967,-0.6963247774213134,-0.6392812738547636,-0.4572875133001594,-0.6544251706865101,-0.592957099278768,-0.8029407872094049
Temp12k,Temp12k (Kaufman et al. 2020),,multiproxy,3.5,96.5,0.685841789,1.0,-0.5051056925455729,-0.2265928234322488,-0.5576216882191358,-0.43873934164691586,-0.4261042457156714,-0.1438629846207841,-0.2829933852817494,-0.30793324631672203,-0.47066097378904226,-0.41481694145352577,-0.5892036437988282,-0.9181564045058067,-0.5160352990031233,-0.5469512112742596,-0.5064703941345216,-0.30712308883666994,-0.13190912882486977,-0.07532506306966147,-0.457065486907959,-0.30282107988993323,-0.36280542110228997,-0.5080884084278482,-0.5519100533659281,-0.4477793576587655,-0.492294431857559,-0.6770133489465842,-0.4703087026441055,-0.557075639392347,-0.40291765268235546,-0.5007640573713514,-0.4101774851481121,-0.5834359455108643
Temp12k,Temp12k (Kaufman et al. 2020),,multiproxy,6.5,113.5,-0.000589433,1.0,-0.36958040873209635,-0.14393630074326413,-0.37490886735606055,-0.2126067844565652,-0.2687783368428548,0.06322558976456509,0.03440558890392015,-0.2026177520135548,-0.3029517988083428,-0.25847293036701274,-0.441923713684082,-0.8571789667038676,-0.4782731309533125,-0.27442169905203917,-0.34519400596618655,-0.2404491424560547,-0.11975349426269533,-0.024314193725585943,-0.36262282689412434,-0.36626362800598145,-0.1675481790669159,-0.2598414494998099,-0.644794672064419,-0.30010936905200614,-0.15779039271723647,-0.4996766614561564,-0.23616936371124417,-0.36320252012946574,-0.22492254021783184,-0.3209862550099689,-0.29170772764417835,-0.2263597223493788
Temp12k,Temp12k (Kaufman et al. 2020),,multiproxy,6.5,125.5,-0.464578067,1.0,-0.432579828898112,0.225152256741659,-0.33294654966745735,-0.23521691614255016,-0.30866291364034026,-0.03636113592373896,0.010293647796967745,-0.21126298622983902,-0.2614557716607542,-0.23371092801273244,-0.42431392669677737,-0.7972190935017012,-0.244738744199275,-0.23060642729324948,-0.39380235671997066,-0.3147491455078125,-0.09449689229329428,-0.0015267181396484385,-0.3739535395304362,-0.46016923586527503,-0.14668141511087213,-0.44002444232197013,-0.4729236596046676,-0.39762158961798977,-0.16170238182239285,-0.20867274546638892,-0.1583494973182371,-0.3662262595769038,-0.21987002528721694,-0.36733990245395237,-0.28602182070414206,-0.28430994669596354
Temp12k,Temp12k (Kaufman et al. 2020),,multiproxy,7.5,-83.5,0.21901254,1.0,-0.5190535227457682,-0.5297709957755687,-0.37861723913577455,-0.24833076876190255,-0.2875952561696371,-0.11882300150141833,-0.2929260790516319,-0.29226443373174205,-0.36116263336543264,-0.2677170880686604,-0.38783149719238286,-1.0369907212049432,-0.641266152262686,-0.20944437984989717,-0.4828289031982422,-0.12652454376220704,-0.09821319580078125,-0.05279477437337239,-0.3770409266153971,-0.5754976272583008,-0.3257664707778149,-0.5628991790990336,-0.6112466738949668,-0.4031560602559024,-0.4812726478231237,-0.6053877928324903,-0.25365745734733636,-0.4759675269161893,-0.27667564821840684,-0.3411072095235187,-0.2631609757741293,-0.28539015452067057
Temp12k,Temp12k (Kaufman et al. 2020),,multiproxy,8.5,109.5,-0.797807316,1.0,-0.49053466796875,-0.07703895867216154,-0.44778272397313146,-0.2277217618514005,-0.3229134549034966,-0.05815705996800323,-0.006716723436874976,-0.21192798113725286,-0.3988310422132752,-0.27502200996142695,-0.4541135787963867,-0.882339008538721,-0.6452223390340807,-0.3003776666356348,-0.3498385906219482,-0.2734847068786621,-0.13748825073242188,-0.027011260986328122,-0.4103708076477051,-0.42979319890340173,-0.16475888691254625,-0.34999302051811965,-0.6525344716011745,-0.31334903565398864,-0.12549801177667858,-0.3368089076711111,-0.3388848436512381,-0.4094409527309352,-0.18653780496273048,-0.3202666653527154,-0.3282239543067085,-0.21016061782836915
Temp12k,Temp12k (Kaufman et al. 2020),,multiproxy,10.5,-65.5,0.869566134,1.0,-0.20436963399251304,-0.3289432650567997,-0.2332349390269049,-0.18416928788775333,-0.19433967590332074,0.08120486688775667,-0.29044962208659086,-0.05983538395382765,-0.2086756665027528,-0.01255803803803695,-0.41085624694824224,-0.7976466245931754,-0.35813485682010976,-0.11968131344452043,-0.4830318450927734,-0.21553235054016112,0.3409894816080729,0.23829704284667966,-0.1394524129231771,-0.2517695426940918,-0.046755791261278115,-0.3951508166622778,-0.37851110671205673,-0.6267095375710011,-0.5879737621169207,-1.1663057689924397,0.14318108535482388,-0.33020778149722024,-0.6409415552331961,-0.20866068204243993,0.17458558082580525,-0.19826619466145834
Temp12k,Temp12k (Kaufman et al. 2020),,multiproxy,10.5,51.5,-0.196402102,1.0,-0.480171635945638,-0.29876733710607234,-0.40327197669126985,-0.4441698058380415,-0.47297912597656266,-0.07893503910430313,-0.1734428757308725,-0.7193314287663435,-0.39653628176290706,-0.29821806184422006,-0.4903902053833008,-1.018129316018884,-0.8060859635472306,-0.49134728279508233,-0.7054062366485596,-0.42144236564636234,-0.013950805664062505,0.05051465352376301,-0.45799770355224606,-0.4634270668029785,-0.14212734170823704,-0.6026083507021436,-0.7458153247996563,-0.021266077772712444,-0.42590161870794013,-0.5184335617653366,-0.2740142752603836,-0.5020338679798376,-0.43766328934012455,-0.5236559073130289,-0.3095648447672526,-0.5385989220937093
Temp12k,Temp12k (Kaufman et al. 2020),,multiproxy,10.5,74.5,0.801704872,1.0,-0.28689488728841145,-0.1963980652852625,-0.4502746126820999,-0.35118833485469214,-0.40136530558268235,-0.024919618770613404,-0.10202263271709774,-0.4476818495755997,-0.41744614385993695,-0.382224224853523,-0.5335010528564453,-1.0021971479634537,-0.6014335140585902,-0.43134713034648575,-0.6358284950256347,-0.24329295158386227,0.04922170003255208,0.13273666381835936,-0.25787672042846677,-0.08282995223999023,-0.45633920231681424,-0.45838041456537804,-0.49981788686004314,-0.5341483141833292,-0.2080642275352731,-0.3383948205086639,-0.3135986509101279,-0.5609428359868538,-0.27492979346447305,-0.3742090384165446,-0.30644246737162284,-0.4144178263346354
Temp12k,Temp12k (Kaufman et al. 2020),,multiproxy,11.5,-66.5,-0.832227444,1.0,-0.2164709726969401,-0.29865496823557164,-0.2386345812801836,-0.19331815564086557,-0.24421911133660212,0.06896777319619404,-0.3420563611826567,-0.03735224037980932,-0.12156975753306593,-0.018790015671885228,-0.4796266555786133,-0.7726379610576959,-0.6162935867905615,-0.1066908176853459,-0.509691858291626,-0.30173935890197756,0.2582230631510417,0.16507893880208332,-0.14062966028849283,-0.17413568496704104,-0.054755825313914964,-0.297471649327655,-0.43200316498371255,-0.5598991050494249,-0.467844537692647,-0.7623475646852634,0.1840201367786174,-0.32454880831701494,-0.4215857286143336,-0.26915150218539796,0.0786155965593116,-0.213401247660319
Temp12k,Temp12k (Kaufman et al. 2020),,multiproxy,11.5,44.5,0.370447189,1.0,-0.5656198120117188,-1.5986077977459483,-0.9894924124141277,-0.6229001188468271,-0.448786176045736,-0.1840918820191602,-0.3863342580788238,-1.3661471370755511,-0.4808406301617216,-0.333731607707082,-0.7325456619262696,-1.5040708098683195,-1.1576420977711672,-0.9525153052600136,-1.37451696395874,-0.6084796428680419,-0.3216859436035157,-0.32447794596354174,-0.2820010884602865,-1.0189855893452964,-0.14994715482259915,-0.4866693156940676,-1.7819742347630285,-1.037756767424589,-0.946138950594233,-0.8499631983309215,-0.03690165149259098,-0.6157692182398069,-0.7044803939315822,-0.86685922410753,-0.4548064231872555,-0.8040178998311358
Temp12k,Temp12k (Kaufman et al. 2020),,multiproxy,12.5,-61.5,-0.522078926,1.0,-0.0358154296875,-0.20630369091542525,-0.18834268978387048,-0.16930642722249972,-0.23031194474962022,0.12383458041524278,-0.1790712695048589,0.02589706856022289,-0.10880072179610677,0.022206786585826175,-0.398433303833008,-0.6306495211732753,-0.4161796271800991,0.012676509652796424,-0.4123084545135498,-0.26735563278198243,0.3546134948730469,0.24788589477539064,-0.08228530883789063,-0.03863175710042318,-0.02992014287162243,-0.2402485456403392,-0.44065387398068073,-0.44906949185427875,-0.31493861269538903,-0.24904156795926494,0.3699688216818451,-0.2529788061874522,-0.1815583854835346,-0.32694864273071284,-0.12448939747280546,-0.1995676040649414
Temp12k,Temp12k (Kaufman et al. 2020),,multiproxy,12.5,37.5,7.5075,1.0,-1.191864013671875,-1.817597096172916,-1.4568345093954589,-1.1869207636671129,-0.980243417951796,-0.6418754775482103,-1.1336065624221936,-1.1929979280754752,-1.5126548258273607,-1.4066539952925923,-1.6001100540161133,-2.2679280044982937,-1.6122428886592415,-1.7529882031863124,-1.6832202672958374,-1.2414469718933105,-0.8204822540283203,-0.5342731475830078,-1.8306126594543457,-1.2333872318267822,-0.9997685921724645,-1.3125104096653348,-1.805561444061289,-1.079075566398496,-2.1045368311895967,-2.2525914008154926,-1.7705503413397923,-1.1641938400414817,-1.8649041126995334,-1.149444792005752,-0.9699050850338418,-1.2362737258275351
Temp12k,Temp12k (Kaufman et al. 2020),,multiproxy,14.5,57.5,0.584702303,1.0,-0.6308172861735025,-0.20311657373955555,-0.442222039389486,-0.2577765156616666,-0.44939565658569347,-0.20785561208514436,-0.15681962430180063,-0.4974323585835352,-0.5717076816514791,-0.39193387258589957,-0.5356187820434568,-0.9875319881038745,-0.9140118584036833,-0.30489159428934404,-0.7260076999664307,-0.400005578994751,-0.07709821065266927,-0.06903241475423177,-0.457751750946045,-0.31093398729960126,-0.10390184110642992,-0.5582195738438196,-0.7652102329699058,-0.625285577925093,-0.33777423310157484,-0.4389277714450145,-0.3337974017599551,-0.5380781606240683,-0.4646268278532733,-0.3272212876213924,-0.2880867057376441,-0.3608735508388944
Temp12k,Temp12k (Kaufman et al. 2020),,multiproxy,20.5,-18.5,-0.286648838,1.0,-0.2794713592529297,0.5564366295595432,-0.2874598820465558,-0.4525679242153631,-0.4306460369957818,0.24606342402242098,-0.24913515582016738,-0.12940577514144494,-0.2787630964000053,-0.014212470600886179,-0.42964706420898435,-0.39525935690883296,-0.8318290427327153,-0.2704040282975537,-0.23550519943237308,0.1410301685333252,-0.03341990152994792,-0.13177719116210937,-0.22764744440714516,-0.04594008127848307,0.06161036515055386,-0.5043357224255555,-0.3234451726119232,-0.48104828938986566,0.4407536227432423,0.5066415115835285,0.1034011821261949,-0.2105774135231483,0.12172758904202581,-0.6513757546742758,-0.6101663748423257,-0.5201048766242133
Temp12k,Temp12k (Kaufman et al. 2020),,multiproxy,20.5,117.5,-0.417253388,1.0,-0.38010838826497395,-0.6585320929064918,-0.5195380580017469,-0.5040109231824682,-0.3441150771247016,-0.15068445662603808,-0.08259539569476576,-0.3951173684718343,-0.414287508038321,-0.32643865373349,-0.5320701599121096,-1.089046931455742,-0.7691622808575633,-0.35285506023085866,-0.5921854972839355,-0.3537580966949463,-0.17694269816080732,-0.05862757364908854,-0.43284842173258464,-0.41519371668497723,-0.47180237425925486,-0.6500294985662336,-0.8480671836482792,-0.6095760426604201,-0.534969475442288,-0.597022476714216,-0.30538814993681074,-0.5823523766699393,-0.37714179408074333,-0.5342702600691056,-0.45237520005967913,-0.37753827306959364
Temp12k,Temp12k (Kaufman et al. 2020),,multiproxy,24.5,-83.5,-0.5197,1.0,-0.29307568868001305,-0.40328959397484676,-0.0242072705165442,-0.16201112157349684,-0.20490144623650444,0.04763500661953728,0.02472116569161318,0.1926597113473701,-0.13745117926408382,-0.0639894946552516,-0.32991676330566405,-0.4728290953311912,-0.2973428979516052,-0.06855613242256534,-0.32592825889587407,-0.36164155006408694,0.1943804677327474,0.2715829213460287,-0.05444594701131185,-0.29202961921691895,-0.06320101142817486,-0.32685629324212107,-0.34877221514109585,-0.27647465862292125,-0.23195228000514412,-0.311695506019409,0.021636706490474007,-0.20730668100348285,-0.2507774387406145,-0.14586509068806966,-0.1747878286573623,-0.10341257095336913
Temp12k,Temp12k (Kaufman et al. 2020),,multiproxy,24.5,65.5,0.508654342,1.0,-1.0283873494466145,-0.8715440142807336,-0.672952225342692,-0.9514025670840556,-0.8112096712324353,-0.45842260496712006,-0.45255770771187853,-0.7257314522591798,-0.5532720125623615,-0.44280110317998933,-0.8265569686889648,-1.3821718456534828,-1.2879872024059313,-0.9389919766303858,-1.0345914363861084,-0.8879779815673828,-0.6059018198649089,-0.6447293853759766,-0.5362023735046386,-1.1718706289927163,-0.3947320278477968,-0.8286578277462532,-1.5595277768225284,-1.2705291414798145,-0.6911430208675342,-0.7561369842060929,-0.45657885106126456,-0.8396116226467109,-0.5253762452824752,-0.9625207901000988,-0.6971289740668419,-1.0022730276319716
Temp12k,Temp12k (Kaufman et al. 2020),,multiproxy,26.5,-92.5,1.560269965,1.0,-0.3046499888102214,-0.44460007229959997,-0.05676988409475959,-0.2752364387316644,-0.2843068546719021,0.019661789350246543,-0.008480028083662432,0.01009008440677664,-0.10737767071107543,-0.14836471626566058,-0.4081277847290039,-0.5657070745806189,-0.25860876590013565,-0.21687407419102014,-0.45275187492370605,-0.48949408531188965,0.22664006551106772,0.28356094360351564,-0.0639717737833659,-0.25852998097737634,-0.07013345708315079,-0.2839969335294253,-0.4411935742869336,-0.3216606425506826,-0.15774558264776398,-0.1023060607633169,0.11555659664351235,-0.1723026645425787,-0.3001223959420771,-0.2706066767374677,-0.25301514731513136,-0.3203199969397651
Temp12k,Temp12k (Kaufman et al. 2020),,multiproxy,27.5,34.5,-0.556871428,1.0,0.12591094970703123,-0.5215370619255324,0.037606553265550145,-0.30737832690618144,-0.031172969606187616,0.24616164511882907,-0.02512883994144694,0.44697576512520715,-0.13430791428650668,0.17886704580526128,-0.36739349365234375,-0.631399577769342,-0.030851781368255428,-0.1906284276314884,-0.5413393974304199,-0.32382745742797847,0.5458465576171875,0.5495235443115234,-0.12954416275024414,0.29513279596964515,0.2718185376667266,-0.1342652984560823,-0.5379844931646123,-0.3320176929241227,-0.10930205088530741,-0.16262701110579555,0.21401308720124473,0.13327295722704385,-0.28317392469520297,-0.2558968967861599,0.22603560553656687,-0.12980627483791773
Temp12k,Temp12k (Kaufman et al. 2020),,multiproxy,30.5,-10.5,0.927060606,1.0,-0.2508025360107422,-0.20028362953157713,-0.21653796620115393,-0.3813679373354498,-0.3216403092278375,0.4146880037371376,0.044495552400726626,0.12465549588019469,-0.2375420897255835,0.05056529830878408,-0.4294670104980469,-0.5211676515958441,-0.5819220364093782,-0.11200401198143632,-0.4919160366058349,-0.3579004287719726,0.06499496459960938,0.13830307006835937,-0.3118539428710938,-0.3943040370941162,0.08027920068744848,-0.5541999320225244,-0.33276242991196986,-0.4087065898788703,-0.11032668700154485,-0.45842654781468717,0.12767500496800127,-0.24821472178740023,-0.5650458866638222,-0.5240209261576332,-0.4255322827233209,-0.3336532084147136
Temp12k,Temp12k (Kaufman et al. 2020),,multiproxy,30.5,91.5,3.734745,1.0,-0.5378111648559569,-1.3460916878849445,-0.997609096097263,-0.8132697986852051,-0.6950983262393212,-0.21872103236664234,-0.10804577942362159,-0.49254588990613796,-0.6839584722854894,-0.6203041916532646,-1.299828338623047,-1.4889299248833705,-0.5792257279157631,-1.1273829636487673,-1.5166641771793365,-1.439915093779564,0.07435287475585937,0.21108160018920896,-0.34714545547962183,-0.8602855304876963,-0.7853432940989014,-1.5431643506372392,-1.1857755420109277,-1.4575294385002742,-0.723796045650517,-1.1127425816090972,-0.3330020824139134,-0.6084137849054572,-0.786386308477096,-1.063980703221427,-0.6961818238099412,-0.9965396775139705
Temp12k,Temp12k (Kaufman et al. 2020),,multiproxy,30.5,110.5,1.139583333,1.0,-0.44338503519694006,-0.6856534844259733,-0.17360129264923183,-0.6332001460180143,0.09174785984887003,-0.051888534501257674,-0.5285648828336063,-0.4218926976175096,-0.6541005904473297,-0.0597167248715636,-0.6238972663879394,-0.4834129340691723,-0.1263990491628645,-0.7899450349986981,-0.41144735813140865,-0.12250161170959473,0.0694583511352539,0.31637091318766275,-0.2644664478302002,-0.607768177986145,-0.38814389192695814,-0.826737602587282,-1.006757475545318,-0.46053951070381893,-0.6500459799332499,-0.689934495977525,-0.19908992649915774,-0.5484725402887225,-1.5029171293221835,-0.8074141740798948,0.10605765978495264,-0.6535773637559679
Temp12k,Temp12k (Kaufman et al. 2020),,multiproxy,31.5,-115.5,-0.913837323,1.0,-0.5139596557617188,-0.8656197879537167,-0.0711524253226386,-0.5057134360000988,-0.27207084655761715,0.22892423652099594,0.2912572422369766,-0.032258153622053296,0.0068799172694596015,0.000960407188024915,-0.3948873519897461,-0.5330115444366489,0.06337143406271951,-0.09944092462021134,-0.03426768779754639,-0.4247850894927978,0.11132247924804688,0.10183631896972657,-0.14294031143188476,-0.5994408130645752,0.12589926661732945,-0.5592564886261121,-0.4192045596040043,-0.13288672011267935,0.004463933374140572,-0.3486100061650551,0.42400482998535355,0.19601801794370755,-0.5957295268887552,-0.6690222263336181,-0.16748075485229488,-0.4022712135314942
Temp12k,Temp12k (Kaufman et al. 2020),,multiproxy,31.5,34.5,-1.281765018,1.0,0.25400100708007817,-0.47511058982807874,0.05324198948733231,-0.14674654256468686,-0.002406692504882197,0.2398491969229184,-0.013547570406944442,0.35811593870152875,-0.12677136891042187,0.1802862365212216,-0.32646980285644533,-0.4213464801371054,0.12284266054630312,-0.21963467926501706,-0.4125385046005248,-0.23547708988189694,0.5567770385742188,0.5815203857421875,0.11353025436401368,0.03456282615661621,0.09338941576026327,-0.17182655050346757,-0.2732276246837891,-0.07031745617485682,-0.06821580394825666,-0.22362167393634588,0.1916673928791537,0.10421130693790354,-0.30742945837377167,-0.21816639900207563,0.2939672946929936,0.018642959594726227
Temp12k,Temp12k (Kaufman et al. 2020),,multiproxy,31.5,99.5,-0.466131643,1.0,-0.4596003500620524,-1.2431991424570386,-0.8123274684842132,-0.7986624673679856,-0.28900846838951133,-0.08719519053965841,-0.20559894849897653,-0.5346284530882679,-0.6545613678515539,0.09547116146385248,-1.1030416011810302,-1.5231145189963295,-1.119760712608694,-0.9636824886916081,-0.8644112497568129,-0.8950856387615203,-0.1549626159667969,0.05816388309001923,-0.6157133209705352,-1.2205040901899338,-0.6353306933900137,-1.0136624223230881,-0.8987449206869708,-1.648889614649675,-0.5327463023890724,-0.7725613838057157,-0.3200203700206453,-0.35484610892647767,-0.5397676045380856,-1.0728863656520842,-0.555357292294502,-0.7864338517189026
Temp12k,Temp12k (Kaufman et al. 2020),,multiproxy,31.5,110.5,2.828666667,1.0,-0.37782302856445316,-0.6370486788994898,-0.09079046648862958,-0.579485695575368,0.5298590946197484,-0.06167815075244004,-0.4695286512700594,-0.32668922402934947,-0.6652876259932695,-0.037067762171092894,-0.620655632019043,-0.44594008111504746,-0.0929140500724314,-0.7187536782666665,-0.3492599248886108,-0.06245193481445312,0.14564043680826824,0.3477552159627279,-0.2099006239573161,-0.5802644491195679,-0.2983280926831853,-0.7716507897956553,-0.9713494749537823,-0.5372272601384015,-0.597004543026894,-0.6816473353502803,-0.3387904355901012,-0.5633508056997585,-1.3345094900268726,-0.7717181921005248,0.08088428974151603,-0.3943974018096919
Temp12k,Temp12k (Kaufman et al. 2020),,multiproxy,31.5,117.5,1.663517349,1.0,-0.2115694046020508,-0.7492530774421504,-0.21524464501381374,-0.7315658354158794,0.38657584190368727,0.0594299282394129,-0.37483120967494166,-0.31894218699798643,-0.34021206482874733,0.18864790859111857,-0.5255694389343262,-0.446121994266799,0.055788777023553636,-0.633037520303167,-0.5017645359039307,-0.2904388904571533,0.08305835723876953,0.6028308232625326,-0.09307791392008466,-0.5741615295410156,-0.42535730498067814,-0.8450408450515268,-0.8532293447935944,-0.619253180942467,-0.6241265424640283,-0.6593790688288479,-0.287230625966601,-0.48100818796503236,-0.9243009378714028,-0.76007604598999,0.0780236721038813,-0.39255533218383765
Temp12k,Temp12k (Kaufman et al. 2020),,multiproxy,31.5,128.5,-0.341059241,1.0,-0.3619032287597656,-0.7809344003413506,-0.4272027355359387,-0.6883480556257878,-0.4543739604949952,-0.057200663650224706,0.06981875109370819,0.14224856215215534,-0.36749796089024345,-0.20708399207262926,-0.5698959350585937,-0.9008288796499269,-0.43725148588418944,-0.41097983657452003,-0.6688880920410156,-0.3756606101989746,-0.025835367838541668,0.11667755126953125,-0.2544751040140788,-0.52524733543396,-0.4965499754088648,-0.6929064555616087,-1.2097334566296554,-0.6732557170247457,-0.5116859527618036,-0.66889215689255,-0.09231967192589662,-0.5000077371989254,-0.6808274865501563,-0.7211065769195558,-0.5515060424804686,-0.5401010894775391
Temp12k,Temp12k (Kaufman et al. 2020),,multiproxy,32.5,-109.5,-5.178114314,1.0,-0.3423898696899414,-0.636181674719589,-0.02032153168944414,-0.49948666820423476,-0.2391837384965683,0.07805943925686686,0.028260627435641807,-0.23391502896712246,-0.39269978759468027,-0.5340076143675758,-0.536592197418213,-0.5031964984511875,0.21565227396786338,-0.05595763968119956,-0.2510202169418335,-0.41964221000671387,0.3828718185424805,0.006655883789062502,-0.2945400714874268,-0.3766597906748454,0.01384704163290193,-0.6625265350836349,-1.0973268921855235,-1.0683045667331126,-0.5928224926665187,-0.6341527298860943,0.22341079419559026,-0.24116371237678624,-0.7064700010467746,-0.5772629340489703,-0.18778458171420584,-0.2321882539325288
Temp12k,Temp12k (Kaufman et al. 2020),,multiproxy,32.5,-4.5,0.16,1.0,-0.2321647644042969,-0.6568574259046791,-0.21410377298784297,-0.4146387416181657,-0.22337014940049937,0.08787200473774788,0.4333499421194983,0.24129239817685455,-0.21850068609239515,-0.02453202002928883,-0.499892520904541,-0.6676701148805253,-0.11890996992587986,-0.20166492830307195,-0.561623740196228,-0.659238862991333,0.3464691162109375,0.559521484375,-0.10754108428955078,-0.5141604741414388,-0.10270939644285444,-0.6939617442581469,-0.5762041514742635,-0.2422077703161561,-0.06598562665053961,-0.5976776390580745,0.1799968855744692,-0.41096705771486186,-0.24094765486502548,-0.4836829609341094,-0.22288636631435854,-0.4423822349972196
Temp12k,Temp12k (Kaufman et al. 2020),,multiproxy,32.5,81.5,-5.135,1.0,-0.3573519388834635,-1.0234422092780653,-0.6371877716183337,-0.5961147531791662,-0.5605057213041506,0.20392879332300298,0.1780187100928716,-0.07581788878116864,-0.4084604665770539,-0.32296757083963357,-1.0258633613586425,-1.3524137297105596,1.7282097376883216,-0.7205944520920964,-0.2677618741989136,-0.6247542142868043,0.5986758867899576,0.5522409439086914,-0.22654842535654704,-1.0950626532236736,0.1788011068454028,-0.7361071726590102,-1.1887439279568262,-1.2245170837113675,-0.44555403876051014,-0.558928369898344,0.10152677681976612,-0.5019187178727672,-0.5471813439158246,-0.9754133807288274,-0.7614371753401219,-0.6528007295396592
Temp12k,Temp12k (Kaufman et al. 2020),,multiproxy,33.5,-119.5,0.2595,1.0,-0.2788700485229493,-0.5349023155925444,-0.03327780199177164,-0.3534630966169538,-0.1562356101142036,0.30309201556069326,0.4019474966521227,0.1483313577717753,-0.07112572767158783,0.11915500395315165,-0.23742475509643526,-0.5502049949485526,-0.17964853048324278,-0.04798799368817896,0.15455288887023927,-0.24886415004730222,0.22081183115641279,0.12014109293619792,-0.10666029930114745,-0.3222482204437256,0.23420586518560188,-0.25357148098171306,-0.10747854683520842,0.04579181168016977,0.12389673097747433,-0.25978785490508527,0.30144788318601345,0.29977254744506093,-0.544746586471354,-0.4262182765536841,0.035004509819878876,-0.3655248143937851
Temp12k,Temp12k (Kaufman et al. 2020),,multiproxy,33.5,-78.5,0.671816667,1.0,-0.21602523803710938,-0.27563916481888867,-0.2252943816966578,-0.32291384764295583,-0.08954657342698992,0.20655973267202932,-0.15696323571002932,0.29135683103014703,-0.19887883755960098,-0.16485768238195547,-0.40753841400146484,-0.6085080879603525,-0.22173224315046855,-0.2421873613992567,-0.3177224159240723,-0.3654202938079834,0.24579887390136718,0.424926020304362,0.06861257553100585,-0.41808247566223145,0.07556681081949387,-0.45543727805188167,-0.6503013503226365,-0.16735377428755865,-0.29944975246707256,-0.3880259564250074,0.010826025114685401,-0.21369264723395762,-1.0479471453148512,-0.17377827432420548,0.044837109247843655,-0.2611048391130237
Temp12k,Temp12k (Kaufman et al. 2020),,multiproxy,33.5,101.5,1.69398841,1.0,-0.37259682973225905,-1.260992082565744,-0.5999961846628362,-0.5386048514136543,-0.24802950736549115,-0.1762040366331071,-0.19222637933402842,-0.4043762588239783,-0.5911149130588995,0.0577818611018215,-1.0131868839263916,-1.2657347031309218,-0.5662320254370556,-0.8878390725274021,-0.7348363727331162,-0.6298542410135269,-0.04777369181315104,0.23246104657649996,-0.7877728756268818,-1.0363005449374516,-0.3470082060173317,-0.5014065507977234,-0.8050081802696797,-1.493486559234484,-0.7095795623105522,-0.8476548376275101,-0.2024491187947885,-0.391707627436052,-0.5390629322795399,-0.9709296011262464,-0.42639064391453985,-0.6379864103264276
Temp12k,Temp12k (Kaufman et al. 2020),,multiproxy,34.5,-120.5,0.013728769,1.0,-0.2301903533935547,-0.5412419159978605,-0.036840741726328154,-0.378297760226746,-0.16879370689392093,0.3029258004473078,0.3868973844505277,0.15764138862094268,-0.002064128860604905,0.12016161891723344,-0.22570152282714842,-0.5309230762113921,-0.16142900213599032,-0.03802526325671078,0.15495581626892088,-0.23511984348297116,0.29211437225341796,0.1420926030476888,-0.07378877639770508,-0.32771527767181396,0.2765672726896329,-0.23589326311878678,-0.029453382275169047,0.048843116795746516,0.13136833494337458,-0.25266806843171674,0.31182491422777037,0.31658247494412206,-0.5032612705811411,-0.40729072888692264,0.08280107180277536,-0.36175724188486746
Temp12k,Temp12k (Kaufman et al. 2020),,multiproxy,34.5,-95.5,0.055431667,1.0,0.1232507578531901,0.3415950982940877,-0.005303046788075801,-0.0808289783453355,-0.16108586311340312,0.318465400407176,0.03694241408723816,0.03120488730703878,-0.13921880743229365,-0.1607567045290206,-0.586273193359375,-0.48403427542244537,0.19481865465641077,-0.151779535986647,-0.4922634840011596,-0.3697473049163818,0.8315436426798501,0.5348092905680337,0.15768804550170895,-0.5454561710357666,-0.15107383869969793,-0.4922318142100671,-1.477329186691754,-0.384424814240389,0.03920883265433426,-0.1614014182201965,0.3209254410709534,0.1858297654506744,-2.326608298373396,-0.4366121292114255,-0.19048682848612455,0.12185070673624626
Temp12k,Temp12k (Kaufman et al. 2020),,multiproxy,34.5,128.5,-0.61086496,1.0,-0.4295122528076172,-0.7334482335293596,-0.3483013107126617,-0.7016174886110903,-0.4880348682403563,0.02304169186923446,0.033457539607615286,0.21278488586416136,-0.39581074591038096,-0.11691272090191546,-0.6593003273010254,-0.7009685425618248,-0.3289169833064068,-0.37649365579227856,-0.6533663988113403,-0.40891385078430176,-0.0006106821695963539,0.18936705271402995,-0.11603357950846353,-0.618219256401062,-0.31191287425916076,-0.6091761394079365,-1.1766047968558042,-0.6767884019847767,-0.3330644988757,-0.6099017392016721,-0.07446620213942477,-0.42789238883990477,-0.7806590205856447,-0.7786841074625652,-0.48995771408081024,-0.5596273676554362
Temp12k,Temp12k (Kaufman et al. 2020),,multiproxy,35.5,-7.5,-0.562713496,1.0,0.03256149291992187,-0.09364794532050315,-0.17524811135119667,-0.23831771654760892,-0.17964859538608127,0.3900511554774452,0.22807036242457535,0.1909522068146906,-0.10533454551096626,0.29235020654517124,-0.25226688385009766,-0.4834964993932601,-0.45012358129024455,0.019827044947701496,-0.38643956184387207,-0.2188117504119873,0.27563171386718754,0.2148273468017578,-0.1380091667175293,-0.5123631954193115,0.15730869048353524,-0.479967965412302,-0.4258435129617992,-0.42259940365793663,-0.0006188923680910041,-0.36167543586761464,0.3390537415018373,-0.05397816588505009,-0.5397498464417787,-0.3969040976630313,-0.29370617866516074,-0.12176482412550195
Temp12k,Temp12k (Kaufman et al. 2020),,multiproxy,36.5,-115.5,3.079610405,1.0,-0.15222267150878907,-0.5275659354717954,0.11624861616124263,-0.16744415625441444,-0.21588913334740567,0.28620730059363375,0.5020665669896495,0.15270216092811456,-0.19593846871388537,-0.21030058373484153,-0.3383514404296875,-0.6782117790038367,0.17543311342597012,0.024359273715278643,-0.020868968963623044,-0.37192504405975335,0.24535514831542968,0.20042011260986328,-0.11778508186340332,-0.5834532181421915,0.3191002229460769,-0.3145265115351532,-0.43820232236063017,0.1356442117783682,0.028953743491182137,-0.1776072060077833,0.6670199287882433,0.2562073793912317,-0.262060191829263,-0.3712857431835595,-0.03843506971995036,-0.1688275522655911
Temp12k,Temp12k (Kaufman et al. 2020),,multiproxy,36.5,-108.5,-0.333707865,1.0,-0.30556138356526696,-0.506741516379776,0.15547175912252478,-0.322516241628217,-0.1744238808419986,0.16848466230377818,0.1625202684999828,-0.10093712460125201,-0.5666039280799551,-0.3945962349987192,-0.5151846885681153,-0.5806288668486758,0.19304209435358666,-0.08267433103143351,-0.16031856834888458,-0.3303159534931183,0.28727421442667644,-0.008516597747802735,-0.34939774831136067,-0.5485072731971741,0.22865420992327723,-0.4023881330690866,-0.7646603210630167,-0.7450062655967055,-0.2145948812128365,-0.241532191326197,0.4509908744075455,-0.0086723829751883,-0.3689720247829471,-0.5289012591044108,-0.11574406094021294,-0.43252392013867696
Temp12k,Temp12k (Kaufman et al. 2020),,multiproxy,36.5,-7.5,0.253023932,1.0,-0.06398124694824218,-0.12436655511566036,-0.16265294831277596,-0.18580519060533895,-0.13830917676289867,0.39153187340833256,0.2458125659123778,0.18316332142837466,-0.11837249301884821,0.253380506556271,-0.2087869644165039,-0.4631128514225686,-0.40014425814151744,0.04142849159191309,-0.3885324001312256,-0.1920626163482666,0.2405712127685547,0.1716144561767578,-0.15894613265991211,-0.6048972606658936,0.21420086151841788,-0.47873412199004167,-0.4055800697268308,-0.5006106982870412,0.02101994348168223,-0.3481310803397013,0.3543240799967774,-0.06295150422450252,-0.5283903669666759,-0.3629073037041557,-0.2584540843963622,-0.0690507623884413
Temp12k,Temp12k (Kaufman et al. 2020),,multiproxy,36.5,-4.5,0.242741341,1.0,0.015528259277343751,-0.2976901556563057,-0.1075234784509635,-0.2047970609321312,-0.02093111462063248,0.4263189614571483,0.342722000263217,0.23028349256826647,-0.058736088961075676,0.28300395242080034,-0.17308826446533201,-0.4602116698048575,-0.10312744230031913,0.034129539809527834,-0.33472394943237305,-0.20843143463134767,0.03305343627929686,0.2988939666748047,-0.054305000305175787,-0.6009464263916016,0.20310565483513124,-0.30601156220936687,-0.3850666165411828,-0.2825838120202984,0.1633329830409616,-0.35451874773023445,0.31646538928752627,-0.10395823232611973,-0.33661847916527554,-0.28738547431098077,-0.1765585316552055,-0.051118197970920126
Temp12k,Temp12k (Kaufman et al. 2020),,multiproxy,36.5,-2.5,0.298541559,1.0,-0.02055206298828125,-0.4585955431512497,-0.05668678265446278,-0.18420355804839517,0.03250823020935072,0.4426794873243223,0.3688288673850267,0.26555025025561674,-0.009611484180166071,0.41206896115961006,-0.1520709991455078,-0.4689290072656671,-0.001109188050031247,0.036118697807551635,-0.2977025508880615,-0.15704560279846191,0.15035616556803386,0.46283378601074227,0.08689289093017578,-0.45253006617228186,0.20892148886824796,-0.2361482130537491,-0.33134198286176103,0.008319365496196152,0.1350519696206434,-0.37600441048022065,0.31007769932905194,-0.03123284518253408,-0.33767094310473056,-0.24870162540011925,-0.14623586336771635,-0.04596341451009113
Temp12k,Temp12k (Kaufman et al. 2020),,multiproxy,36.5,141.5,1.059917577,1.0,-0.2566079966227214,-0.7799745225129042,-0.3240893801693087,-0.6622136948450281,-0.35925615416632684,-0.0350388610866337,-0.04348905635388031,0.22009237633425308,-0.3078317147150912,-0.2955206293036826,-0.7700923919677735,-0.8519846002210472,-0.5207714237272738,-0.348372655006016,-0.786746644973755,-0.7443373441696167,0.22081394195556642,0.2169204076131185,-0.102626740137736,-0.5064399242401123,-0.3583610800801422,-0.5862106019198319,-0.918053149998076,-0.6112348889897263,-0.3388523604206739,-0.6099540220528489,-0.22573207387728686,-0.506246749371045,-0.952832438638173,-0.751538239585029,-0.29977143605550094,-0.6259358670976427
Temp12k,Temp12k (Kaufman et al. 2020),,multiproxy,37.5,-111.5,-0.931333333,1.0,-0.26029529571533205,-0.49794581051971476,0.17250265425333028,-0.22133530363238207,-0.39304624398549387,0.27601322785210036,0.46764744084221377,0.044405981859458626,-0.4123339450936322,-0.31770125715363473,-0.4927743434906009,-0.6802544119929009,0.21554485894739628,-0.11057030186472491,-0.07393721342086793,-0.34478306174278267,0.2213383356730143,0.11123085021972656,-0.30934865474700923,-0.6618009805679321,0.32221262167652,-0.3256178516128266,-0.6367586876201284,-0.7486419442945091,-0.09009671228402961,-0.1945501609028876,0.6434982754751124,0.15286762520708594,-0.30080563248321895,-0.5023394823074342,-0.10733644167582218,-0.3595614274342856
Temp12k,Temp12k (Kaufman et al. 2020),,multiproxy,37.5,-110.5,-0.065976497,1.0,-0.2688666025797526,-0.4712132887275916,0.18130069460322576,-0.24270992439718864,-0.40093812147776275,0.2581592494341755,0.40726859652241726,0.015456264687204487,-0.6093480590262473,-0.2989270597537116,-0.5177043437957759,-0.6463890685949578,0.14568263851106167,-0.12711402665165483,-0.09765415191650391,-0.31348357796669,0.2553189913431803,0.09670133590698242,-0.333916449546814,-0.6990240812301636,0.31271695653629034,-0.34085411415441047,-0.6823078750731362,-0.7026817316090959,-0.1214327907087073,-0.19232376462352116,0.6102008357001156,0.11811513221344644,-0.29143825629532155,-0.5467252333958945,-0.16527795791626,-0.40503821770350146
Temp12k,Temp12k (Kaufman et al. 2020),,multiproxy,37.5,-108.5,-0.623846667,1.0,-0.3197930018107097,-0.4402247778667531,0.18083710630452807,-0.29496877540058575,-0.4164172212282816,0.2099834611925423,0.18850393188555595,-0.042443169657303784,-0.356445613194151,-0.19892886838090074,-0.44532690048217655,-0.5922895661896309,0.24219106638338417,-0.11478587792540666,-0.14568931609392166,-0.2343547485768795,0.29238290786743165,0.005966663360595703,-0.35847795009613037,-0.6266191601753235,0.2916567239572791,-0.34898740597881484,-0.7753825927177523,-0.6804195438801018,-0.13504160553894437,-0.2022486374807542,0.4170148314624638,0.05668420412203183,-0.2705945879982349,-0.525453007221222,-0.17260836760203058,-0.45000149930516875
Temp12k,Temp12k (Kaufman et al. 2020),,multiproxy,37.5,-107.5,-0.865928571,1.0,-0.33353074391682946,-0.42040920658523945,0.17442700433990682,-0.4542074700105706,-0.2137360771497089,0.20250862023179644,0.0905492924249156,-0.0713928868295579,-0.21331380883999004,-0.20133908094912167,-0.40543755888938865,-0.5699031149100536,0.26067716849502176,-0.09308488835435097,-0.1690450683236122,-0.24281532689929008,0.32547616958618164,0.023399829864501953,-0.3578957319259644,-0.5771371126174927,0.27388544962284145,-0.3493308463478898,-0.8225960687927398,-0.6931188997351792,-0.1413353890599457,-0.2085393857200833,0.34557134299784353,0.06986933835300452,-0.2615188405804782,-0.4964762727419535,-0.15818146864573168,-0.37597062811255444
Temp12k,Temp12k (Kaufman et al. 2020),,multiproxy,37.5,-31.5,1.143793519,1.0,-0.3629680633544922,-0.3631370066631593,-0.1531823296671695,-0.22715984344266243,-0.1766629378000895,0.3905816873788136,0.21933721625441616,0.20228849377006322,0.03440070027136102,0.17356893036586846,-0.27464866638183594,-0.5141593089380142,-0.29448847472667694,-0.14485186802903588,-0.13182811737060549,0.027658939361572266,0.5558147430419922,0.5146247863769531,0.22038345336914061,-0.10346388816833496,0.22772374751749314,-0.1622215420670398,-0.18434229879016006,-0.06916135415499752,0.15188197299803907,-0.22681996978497715,0.08904724111569678,0.2401752426684483,-0.06709190588688424,-0.17603383064270026,-0.10997009277343746,-0.48727335929870613
Temp12k,Temp12k (Kaufman et al. 2020),,multiproxy,37.5,-10.5,0.616317752,1.0,-0.12387809753417969,-0.07144283226014457,-0.12495307536384065,-0.28098314443751793,-0.22398104667663574,0.3594069994847124,0.16819811690944747,0.16525255168545683,-0.17072680757038186,0.17848136420514468,-0.16286697387695312,-0.43335536529548113,-0.4889546073973179,0.08373625880881586,-0.3372566223144531,-0.06576533317565916,0.3628810882568359,0.2990276336669922,-0.0838242530822754,-0.49909353256225586,0.3333770051144758,-0.4562123433742782,-0.33888578901312694,-0.3327566078403814,-0.1514803181068316,-0.3906643361480604,0.40359503089753246,-0.08587299977632873,-0.6086086954896403,-0.42859889666239426,-0.36614203453063965,-0.20482764244079593
Temp12k,Temp12k (Kaufman et al. 2020),,multiproxy,37.5,13.5,1.813333333,1.0,0.5083908081054688,-0.6139088789965486,0.16162248301840026,0.020505855021372477,0.21299187342325845,0.441964597233139,0.39997843772061575,0.4391266991724888,-0.02268304382839821,0.3764142426340641,-0.11468143463134768,-0.33877031837619714,0.25603146851062775,0.1881688329225851,-0.1782325267791748,0.04000191688537598,0.5499603271484376,0.6843498229980469,0.299945068359375,-0.02837991714477539,0.3357541006201362,-0.11875811946250533,0.013578411357147636,-0.05371545003837796,0.08530281199084964,-0.24896148471773255,0.25796352766042924,0.11631436631089992,-0.10707175894341617,0.03272191683451337,0.15055216153462744,0.09500336647033696
Temp12k,Temp12k (Kaufman et al. 2020),,multiproxy,38.5,-107.5,-1.552641667,1.0,-0.3339707056681315,-0.3709231062536738,0.18576015094781234,-0.23007962791401088,-0.31883571412828204,0.24945176529492846,0.13734817365558827,-0.002537814316423026,-0.21940635652435037,-0.09353002202782842,-0.3542675375938411,-0.5574871714226262,0.28170776872430037,-0.10783923393763792,-0.15833228081464767,-0.16714975610375404,0.3154717445373535,0.12489709854125977,-0.35080681641896566,-0.6367443799972534,0.33371428790154023,-0.29157797903512,-0.7826735208073445,-0.6587236841711207,-0.05573784410518338,-0.16360618172547647,0.3610766014686445,0.10164345295835912,-0.18451119014571737,-0.47799079285727597,-0.18505969312455928,-0.2861561305820942
Temp12k,Temp12k (Kaufman et al. 2020),,multiproxy,38.5,-106.5,1.265333333,1.0,-0.3121176528930664,-0.3540598206483205,0.17395202491536632,-0.3381938165679659,-0.17895531124539332,0.2540399759074783,0.08619957535325419,-0.013639264229749893,-0.3581007859090566,-0.16372817051052868,-0.3311819911003114,-0.5484715588291493,0.24870077043306155,-0.08546962809723974,-0.19186513274908068,-0.18612756803631783,0.34544794082641606,0.1587956237792969,-0.3478475522994995,-0.5976876815160116,0.3112125356470954,-0.27691185794668294,-0.8100389212356915,-0.6130776881378341,-0.06301543557002841,-0.169852511781455,0.3868673148510793,0.09420989958284093,-0.21644166128434347,-0.45595088402430206,-0.15382907390594486,-0.3528159849014545
Temp12k,Temp12k (Kaufman et al. 2020),,multiproxy,38.5,-9.5,2.179820403,1.0,-0.16356956481933593,-0.08850070109052804,-0.12139612050593038,-0.2919072181977656,-0.26814941830105266,0.35547146665219587,0.1728679012845306,0.23112735616600333,-0.21929523845672105,0.13787852938576753,-0.1687854766845703,-0.43365305551076627,-0.43295700699090894,0.0964910999377386,-0.3556545257568359,-0.08855748176574706,0.24864107767740884,0.19154075622558592,-0.13406874338785807,-0.5548410415649414,0.25319752262081596,-0.4676974157227806,-0.3684703938981112,-0.37120612066666225,-0.19547195451681876,-0.43834313412870146,0.38262362703624964,-0.1249005647178387,-0.6451886560014763,-0.3851522498660617,-0.3186602698432074,-0.24711994594997838
Temp12k,Temp12k (Kaufman et al. 2020),,multiproxy,38.5,13.5,-0.094389429,1.0,0.500423583984375,-0.60174083717137,0.1663025704313077,0.028052064094487406,0.213097030851576,0.4036211241583737,0.45553262813170436,0.492638509511418,0.19262863474085593,0.4153432025771977,-0.0888471603393555,-0.3182626027808222,0.25810944736003877,0.18497949134801153,-0.14586396217346193,0.06508708000183105,0.5852774047851563,0.7655494689941407,0.31407978057861324,-0.04394348462422689,0.36031852056481045,-0.10995882938314386,-0.004495687699971114,-0.027049071672654728,0.08583673352136238,-0.2384187629422144,0.2439651019346866,0.20152696042593657,-0.0727030805318714,0.041389428244696755,0.22377653651767337,0.11589005046420621
Temp12k,Temp12k (Kaufman et al. 2020),,multiproxy,38.5,43.5,1.186410715,1.0,0.26964385986328127,-0.8933628442483504,0.11686020325473417,-0.2794512719441784,0.33066997607549137,0.43240259453635,0.21603067958508693,0.7304524654932325,0.1413795610255767,0.013274103755648588,-0.24531850814819334,-0.2957422476986817,0.4671874724328542,-0.016043042383033022,-0.5098603963851929,-0.3692777037620545,0.7599154663085939,0.9149301910400393,-0.1481263542175293,-0.32752680778503424,0.38816832428818115,-0.24190253965183706,0.08535844602631863,-0.13494658201326276,-0.13126969047282008,-0.3312167852995417,0.5637810928722561,0.4982717749401735,-0.2771370780035436,-0.12863223287794326,0.5950828817155633,-0.2302920688523184
Temp12k,Temp12k (Kaufman et al. 2020),,multiproxy,39.5,-105.5,1.277657143,1.0,-0.22931585947672525,-0.274929455295779,0.15645876562515743,-0.44058028109965464,0.017825881640117357,0.3146959531508027,0.2154827329558454,0.05431089216992599,-0.43309452447074726,-0.22976109561826805,-0.28098767399787916,-0.551075548058674,0.3224519403884193,-0.08394662914759078,-0.15721433609724042,-0.18248476609587666,0.4708391443888346,0.30269241968790694,-0.3059871864318848,-0.5840534369150797,0.3045066987099531,-0.23780075226273992,-0.7408991081174707,-0.47194100047823,0.021344619602670308,-0.12105900212287662,0.3976508978265717,0.11491850770749114,-0.24836042372117936,-0.4142488307423061,-0.12289754682117036,-0.2870809367630217
Temp12k,Temp12k (Kaufman et al. 2020),,multiproxy,39.5,-10.5,0.062982619,1.0,-0.06887840270996094,-0.07845872336369529,-0.08470649341606452,-0.26575573367162486,-0.20833470980326338,0.37986684498966083,0.18115695967201417,0.22251287307015885,-0.12291009371553119,0.22452783873526794,-0.15549488067626954,-0.43346298255277493,-0.5340938583016414,0.10523950328461637,-0.32212123870849607,-0.003929948806762697,0.3485853576660156,0.2734554290771484,-0.044364786148071295,-0.5291997989018757,0.2960448318391464,-0.4298884212776473,-0.3494246947086684,-0.21217787409773128,-0.14554057364238904,-0.38467247549947386,0.46361718821129594,-0.03205786477162949,-0.5963515561306925,-0.40516368018256277,-0.34490016301472964,-0.21068166202969013
Temp12k,Temp12k (Kaufman et al. 2020),,multiproxy,40.5,-105.5,-1.4458,1.0,-0.19491451263427736,-0.2052816119232333,0.158793791716051,-0.30565257790367106,-0.246080341339112,0.3694178803844025,0.3090269858247816,0.10770095092471987,-0.2281444522862714,-0.16807059605306351,-0.2452539801597596,-0.5624967602953864,0.33781997615005865,-0.07683250702335107,-0.10193402916193008,-0.15480676367878912,0.5522741190592448,0.29461763381958006,-0.2546621131896973,-0.6152424216270447,0.3023251430136894,-0.19631712607967966,-0.6595137333092429,-0.44084322526155734,0.12512487548148354,-0.032216624243813066,0.40568342211540953,0.1418848372869296,-0.20317038733533213,-0.4057004570960998,-0.12356380224227904,-0.2811716508865356
Temp12k,Temp12k (Kaufman et al. 2020),,multiproxy,40.5,143.5,0.987575277,1.0,-0.019339548746744786,-1.3292491703180533,-1.0012231498222317,-0.7163257749467065,-0.3046197366714477,-0.061863928489378016,-0.1072393014232276,0.260253941576,-0.45971070367133515,-0.884174453273621,-0.8965393066406249,-1.160696254959589,-0.7919301919639117,-0.3530564250765956,-1.929392671585083,-0.8313729882240295,0.3169680023193359,0.29715670267740885,0.18263507525126138,-0.5033987760543823,-0.21926516642277735,-0.2537991098457226,-0.8002166929252142,-0.6080442410364343,-0.44398225051661727,-0.9638497488095414,-0.3951289124660562,-0.3444020831410285,-1.8259904432660408,-0.7894356966018674,-0.26762504577636637,-0.7210218286514283
Temp12k,Temp12k (Kaufman et al. 2020),,multiproxy,41.5,-124.5,-0.983327945,1.0,-0.046767082214355465,-0.3163891630342104,0.04621402187987647,-0.21747773385884248,-0.18672254827287466,0.4178499961830582,0.23000748818679032,0.25573266326089417,-0.13755030574128463,0.15342840390194923,-0.16490001678466865,-0.5777381004125863,0.01967670023441559,-0.07880203319290954,0.21031441688537597,0.08989861011505128,0.24415355682373047,0.2870990753173828,-0.19447891235351566,-0.4324812094370524,0.4049621614599036,-0.26432762095800444,-0.14652944838990634,0.02993375768372921,0.16736141852267286,-0.1894425007793017,0.10200771481747233,0.08864505728274333,-0.2759981752642189,-0.21014520327250172,-0.13024532000223799,-0.19278697225782604
Temp12k,Temp12k (Kaufman et al. 2020),,multiproxy,41.5,-86.5,-0.043333333,1.0,0.09619054158528645,0.4756305937819247,-0.37991547161562056,-0.6166568360375346,-0.4801231765747074,0.5085484328937329,0.1603328956745796,0.2398778577923527,-0.12456234291842404,-0.08282560816947222,-0.5647417068481445,-0.7962943568163495,-0.06896843835711661,-0.27663429717115257,-0.450324547290802,-0.46115316152572633,0.7465544509887696,1.088652712504069,0.11626823425292969,-0.755695621172587,-0.08257758900098797,-0.49789548479482365,-1.0961411313697402,-0.42923541646189817,0.047909368871546225,-0.3016508423701241,0.21896825063099776,-0.2537374308943659,-1.6276952631297192,-0.4863589048385623,-0.10811801486545164,-0.25077142609490244
Temp12k,Temp12k (Kaufman et al. 2020),,multiproxy,41.5,-84.5,0.235291667,1.0,0.057368901570638016,0.3557137371589095,-0.3912904666764955,-0.4901775615937932,0.12351983759138276,0.48411385928032935,0.14119738718865427,0.27399560957889524,-0.12923591294696105,-0.0988457128599212,-0.5667018890380859,-0.7677332642713064,-0.03205605670809933,-0.2896278678118943,-0.42395964860916135,-0.46214420795440675,0.6555400848388673,1.0694191360473633,0.10801486333211263,-0.7192910313606263,-0.04824119759631005,-0.4904315006891686,-1.052810269994268,-0.4150702687440846,0.026010258953764954,-0.3292575503157569,0.1940938498223035,-0.2705637760328422,-1.5455516758527443,-0.4609965483347579,0.15622445477379646,-0.19200711409250876
Temp12k,Temp12k (Kaufman et al. 2020),,multiproxy,41.5,-74.5,0.369520204,1.0,-0.20757654825846358,-0.03560459531037375,-0.38450139672519856,-0.5595477443917515,0.14351665549808107,0.33636807942896674,0.2037853443838905,0.2762609645107971,-0.07155129104336679,-0.08047632049142331,-0.4095132827758789,-0.6862278031952276,0.15706175938249012,-0.26197796992861205,-0.2678188323974609,-0.3007666826248169,0.3773571586608887,0.7561242485046388,0.18807180563608805,-0.503154734770457,0.11196951279422869,-0.45765147265347006,-0.6827957531134514,-0.27834227038681814,0.018537596444670925,-0.38342416281727587,0.11250893005942275,-0.27461363553971563,-1.259624565538451,-0.35102584362030076,-0.34910855028364407,-0.1791480392879908
Temp12k,Temp12k (Kaufman et al. 2020),,multiproxy,41.5,-73.5,0.59425,1.0,-0.19927688598632814,-0.16736084548970998,-0.3382666470338952,-0.6386315168429207,-0.06350518756442528,0.3541362013701135,0.19270964085351902,0.2772040954855176,-0.09997575836493297,-0.08476476314250149,-0.37284460067749026,-0.668556072487891,0.10740104913711954,-0.23743144638509645,-0.2405456900596619,-0.25938876867294314,0.4158012199401856,0.7524671745300293,0.21016869068145752,-0.44807577133178716,0.16060509689305036,-0.4189943245408315,-0.6131720753142812,-0.3104717881232922,0.019835784324576937,-0.38578336665932633,0.1109370940197403,-0.27220615878205334,-1.0948321145549038,-0.34338627126481847,-0.3720193306605022,-0.17753943814171674
Temp12k,Temp12k (Kaufman et al. 2020),,multiproxy,41.5,-70.5,-0.13125,1.0,-0.13004627227783203,-0.4598406011325018,-0.25420364819472996,-0.5327358835427142,-0.3599155611462063,0.41441887236589403,0.16573170492908001,0.3339559890498328,0.07342142773698634,-0.023106376764747222,-0.3257232666015625,-0.5983147465252506,0.03362443819642187,-0.2418121877589347,-0.17103531360626217,-0.1180859565734863,0.26315639495849613,0.6409455108642578,0.2552560520172119,-0.4226495027542115,0.29705786202138373,-0.3048813867971482,-0.4539436948467501,-0.2894085655371893,0.055935186596502574,-0.4491554620584677,0.1044039155374778,-0.293534876561545,-0.4665659621454067,-0.3811595148510408,-0.43308154477013483,-0.16142262087927958
Temp12k,Temp12k (Kaufman et al. 2020),,multiproxy,41.5,-0.5,-3.658620748,1.0,0.02490102132161458,-0.3951750817605782,-0.027142088476975836,-0.06664989053410222,0.052013264762030414,0.362164563838281,0.5348971680941865,0.567835782696657,-0.12029365793755005,0.2323852117792851,-0.07799415588378907,-0.38572931054800463,0.44280457869172374,0.2179791671174755,-0.23871016502380368,-0.05230920314788817,0.42188791910807294,0.7482208251953126,0.0647623602549235,-0.2211281458536784,0.19439528882287904,-0.3835611707857596,-0.14703057462161925,-0.0985446816709569,0.06726030851945333,-0.3099679573030728,0.28107149791947694,-0.15349420486364457,-0.3658739620440873,-0.12983357111612953,-0.04190183480580632,-0.08195565329657671
Temp12k,Temp12k (Kaufman et al. 2020),,multiproxy,41.5,23.5,-0.769642854,1.0,0.6429203287760417,-0.9614209491138835,0.26246945142226663,0.1987362844377712,0.5578045256932576,0.5139307525097979,0.6520446981919212,0.7584297055229119,-0.01176059648158062,0.5889034468996428,0.036278057098388675,-0.32971004039275276,0.7124527394771616,0.2696578669038939,-0.16313197612762453,-0.07027528285980225,0.918215560913086,1.2764141845703125,0.3050528367360433,0.02339752515157064,0.48880341836121366,-0.09455125347484086,0.15449063836151836,0.3084632380941699,0.14761813592535833,-0.280585896909163,0.3047621438179111,0.2943323379436298,-0.3263341492430919,0.14041038089328367,0.4272820048862042,0.22930786132812475
Temp12k,Temp12k (Kaufman et al. 2020),,multiproxy,42.5,-109.5,-1.180333333,1.0,-0.3134187698364258,-0.14669568911985345,0.18957099652513762,-0.15459446974781985,-0.3202699608272981,0.3867076225632169,0.4827589921577342,0.21921974426827792,-0.006561379248249955,0.1906340264466668,-0.21109524220228207,-0.5660930337928317,0.3994106969330456,-0.11018220776528541,0.07050261348485946,-0.058399952948093414,0.4930312156677246,0.3608791351318359,-0.22545511722564696,-0.7966603438059489,0.46520054048986276,-0.1352955901037838,-0.47007953301914124,-0.810709821452913,0.3067120184987091,0.0118471705704792,0.471855746318853,0.21540670095080494,0.0016079524022500798,-0.42923424243926933,-0.26827237341139043,-0.21960295360121462
Temp12k,Temp12k (Kaufman et al. 2020),,multiproxy,42.5,-73.5,-0.370477778,1.0,-0.21233062744140624,-0.08916824322002652,-0.3758048140746787,-0.5597038674922113,0.15537333488464372,0.3307291300386084,0.24410050080996154,0.2516430348558464,0.03352482872595146,-0.05370039474110521,-0.43574018478393556,-0.7034059523051677,0.19262707419693592,-0.24026525600087786,-0.2719760060310364,-0.2761872410774231,0.3089743614196777,0.7530989646911621,0.1745023250579834,-0.5203566551208496,0.1457671383109052,-0.44939393523218013,-0.7084608646034882,-0.29221684172361706,0.014752694632601504,-0.4397654468084373,0.12756153438722445,-0.2692033422809711,-1.151170627947205,-0.40013077788882845,-0.38517824014027924,-0.21479594839943777
Temp12k,Temp12k (Kaufman et al. 2020),,multiproxy,42.5,-72.5,1.233714285,1.0,-0.20130443572998047,-0.2069990853035455,-0.34327510778023357,-0.5744847475037435,0.08708842595418273,0.33881540587342374,0.22382309062542088,0.2690321518522101,0.021564403074827085,-0.036685875229996924,-0.4270048141479492,-0.6775336531318354,0.1825386043638006,-0.21485928383665281,-0.24512773752212524,-0.21983152627944946,0.282223383585612,0.7251307169596355,0.17967454592386883,-0.4608610471089681,0.1832432023296239,-0.44459920437272576,-0.6676566719875638,-0.2994146299118796,0.01566542377863683,-0.4560788759578047,0.11989088490484756,-0.27034481867552196,-0.9968698236450053,-0.3937175141440503,-0.40316304895612937,-0.21297512451807654
Temp12k,Temp12k (Kaufman et al. 2020),,multiproxy,42.5,-71.5,1.120875848,1.0,-0.18871288299560546,-0.32148371336388315,-0.3096093126680514,-0.6100347751017279,-0.04742663701375471,0.3541814695215787,0.20316698482076584,0.29696556127060525,-0.017966558446143293,-0.013922457510133575,-0.42262420654296873,-0.6412646359038652,0.11900171078741643,-0.19056890102603785,-0.2182794690132141,-0.16347581148147583,0.26310208638509114,0.6653188069661459,0.19125702381134033,-0.43880673249562585,0.22071926634834257,-0.39826935838226285,-0.6249981586360069,-0.29548056321496136,0.024518709935148833,-0.47272917236370554,0.10902132772252993,-0.27188823267524254,-0.7604373881929671,-0.4149080991745001,-0.42157537937164313,-0.16926029920577998
Temp12k,Temp12k (Kaufman et al. 2020),,multiproxy,42.5,-55.5,1.941010105,1.0,0.11155776977539061,-0.5065180320102093,-0.024875146104474062,-0.4504907465764912,-0.24401127497355107,0.6725091310603567,0.297386021328837,0.38297074617002425,0.25162964647159314,0.06763662636441947,-0.17718105316162108,-0.3542156521400742,0.5125613734126071,-0.01797686762054854,-0.0869330883026123,0.6063204765319823,-0.017129516601562502,0.46346454620361327,0.19254565238952637,-0.11409763495127359,0.5478058832159954,-0.08094090040262558,-0.23177812859551608,-0.24354990311607508,-0.01878032634980805,-0.5695505260690146,0.30670661692589585,-0.3457868317862395,0.11406153869530607,-0.7591381894217615,-0.6387711471981489,2.40064795811971
Temp12k,Temp12k (Kaufman et al. 2020),,multiproxy,42.5,126.5,5.665708333,1.0,-0.3366522789001465,-0.5678939859225678,-0.13666107244427209,-0.7737148612333652,-0.17575057877434644,0.20090931590359368,-0.14120157327020716,0.19395555023297598,-0.4666024749677075,-0.018646862750625562,-0.5634727001190186,-0.6607257522712631,0.18176931736525087,-0.40403697129267907,-0.6381296515464784,-0.4115304619073868,-0.24529802004496257,0.3703906218210856,0.09967422882715862,-0.9395119349161785,0.03940439256784409,-0.5349996059488943,-0.7949704104086874,-0.42563169097759157,-0.03789674780251216,-0.5424611498648447,-0.07861777505971372,-0.21255870256967402,-0.5806791805896981,-0.9296097344822353,-0.16829907099405897,-0.6964179866843754
Temp12k,Temp12k (Kaufman et al. 2020),,multiproxy,42.5,140.5,-1.75,1.0,-0.10517959594726561,-1.2252414380290093,-0.7584081725594611,-0.6691210576414177,-0.17595265971289792,0.09959625468546668,0.03026097663260417,0.06483947072234215,-0.12249769774328276,-0.12002906675614056,-0.5762768745422364,-1.0279929108514871,0.1544630313292167,-0.3259200843980729,-0.9586145639419555,-0.40617021322250363,0.5971738179524739,0.492274538675944,0.0874227523803711,-0.4770220120747884,-0.04279131474565765,-0.49697768850950325,-0.7504052710704573,-0.23950222340164884,0.044438645591408865,-0.3560709709455073,-0.2654690239927766,-0.19993593094357398,-1.021590309564042,-0.8974891636106711,0.04427664809756851,-0.7216174364089963
Temp12k,Temp12k (Kaufman et al. 2020),,multiproxy,43.5,-112.5,-0.809355154,1.0,-0.4419851303100586,-0.13227525251873262,0.16566053253301674,-0.2877384456708454,-0.452449611822763,0.36008649252355096,0.5051900689842544,0.2620936936404093,-0.00031790331560270935,0.21953673506873023,-0.2271701693534851,-0.5646035868646544,0.3600720659596853,-0.13292132264830928,0.12674465402960777,0.004034865647554398,0.4798467636108399,0.4342622756958008,-0.21488870978355407,-0.8218533992767334,0.4649889925941988,-0.13628512974810264,-0.38394019424486253,-0.16055277312162208,0.29190484016483315,-0.010111443580417857,0.44331596594936434,0.27650779598164094,-0.006362528711460231,-0.4215763807296745,-0.26488171021143514,-0.4335510869820912
Temp12k,Temp12k (Kaufman et al. 2020),,multiproxy,43.5,-95.5,-1.311708333,1.0,0.0499148178100586,0.7594782193550896,-0.20009546157094055,-0.4874874419729648,-0.5156338024139404,0.5908159555775927,0.5612338436236189,0.16238887361944399,-0.10203311263702447,-0.14832475437791376,-0.5724386215209961,-0.8831947060044025,0.061719920486211534,-0.20302302527452315,-0.32610589265823364,-0.4976039886474608,0.273787104288737,0.13930564880371094,-0.014761125246683755,-0.6670780181884766,-0.07707934346732084,-0.3452310236008427,-0.9987163982623103,-0.3897903402459544,0.2875918576743127,-0.038970208273561124,0.34451110208059504,-0.05469138167439267,-0.7714016261908179,-0.5431350072224941,-0.47008271217346254,-0.5648005366325378
Temp12k,Temp12k (Kaufman et al. 2020),,multiproxy,43.5,-93.5,-1.809166667,1.0,0.06102420806884766,0.804740015340033,-0.2667641771593617,-0.5286639208176901,-0.6051837523778276,0.5767327174397595,0.5066000766648789,0.19102725233501072,-0.12696427650163672,-0.15252635783955243,-0.6037901401519776,-0.8705594189263236,0.005007402971386456,-0.23337463008626827,-0.35192222595214845,-0.4530556321144104,0.16471165974934893,0.5401873016357422,-0.01331955591837565,-0.7661893367767334,-0.1274480511922941,-0.43016016175424443,-1.07763741306692,-0.6356589896880731,0.287851782795586,-0.14708316715778694,0.320471853580115,-0.06386898548598055,-0.8789373449438137,-0.5980961402257288,-0.46754724184672036,-0.512308259010315
Temp12k,Temp12k (Kaufman et al. 2020),,multiproxy,43.5,-89.5,-0.092529167,1.0,0.07208286285400392,0.5475787527777851,-0.3523995049584451,-0.5894155853833944,-0.5371034288406366,0.5217057957005137,0.32500329347131635,0.24610610806545044,-0.03813088664632907,-0.1305610764975358,-0.6175149440765382,-0.8544733815576728,-0.09070138931274448,-0.2862340688141433,-0.43489522933959956,-0.39797446727752683,0.3062408955891927,0.614345932006836,0.043926331202189126,-0.7528432011604309,-0.13723548031881008,-0.5807296547483395,-1.102866247477647,-0.6056560253072518,0.2346956108920376,-0.28761291906348896,0.24634484699937031,-0.24847740772135357,-1.5086453711670755,-0.6017696579297388,-0.2901066382726016,-0.5028732983271281
Temp12k,Temp12k (Kaufman et al. 2020),,multiproxy,43.5,-88.5,0.308275,1.0,0.026203041076660154,0.4406774129122685,-0.35447661665777197,-0.6863011557645713,-0.6714453951517736,0.501007124473846,0.273866841021093,0.25602949402184644,-0.06434322768372149,-0.08974547500719086,-0.6031316280364991,-0.8622360124124087,-0.23071306645870285,-0.29811104600754484,-0.4567825317382813,-0.40224738121032716,0.1663789367675781,0.42589378356933594,0.0855083703994751,-0.6373834013938904,-0.10585262946660265,-0.5482062498319464,-1.0568815078484173,-0.6154326022461232,0.19375906778585641,-0.315118387503704,0.24299799121400847,-0.2866039636000149,-1.5191961046075222,-0.5869650801022852,-0.3416693925857536,-0.5368763359387716
Temp12k,Temp12k (Kaufman et al. 2020),,multiproxy,43.5,-85.5,1.91055,1.0,-0.00869209289550781,0.14174580785628707,-0.378869934759513,-0.6134429526066444,-0.4939627885818486,0.4713567125283036,0.21463637880677572,0.2857996518910344,0.042274763934932784,-0.040174831304039225,-0.5804646492004395,-0.8443364887733756,-0.18464244641363686,-0.3059607867494376,-0.4728593349456786,-0.40979386568069454,0.46778915405273436,0.6676935195922851,0.1225417375564575,-0.7259660363197327,-0.016983849477339198,-0.5263046202252575,-0.9826496725236786,-0.5825667091863247,0.09687755495274905,-0.40243909208122186,0.20270802839747015,-0.3333329974480396,-1.5126664099471985,-0.5544462879498804,-0.012213095029196569,-0.44895115534464525
Temp12k,Temp12k (Kaufman et al. 2020),,multiproxy,43.5,-80.5,-0.451778572,1.0,-0.10190958658854166,0.11236940604850665,-0.42930207932520276,-0.6775320518038384,-0.2944733047485346,0.4433184446176932,0.3098993303160623,0.25809212264051706,-0.01519740142566324,0.003589027767104194,-0.5386734008789062,-0.7910467278621489,-0.09339053817093393,-0.29504787913318353,-0.39330595135688773,-0.3824398159980773,0.2221856371561686,0.5063166427612305,0.16652674198150633,-0.7072378396987915,0.0995161380940063,-0.42896123322160695,-0.9107642017915614,-0.49951731306156144,0.08091958879480744,-0.42213961687199986,0.18118426085018266,-0.4137761492899131,-0.9309820969238958,-0.47410764694213936,-0.38306428591410263,-0.20250824769337972
Temp12k,Temp12k (Kaufman et al. 2020),,multiproxy,43.5,-69.5,-0.106083333,1.0,-0.1794497044881185,-0.39599922641485713,-0.25379776492081085,-0.5526855336264673,-0.36591397603352815,0.37048052445216373,0.15322901494124724,0.33412163327816813,0.08609641070787852,0.019124718693358793,-0.4489372730255127,-0.5985066012674977,-0.1218650560826071,-0.13289905457074302,-0.2300078749656677,-0.052298116683959964,0.07197717030843098,0.29558186848958334,0.17764605522155763,-0.4576464891433716,0.27814547163194164,-0.3185473897018413,-0.6594135210421295,-0.30772064161367235,-0.03244362980300616,-0.5416947972026774,0.09233519791057282,-0.28572925056801396,-0.45607746485516537,-0.4794769605000815,-0.3954046885172517,-0.04726169109344483
Temp12k,Temp12k (Kaufman et al. 2020),,multiproxy,43.5,-64.5,0.478703704,1.0,-0.07124294281005861,-0.4238919045967324,-0.14799044489020088,-0.504675145854449,-0.3152271525065103,0.468518231976266,0.16464960385831118,0.4310752310569144,0.163280998834826,-0.004164328765996119,-0.33997278213500975,-0.5147281664285266,0.11946861520409527,-0.16940424212049585,-0.16120233535766604,0.2317406892776489,-0.07400459289550781,0.2098222732543945,0.14079880714416504,-0.48013144731521606,0.44545459019521794,-0.215047573245209,-0.46568398257452204,-0.20759626674517867,-0.09927029034124002,-0.5458996084853338,0.10312762125483105,-0.24430250221828248,-0.3488222324845396,-0.6556662003199254,-0.48422919909159173,0.7720201031366984
Temp12k,Temp12k (Kaufman et al. 2020),,multiproxy,43.5,-62.5,4.244019137,1.0,0.005408032735188799,-0.414560236186021,-0.13706449636339404,-0.5370677031648924,-0.34533254305521677,0.469663381080482,0.1884545651777757,0.4579627024406028,0.21379878189144133,-0.01790173067980831,-0.311126708984375,-0.5058161657680227,0.24435997232794693,-0.174004320926164,-0.1455957293510437,0.4242544174194336,-0.11861165364583334,0.24297733306884767,0.14987756411234537,-0.47364962100982666,0.46686828052394175,-0.14806096567972932,-0.4186765335420266,-0.18866293374634543,-0.07763090880010799,-0.5187374461803171,0.12070949572437216,-0.2673842004760007,-0.24646631267938468,-0.7260861794153846,-0.5502180258433009,1.3722435156504313
Temp12k,Temp12k (Kaufman et al. 2020),,multiproxy,43.5,-54.5,3.291360414,1.0,0.13557963053385416,-0.40777142574760017,-0.0407268784763042,-0.5548259498463614,-0.2838533194859825,0.5641759285594383,0.2915200798108955,0.3462005263549134,0.24091024764419278,0.0980732342423965,-0.3538835525512696,-0.34577786731772164,0.36502937525510704,-0.053816002526013595,-0.13033504486083985,0.903522229194641,0.023462982177734383,0.38506936391194657,0.21140533765157066,-0.14881205558776855,0.42952210265895535,-0.060394169601327694,-0.2989645290552943,-0.3054373571081206,-0.05409926565609445,-0.4723249238994682,0.2742520323339498,-0.271523814031413,-0.014671447412970131,-0.8326829751332606,-0.5657114903132113,2.4185319693883263
Temp12k,Temp12k (Kaufman et al. 2020),,multiproxy,43.5,-6.5,1.259955357,1.0,0.10915999094645183,-0.17458249539085863,-0.04133450248517981,-0.12110055664907071,-0.0925384950637819,0.45284397529049375,0.25243393774828227,0.4426846042518886,-0.061266925252900686,0.285056033755275,-0.13888874053955078,-0.39250738720370965,0.21063871383666932,0.14826257918849017,-0.2973722696304321,0.00428547859191894,0.4643610127766927,0.4962876637776693,0.06462704340616861,-0.1746734380722046,0.2756497761102651,-0.29346677605571525,-0.3150645414162217,0.08240209925208498,-0.009343166825619007,-0.26919410683709893,0.3544350440147289,-0.0880954910374285,-0.4106255112856674,-0.23235954443613727,-0.04614235560099356,-0.06256126562754315
Temp12k,Temp12k (Kaufman et al. 2020),,multiproxy,43.5,-3.5,-0.511392858,1.0,0.15477694193522137,-0.20268393498339857,0.000625157092414784,-0.12232412963323536,0.08478240172067966,0.4460496919981015,0.3119071437158176,0.5552258897778627,-0.02870742445196054,0.2744066902503762,-0.12243661880493165,-0.34362575728808764,0.11068302169442072,0.17323435070659374,-0.27550158500671384,0.07131915092468262,0.5175650533040365,0.5457963053385417,0.07823917388916016,-0.1585543155670166,0.28244737024027994,-0.284741415922877,-0.24076610396397818,0.09320597421775044,0.02050701423316462,-0.24117314312478483,0.320880457040399,-0.0893539942535462,-0.36177770914289575,-0.20863596598307307,-0.021836916605631904,-0.13458143393198643
Temp12k,Temp12k (Kaufman et al. 2020),,multiproxy,43.5,-2.5,-0.106493506,1.0,0.1794877370198568,-0.27915756096316474,0.011271614378456429,-0.10373216153123424,0.010628151893614116,0.4411491842311452,0.33988058468039445,0.590009623838975,-0.04715885494900767,0.28613818659781576,-0.11805057525634766,-0.33459512713535294,0.28608488366007756,0.18677789653820162,-0.27962470054626465,0.0556180477142334,0.49962793986002607,0.5667714436848958,0.08181517918904622,-0.14275240898132324,0.2768909326583418,-0.28157260080681723,-0.218757856532234,0.06292133095029384,0.010732465378187997,-0.2426838689452435,0.32086947778985697,-0.09116295898485466,-0.3672144619110018,-0.1958134969075522,-0.06303524971008277,-0.04204674561818442
Temp12k,Temp12k (Kaufman et al. 2020),,multiproxy,43.5,28.5,-4.778999998,1.0,0.6018005752563477,-0.9986931589510122,0.27910549270203067,-0.10477382946330563,0.38730854988098157,0.5447508632996503,0.6779579806326503,0.6382766231583203,0.30667202363113427,0.6822037545493723,0.025226593017578125,-0.3477457951208371,0.6857959985733036,0.1772275234826361,-0.07211651802062988,0.10186829566955567,0.9137675857543947,0.9354945373535157,0.38632271766662596,-0.027695655822753906,0.5577707252663264,0.037890836164407075,0.26900745640792123,0.47883310077871777,0.08967247525238747,-0.09733638129193375,0.36477400971658586,0.5438901853261503,-0.08790529499159046,0.0929523229599,0.4606295903523768,0.11783229668935138
Temp12k,Temp12k (Kaufman et al. 2020),,multiproxy,43.5,40.5,1.809285712,1.0,0.5663282775878906,-0.8430464177894582,0.22123851506877862,0.12016513393283375,0.5489347076416038,0.53424518996594,0.6292992274563297,0.6772361751729281,0.23199014945732094,0.5071921212362418,0.025584983825683597,-0.20030244516062204,0.6997089326381695,-0.007632024808807551,-0.1428363084793091,0.05192642211914062,0.8704390716552735,0.9428456115722657,0.23306043624877934,-0.10392904281616211,0.6466133810385402,0.15019199680375495,0.5097416564396353,0.36389968344644574,0.09945652229326729,0.11365560003717695,0.3894974195732261,0.6279360438292881,-0.29742009216940773,0.07082496484120732,0.6199374914169317,0.24598206996917726
Temp12k,Temp12k (Kaufman et al. 2020),,multiproxy,44.5,-123.5,0.27825,1.0,-0.14722181955973307,-0.33032641051175493,0.07466862157977833,-0.2813565031695397,-0.17649678866068547,0.45437963918184016,0.3073539693617176,0.2970689743063103,0.08146220320760608,0.20831387868556142,-0.14972076416015645,-0.6243808126058746,0.04070667847990966,-0.10594009169130071,0.236255556344986,0.2171558976173401,0.0516186777750651,0.12054959615071614,-0.22755067825317382,-0.4632381598154704,0.40900427926531857,-0.25260008415828117,-0.21204877242639822,0.0019561988698834024,0.1764552803043712,-0.11873491873155846,0.1817955069052731,0.0996977834949816,0.08110731190716367,-0.24747726652357352,-0.07306669553120934,-0.18141121175554065
Temp12k,Temp12k (Kaufman et al. 2020),,multiproxy,44.5,-99.5,2.3946,1.0,-0.010588633219401043,0.4634347270469381,-0.09066984840190054,-0.37114978895067474,-0.3265125068028774,0.5892969664516763,0.6193374100994533,0.24290127807067208,0.1158409776928282,-0.03141753378175695,-0.4298839092254639,-0.8586549587290897,0.08963240757584548,-0.13217368660266665,-0.16902348995208738,-0.39138084650039673,0.49364440282185873,0.4248050181070963,-0.005216008822123209,-0.5352561473846436,-0.0015372912873047873,-0.17552748498917312,-0.7250000203981257,-0.3062527644484885,0.3676343917528112,0.30246109109677466,0.4901657135261178,0.243901220293871,-0.2878933536525063,-0.3625092400444885,-0.34145720269945024,-0.422185123231676
Temp12k,Temp12k (Kaufman et al. 2020),,multiproxy,44.5,-93.5,0.541547618,1.0,0.097772216796875,0.7476401245203492,-0.2592131581762631,-0.6112974179408407,-0.6918364413579322,0.5745573550938579,0.5217052452136188,0.24381223289050702,-0.007821206449753548,-0.08180378393715865,-0.5989388942718505,-0.8811235917062044,-0.0006112581118941475,-0.26243818422208937,-0.33529777526855475,-0.36549891233444215,-0.024675420125325524,0.4296449279785157,-0.02232465744018555,-0.7884425719579061,-0.15181184459426797,-0.42882588058763904,-1.0825307624763156,-0.7308664210630157,0.32334734913397317,-0.16964550956336655,0.3050625475096689,-0.06521822661605678,-0.6843051798352563,-0.6331451919343741,-0.466614474190606,-0.5480721224678887
Temp12k,Temp12k (Kaufman et al. 2020),,multiproxy,44.5,-87.5,1.161666667,1.0,-0.01650428771972656,0.17799987367392153,-0.35438239692508033,-0.7225722352441386,-0.7117266019185372,0.34228745002906447,0.28174097903306883,0.29389773976103634,-0.013022877956940224,-0.0031018999728767986,-0.6030147075653076,-0.8722305203158629,-0.2537588985636829,-0.32947744651449656,-0.4562067985534668,-0.37966465950012207,0.07090088526407877,0.34222071965535483,0.0960972785949707,-0.6023426651954651,-0.04925489111155979,-0.5070655383627947,-0.9917240310983568,-0.8224760912873204,0.139348896298343,-0.40464354135373076,0.21754403029665145,-0.45919428342323726,-1.3287174443961944,-0.6166021095381848,-0.4060936901304459,-0.5980055809020995
Temp12k,Temp12k (Kaufman et al. 2020),,multiproxy,44.5,-78.5,-0.21855,1.0,-0.14285178502400717,-0.021344904117781498,-0.42763957754143056,-0.7094201764038756,-0.2598358927832673,0.4135369394101983,0.3293811784436305,0.2354001697034443,0.06681539256162364,0.052485696978784274,-0.5267471313476563,-0.760644465097865,-0.006519229337572638,-0.30227046173031225,-0.35380467772483826,-0.3120705842971802,0.22616326649983723,0.46728296915690104,0.16678189833958942,-0.7376002271970113,0.17727984505496805,-0.4185189692272731,-0.8692346428964459,-0.550051241003918,0.06744759145207431,-0.4868392947360395,0.1785580507178945,-0.3684673095077054,-0.4642997071881482,-0.505683420764076,-0.26385546127955006,-0.33006871620814016
Temp12k,Temp12k (Kaufman et al. 2020),,multiproxy,44.5,-76.5,-0.226479798,1.0,-0.1780771827697754,-0.011221887842530663,-0.42418158304661746,-0.8473061053266482,-0.1808397769927963,0.3819218235919678,0.33139603937054496,0.22873178122845772,0.06966491572097727,0.03381262927227732,-0.5125473499298095,-0.7292674733883229,0.09696559272706538,-0.299622333377509,-0.33642134070396423,-0.2854600191116333,0.262271203994751,0.5186046981811523,0.1893598794937134,-0.735397756099701,0.1463680356184019,-0.40598467931125914,-0.8548669796441688,-0.4591378217907859,0.06211640291715636,-0.4952149342506498,0.1627752344996647,-0.3188685457303953,-0.6893375792513947,-0.4915724926524697,-0.2637091702885089,-0.2875395708613927
Temp12k,Temp12k (Kaufman et al. 2020),,multiproxy,44.5,-70.5,0.169066667,1.0,-0.18468160629272462,-0.3382266327060999,-0.3118972403462008,-0.5909796242844291,-0.09352258735232813,0.3274298237923184,0.18100087199340628,0.27641551864366376,0.04823524326877873,0.07168945383532957,-0.4629894256591797,-0.6316928674677658,0.13637682795524675,-0.16513411869124123,-0.28614488840103147,-0.11264872550964354,0.22837828636169433,0.42704181671142577,0.16994376182556156,-0.5110976696014404,0.18759402189190366,-0.3768063238922574,-0.7889191087391332,-0.45247261373479863,-0.035269834631712654,-0.5575460044461308,0.13232357140005108,-0.2714442497456281,-0.7663454005026407,-0.4793444421556263,-0.321293428209092,-0.21806393676333968
Temp12k,Temp12k (Kaufman et al. 2020),,multiproxy,44.5,-69.5,0.16425,1.0,-0.17679917017618813,-0.40487236779942193,-0.27812020271728544,-0.5825719383215472,-0.17092904514736337,0.3466157447291586,0.16024252676435893,0.29886757310718604,0.010150533367964322,0.07824783976410028,-0.45708122253417965,-0.6258166976663404,0.07257565222680662,-0.14111218164033332,-0.2817575573921204,-0.0716249942779541,0.18006812095642089,0.3435434341430664,0.17112765868504842,-0.4803794026374817,0.23600831072401848,-0.3548508145282996,-0.7451160939864261,-0.41774538464746497,-0.04832101155846115,-0.5608084692939568,0.12241374940884701,-0.28188056136708123,-0.5756477473081807,-0.48217520183987095,-0.3182569715711795,-0.17168942875332324
Temp12k,Temp12k (Kaufman et al. 2020),,multiproxy,44.5,7.5,3.126761904,1.0,0.37988719940185545,-0.6653767018371516,0.11120629965791919,0.21543334526637103,0.8470689667595804,0.4173742779797199,0.7009599557175686,0.6890416375754579,0.008973224939649908,0.2953975273681112,0.024989604949951172,-0.29504568958946176,0.3652253024280082,0.3637555441538831,-0.23567569255828857,0.05241119861602783,0.6764778137207031,1.114369773864746,0.11142599582672119,-0.032190799713134766,0.3253190529752219,-0.20667062575561623,-0.1882015007282995,0.08317535367945841,0.1457263856970203,-0.37439649968705385,0.2702899979958716,0.06154748078779686,-0.1658463796953078,0.07525230778588231,0.37866140736474113,0.19134356445736375
Temp12k,Temp12k (Kaufman et al. 2020),,multiproxy,44.5,10.5,3.133214285,1.0,0.49011054992675784,-0.712877596156808,0.15119774836223704,0.026791381136449202,0.8045152876112232,0.42229440686905306,0.7301406694293334,0.6965104705812717,0.02009900419594083,0.34774344064183743,0.05274953842163086,-0.3032172277052974,0.5274591691792021,0.3711470956687429,-0.17656049728393552,0.058229041099548344,0.7748603820800781,1.4709918212890627,0.16067593574523928,-0.021420081456502277,0.34942249370508244,-0.16274808394213516,-0.15161109098808637,0.06380778283687762,0.09961843745714707,-0.2871419775738697,0.2646909731823847,0.06777622074528955,-0.15216164698873494,0.09447888798183893,0.28495079146491165,0.06196289327409533
Temp12k,Temp12k (Kaufman et al. 2020),,multiproxy,44.5,145.5,-0.757064971,1.0,-0.1383505821228027,-0.9094695397579599,-0.8079798666065326,-0.7031718762577202,-0.24162537230385778,0.37141276176233784,-0.05488172584842325,0.15496364150782066,-0.28694190597599656,-0.09871646213781025,-0.7068018913269043,-1.0605855025812176,-0.30227250503376024,-0.22095226701322007,-1.4309724628925322,-0.3049753367900848,0.3963960027694702,0.5826710414886475,-0.093644278049469,-0.27300550540288293,-0.013588180291215248,-0.7158333855674955,-0.5730357984116056,-0.22552303703714954,-0.3018805876842344,-0.5402546923058307,-0.5458082771377588,-0.18216670941213386,-1.0833129469170468,-0.5815932326846646,0.19696760177612505,-1.0597127787272136
Temp12k,Temp12k (Kaufman et al. 2020),,multiproxy,45.5,-122.5,1.288541667,1.0,-0.13517704010009768,-0.38134705314663503,0.09643327551322597,-0.1752303217429843,0.007753006617229122,0.5156906943008416,0.39138919810844136,0.33022256869664945,0.15291601444573535,0.18064558662519767,-0.1308457851409919,-0.6540293466188907,0.2353824995458127,-0.09678391265593124,0.27531564235687256,0.22951680421829224,0.13474019368489581,0.23117472330729166,-0.2352166175842285,-0.5075720945994059,0.40231616747290827,-0.20218020092526354,-0.20925625114459345,-0.07582548712746642,0.20877216076039518,-0.08284316256734983,0.2431235063803228,0.17037748117426443,0.11920028950386893,-0.27588603231642017,-0.03354260656568735,-0.09163867235183704
Temp12k,Temp12k (Kaufman et al. 2020),,multiproxy,45.5,-120.5,2.090333333,1.0,-0.09474053700764974,-0.3596776535797639,0.10064105391963508,-0.10257233502016566,-0.125432341363695,0.5449979618680127,0.5034133208970852,0.35164626267684046,0.05909089274183805,0.21783027856836182,-0.05467820167541507,-0.657645297999955,0.3597912926226856,-0.08260156392870108,0.3202064990997314,0.15231343507766723,0.29457875569661457,0.4349221420288086,-0.21232307751973467,-0.5902584393819172,0.4384645669713626,-0.18467878716651548,-0.21517936116223568,-0.15389079124481278,0.29627308918985606,0.009930540502063776,0.3699932359509328,0.31400796176982515,0.21743972998515124,-0.2616012626224096,-0.16147312058342872,-0.10317564169565842
Temp12k,Temp12k (Kaufman et al. 2020),,multiproxy,45.5,-93.5,0.085694444,1.0,0.13395131429036458,0.6722608363444679,-0.2516621391931646,-0.5657570084282999,-0.5076390653186363,0.5748487645588785,0.5087338024234793,0.2965972134460033,-0.025840008193127133,-0.028515218653980483,-0.5833454608917237,-0.891687764486085,-0.004325209744274612,-0.2912568909219092,-0.31629566550254823,-0.3072533130645752,-0.17501483917236327,0.31517370859781907,-0.008592255910237628,-0.8235977093378704,-0.16356620330738816,-0.46133191436475346,-1.0874241118857113,-0.8260738524379583,0.36533317960408657,-0.18774880488987847,0.25732821813088735,-0.14629376953865203,-0.44915372851769253,-0.6446422934532167,-0.34199670950571504,-0.5751997590065003
Temp12k,Temp12k (Kaufman et al. 2020),,multiproxy,45.5,-79.5,-0.124652778,1.0,-0.11475854873657226,-0.21368762444666467,-0.4044068433516752,-0.6625450244620018,-0.14665849765141709,0.4055658085940104,0.3270445461461994,0.2428385236447541,0.06308950611166185,0.11681445380502856,-0.5445540904998779,-0.7671694550366273,-0.04307990930974486,-0.30429278371823565,-0.36118956208229064,-0.2691152513027191,0.23310327529907227,0.36136455535888673,0.16053701639175416,-0.7432627081871033,0.12511759974244832,-0.46638191230353854,-0.8771700248609977,-0.715026301571249,0.05966173709999205,-0.5248167672142737,0.20116827141164173,-0.49358953289958934,-0.2898904126571631,-0.5424974626964998,-0.2828254752688938,-0.4407755455705855
Temp12k,Temp12k (Kaufman et al. 2020),,multiproxy,45.5,-77.5,-0.144956061,1.0,-0.13821357091267905,-0.2042914619257739,-0.40479531102288663,-0.640341921445255,-0.1504788239796958,0.3815295085627644,0.311022118825537,0.22560435396874212,0.07961973733021269,0.07885370308794823,-0.524442195892334,-0.7348982246412453,0.1522650431841611,-0.30097804711767684,-0.3465677797794342,-0.2467249035835266,0.2647901852925618,0.38678398132324215,0.17818567752838133,-0.7275971372922261,0.1322861065484499,-0.436743189403048,-0.8716135513672586,-0.6608990291176795,0.04565450617780236,-0.5359865721227641,0.18676330683649767,-0.33956097140367014,-0.570726889422656,-0.5205361710654368,-0.2650961081186934,-0.405796911319097
Temp12k,Temp12k (Kaufman et al. 2020),,multiproxy,45.5,-73.5,0.200555556,1.0,-0.19178232192993167,-0.26493164467239533,-0.3738108210230716,-0.98502041797105,-0.27569696029027374,0.32158847887289205,0.22362885998220655,0.20536192860325667,0.20748959007584455,0.09083745518217756,-0.5030072689056396,-0.6983361421364449,0.28672989588230846,-0.26986564785256795,-0.3328992933034897,-0.16168800592422483,0.2587407016754151,0.4995776748657227,0.1488030219078064,-0.6777342557907104,0.13303380549175176,-0.4724578579966178,-0.8476053217628933,-0.5777597689870189,0.016028415271866072,-0.5583005867575794,0.1667892870885611,-0.2691201448505747,-0.9913755568220893,-0.5014045000076296,-0.2985523025194797,-0.28035553336143504
Temp12k,Temp12k (Kaufman et al. 2020),,multiproxy,45.5,-70.5,0.9005,1.0,-0.17720602035522462,-0.41218070275600877,-0.32759602469780513,-0.632945638567513,-0.17195038663016476,0.3220526451430809,0.1757341323828042,0.24702059936076626,0.08612300611434537,0.10662476882628578,-0.4622431039810181,-0.6490780769604985,0.31341233849525435,-0.19200722354985486,-0.31941868066787715,-0.09175934791564941,0.26270581245422364,0.394882755279541,0.15138602256774902,-0.5958096981048584,0.17354551624362358,-0.4251040764983676,-0.877009855768099,-0.5803527059491935,-0.03724688796940899,-0.574847513384166,0.15598654009595703,-0.26313766199164484,-0.8621832331999275,-0.5039158582687382,-0.290521641572316,-0.25705730451477904
Temp12k,Temp12k (Kaufman et al. 2020),,multiproxy,45.5,-68.5,0.70962518,1.0,-0.1469839350382487,-0.4803039652366821,-0.2751714750074056,-0.5941086460276539,-0.07397716018888682,0.3073099649589075,0.18292062810786314,0.28020642651164157,0.03819031571187128,0.13001626341460784,-0.4652547836303711,-0.6622855534394407,0.2316921811550854,-0.15964277148567543,-0.31250139474868777,-0.01585224866867066,0.23777710596720378,0.36837483088175454,0.17112784306208292,-0.5243773659070332,0.2279186044895818,-0.47559320917654596,-0.7709351759602682,-0.4625371747093961,-0.06721100070453648,-0.5779769630625176,0.1385802769668225,-0.2920925060149279,-0.6967847082846046,-0.5202255540423928,-0.2771975252363408,-0.21376678652233566
Temp12k,Temp12k (Kaufman et al. 2020),,multiproxy,45.5,5.5,-0.46143991,1.0,0.42163822174072263,-0.9199162587682489,0.08136114638432243,0.1011089190751874,0.5442970832188913,0.4114901802404196,0.718962933944366,0.7180672258588855,0.15723720585453038,0.3988877242533484,0.03441896438598633,-0.32093415689661753,0.6788745116442441,0.4001204258367922,-0.2570211410522461,0.03220236301422119,0.6553915405273437,1.2054799524943032,0.13928741296132405,-0.002921422322591143,0.341668802132246,-0.2326786191266534,-0.19156956109881573,0.13233193528961257,0.13509675514869665,-0.25010747088710134,0.2512838961152295,0.04639190135441098,-0.16344822107295195,0.04229259755876325,0.45761582851410004,0.22795307318369554
Temp12k,Temp12k (Kaufman et al. 2020),,multiproxy,46.5,-98.5,0.294363636,1.0,0.010583388010660808,0.4103603378617887,-0.1408461866334576,-0.5342279504125627,-0.4273755399386089,0.5895441856848302,0.6186391898893456,0.3327069981787984,0.2344417817599851,0.2400446118313185,-0.4837520122528076,-0.9317243834969832,-0.026486266963184853,-0.2045955760851707,-0.21833294630050662,-0.44195863008499153,0.3822869237263998,0.41213754653930673,0.007913824717203775,-0.6400604248046875,-0.09582011226388876,-0.26907190139600146,-0.7803570064474193,-0.44204503081397906,0.37353176573548225,0.2005760019941208,0.36702404159863544,0.10314451184626725,-0.17755708726756728,-0.5871908267339085,-0.44893116950988765,-0.5833659879366558
Temp12k,Temp12k (Kaufman et al. 2020),,multiproxy,46.5,-95.5,-1.3525,1.0,0.10412039438883464,0.5301335088248531,-0.21270325414978364,-0.5470692931678549,-0.44391562700271636,0.5700310125754376,0.5339235559293114,0.32654907981430653,0.1713462861830488,0.09827312233486278,-0.5452009439468384,-0.9166739405497473,-0.034932278748602046,-0.27888560852087263,-0.26069509387016293,-0.3474895298480987,-0.12094606399536133,-0.03976196924845378,0.01866076151529948,-0.7715864181518555,-0.15305945099089172,-0.39100063083098624,-0.9644928202498125,-0.6977920287831708,0.35861173006050934,-0.07690192846753965,0.44656950862255795,0.1107220486561351,-0.12842939729134153,-0.6579613288243615,-0.36738135019938156,-0.5767531061172485
Temp12k,Temp12k (Kaufman et al. 2020),,multiproxy,46.5,-94.5,0.896673016,1.0,0.13576671600341797,0.5386617363505105,-0.23284341918675017,-0.5271956358149834,-0.4168804574012759,0.5684989811470306,0.5129970468354474,0.33218268584559324,0.1055894651267004,0.055217980853107744,-0.5492340326309204,-0.9124257156912743,-0.014467300940305183,-0.29634997902611576,-0.27773374915122984,-0.3078081667423248,-0.2112425422668457,0.08006952285766601,0.011564812660217286,-0.8188872337341309,-0.16744230503532842,-0.43729160340235285,-1.012626857716369,-0.8323932169485712,0.3626592094554561,-0.15077955584140862,0.35931868078144286,0.05171421095720938,-0.16528302066765888,-0.6612762729326886,-0.30724784930547105,-0.559585735797882
Temp12k,Temp12k (Kaufman et al. 2020),,multiproxy,46.5,-88.5,1.189642857,1.0,-0.06581418991088868,-0.1343705781765758,-0.3390293846729664,-0.647077452863666,-0.46164201100667346,0.521127016798863,0.3567593908978929,0.34793013430972225,-0.012517765790325083,0.03190642119486326,-0.5750352263450622,-0.8828743558475626,-0.28725827243179375,-0.3622738066301552,-0.3865221381187439,-0.30320836901664733,-0.21155909538269044,0.12100788116455079,-0.015265593528747554,-0.7024788856506348,-0.08091050182928172,-0.6583161134593141,-0.9666376551916174,-0.9896815810336488,0.0884060506191085,-0.5020982013279112,0.2668609529426462,-0.3479393455863752,-0.7041994563878318,-0.624388059973717,-0.4468639572461449,-0.6141334688663485
Temp12k,Temp12k (Kaufman et al. 2020),,multiproxy,46.5,-87.5,1.266333333,1.0,-0.10296773910522462,-0.2029317266998823,-0.35179511518171264,-0.6829683686517569,-0.5106807390848795,0.44281125290288215,0.35096362315631924,0.3415276151919484,-0.010938893581340698,0.052860176940977194,-0.5877279043197632,-0.8785320778334945,-0.3587502197362507,-0.35975563129170596,-0.398216187953949,-0.3080962598323822,-0.3053109725316366,0.0013869285583496295,0.011191900571187343,-0.6847610175609589,-0.05339723818534554,-0.6473478162497994,-0.9546041021847942,-1.0179074342532939,0.02328429295670041,-0.5369792352791912,0.2650895943318353,-0.45441289315098154,-0.59987937666261,-0.617950633168221,-0.4559332331021632,-0.6374755680561068
Temp12k,Temp12k (Kaufman et al. 2020),,multiproxy,46.5,-78.5,0.603285714,1.0,-0.11227728207906087,-0.36794299139684905,-0.38072302418987153,-0.6346081281437234,-0.18467821439107207,0.3893538547791514,0.301394300854864,0.23507624895541065,0.07553614103588921,0.12259364831720895,-0.5348917961120605,-0.7476532167665745,0.08755395987536757,-0.2906065207190007,-0.35046362280845644,-0.21486219167709353,0.26485997200012207,0.33778012593587237,0.17278668244679768,-0.7183419018983841,0.09694450734457481,-0.46321181812819334,-0.874007327041008,-0.835996633698733,0.03313810486034417,-0.5628805884241563,0.2004482728516859,-0.3601667402564768,-0.21374227719155056,-0.5555077711741131,-0.28982554674148653,-0.44824935595194504
Temp12k,Temp12k (Kaufman et al. 2020),,multiproxy,46.5,-77.5,0.768416667,1.0,-0.15059253374735515,-0.35922913890256436,-0.37787120646778943,-0.6180562196417949,-0.24180270830790174,0.36988002949204235,0.29058992137570083,0.22778542421263578,0.08237397560430847,0.11809852365082328,-0.5266179442405701,-0.7300257007429389,0.13776598201366103,-0.2814156465093007,-0.3515612781047821,-0.20097488164901733,0.27832417488098143,0.3543574015299479,0.17895424365997314,-0.7080107778310776,0.10228557356351048,-0.45675381281611976,-0.8825666182103264,-0.7989685166967442,0.0236499879284913,-0.566579227759404,0.19866853935613007,-0.3401569399007288,-0.37797043781611905,-0.5411306818326317,-0.2906057834625254,-0.412254532178243
Temp12k,Temp12k (Kaufman et al. 2020),,multiproxy,46.5,-73.5,1.2913,1.0,-0.180008544921875,-0.4047513004208181,-0.35320386995373276,-0.7288083338405793,-0.13967195192972875,0.32144406772516915,0.21086313695768721,0.19862212524153627,0.04737412902463948,0.12994985452789934,-0.5004687905311584,-0.682038486120361,0.2726200561039147,-0.2362455685651273,-0.35450899899005894,-0.11921318769454957,0.2768498086929322,0.3592934036254883,0.15576346278190611,-0.6680220663547516,0.13153629800989922,-0.45899782462329486,-0.8571472780207299,-0.6467396551674189,-0.013632611193699051,-0.5784626460951008,0.1772177791194651,-0.29525198159336496,-0.6648240413708524,-0.5183927536010746,-0.2652240594228126,-0.3049105389912924
Temp12k,Temp12k (Kaufman et al. 2020),,multiproxy,46.5,-70.5,0.5824,1.0,-0.1657857894897461,-0.5339045126717864,-0.32675800760841495,-0.6953166624536842,-0.22216276407241814,0.3174748363084523,0.17348286682593572,0.22322448297935635,0.12846237496708837,0.15359547334243545,-0.47117964029312137,-0.6480368958739886,0.34245886849239504,-0.1845406972527519,-0.3393279910087585,-0.04400458335876464,0.2777105212211609,0.3755161190032959,0.14676054477691652,-0.5887245237827301,0.1604849851855248,-0.4281629309775276,-0.9004204042880357,-0.6843924827357609,-0.055124122359307186,-0.5868138452166483,0.16946453418797003,-0.2731067055385203,-0.671383790284944,-0.5281633536020918,-0.2673241515954345,-0.2758809657891592
Temp12k,Temp12k (Kaufman et al. 2020),,multiproxy,46.5,6.5,0.978743198,1.0,0.43679718653361005,-0.8412332534618752,0.08725000913234353,0.04824687094972283,0.1256504575411484,0.38929241743915394,0.685710455568517,0.7356885726061168,0.14831908438258834,0.4335234134526956,0.024733734130859376,-0.3273941464478515,0.7799745351076149,0.42665875301957035,-0.23702839612960816,0.06594642400741578,0.6493100166320801,1.2910908699035646,0.1197202746073405,0.02443140745162964,0.36288578166369345,-0.24860427030211696,-0.18095751969428722,0.1466849676916599,0.1211717284186036,-0.2090937908471199,0.21826405609545446,0.04939885618375508,-0.16449746240466961,0.05370576381683347,0.38965042432149233,0.1892545779546104
Temp12k,Temp12k (Kaufman et al. 2020),,multiproxy,46.5,7.5,1.137499244,1.0,0.3905280113220215,-0.7910218591618274,0.10001371499421619,-0.017982207837110374,0.09300753672917729,0.36538292288066004,0.6791446398807134,0.736686663702558,0.09652809574477283,0.4270667581239399,0.01596379280090332,-0.3243894160032756,0.7713229596614865,0.43247692655231307,-0.23903697729110718,0.0811426043510437,0.6308690071105957,1.21329927444458,0.09206864833831786,0.0030112862586975098,0.3587676004062116,-0.273717940594298,-0.17827768071920896,0.1366627120002809,0.13788865106814194,-0.20283030172991529,0.1966881591293999,0.06600311795098049,-0.17339219860869845,0.06729416052500396,0.27512852350870953,-0.003074526786804269
Temp12k,Temp12k (Kaufman et al. 2020),,multiproxy,46.5,8.5,2.083689414,1.0,0.37076075871785485,-0.7972087975357043,0.112581757278663,-0.019020096656888166,0.16157854477564446,0.3475504402560909,0.6800295667345092,0.7376847547989991,0.06608268717557876,0.4274200558362424,0.010478878021240232,-0.3219438296140785,0.768794256448748,0.4375109079178858,-0.24104555845260622,0.09633878469467164,0.629155190785726,1.2504421679178874,0.06582218805948892,-0.006738483905792236,0.38061541083324835,-0.20932492822164278,-0.1745621893304603,0.12586509036313998,0.14027221140255064,-0.19876294967456326,0.18958154951113565,0.089255881889746,-0.17406853154145144,0.0791204373041787,0.2906146208445246,0.03604936281839975
Temp12k,Temp12k (Kaufman et al. 2020),,multiproxy,46.5,10.5,0.531250001,1.0,0.3486061668395996,-0.861829675853013,0.13184793452478186,0.004683824467529777,0.21268362283706643,0.3934158026709471,0.696748662098696,0.7396809369918812,0.07831197973047793,0.423978907573175,-0.011161088943481445,-0.3338269784970502,0.77584334500134,0.4240531056339323,-0.2363433539867401,0.09101337194442749,0.6791864585876466,1.3131903076171876,0.03342844009399414,0.004606723785400391,0.424311031687322,-0.11030880277914032,-0.1360616341428524,0.08100886871600027,0.13465949505840608,-0.2110223111271381,0.19452639960954668,0.10853580904075558,-0.18330203037646658,0.10167896747589086,0.31988865534464583,0.030374538898467508
Temp12k,Temp12k (Kaufman et al. 2020),,multiproxy,46.5,11.5,2.545714286,1.0,0.3558834139506022,-0.9116649409379186,0.14452765400862785,0.030483386906335393,0.23097079515457158,0.4132293285212507,0.7128700514012918,0.7396887290660669,0.11173773406821175,0.4343778372194185,-0.018169069290161134,-0.33864063423349655,0.7791590150445696,0.416274361732686,-0.22805593609809877,0.08759311437606812,0.7287758445739747,1.3490812555948897,0.04217482884724935,0.021535396575927734,0.43996017199993787,-0.10545558901210098,-0.11716133736213669,0.07038757129179883,0.12642948567958298,-0.22746824095023596,0.2015742191819733,0.11058020514729996,-0.19642265108733098,0.1113171974817909,0.33197843233744356,0.02940169731775845
Temp12k,Temp12k (Kaufman et al. 2020),,multiproxy,46.5,17.5,-4.339095239,1.0,1.05906244913737,-0.9293976572098295,0.266008807818225,0.14741886571516122,0.6768439849217733,0.42962307749057727,0.8835673593511288,0.7262034879239921,0.24141499598381677,0.6835024680883064,0.09860563278198242,-0.3408186167225771,0.8710384197533143,0.33656059382723114,-0.1427161693572998,0.09337377548217773,1.1646547317504883,1.7136880238850913,0.3333610137303671,0.09594619274139404,0.4756133248739723,-0.033457152196549836,0.015395525160346257,0.17009035205621914,0.07282939830999724,-0.23090964139105674,0.23674032868447908,0.2560570740785466,-0.2421166341146208,0.18683481216430667,0.5706038475036614,0.3153171777725226
Temp12k,Temp12k (Kaufman et al. 2020),,multiproxy,46.5,32.5,-3.84386905,1.0,0.7121657053629558,-0.9304794207364622,0.2914115483561271,-0.061387060104003424,0.4899026473363236,0.6025211119184306,0.7854233134336395,0.5471764738805304,0.40040034000211555,0.7231574100495584,0.0704798698425293,-0.3937909859170541,0.6613814160227772,0.0984972800611276,-0.04552650451660156,0.15018558502197266,1.0945078531901042,1.020371691385905,0.47302535374959315,-0.06786191463470459,0.7807675787024161,0.19674664602143482,0.31735650359339224,0.3578762887062962,0.07033399021022191,0.017835942438483292,0.406814689080806,0.6778686007076975,-0.028521075981882308,0.09056631724039699,0.4784873326619465,0.2553613185882572
Temp12k,Temp12k (Kaufman et al. 2020),,multiproxy,47.5,-93.5,1.316533333,1.0,0.1533389409383138,0.32645477603159956,-0.2649207774220608,-0.4965786179540171,-0.4555329826143052,0.5544592372643343,0.46892315142207747,0.35300665045527163,0.10882364020478076,0.08237487771442285,-0.5270450353622437,-0.9317570583375145,-0.02599032316356937,-0.3334596924198696,-0.28663458526134494,-0.25303136408329013,-0.34020687739054367,0.020015462239583337,-0.03660690784454346,-0.8594280282656351,-0.1797391056433172,-0.4996424416595348,-0.9963407985004864,-1.1626099087020725,0.33843635026846625,-0.25917675803662193,0.3488481552216703,-0.0005206856570106702,-0.023130640644984615,-0.6687004420492386,-0.2650950471560167,-0.5185921092828115
Temp12k,Temp12k (Kaufman et al. 2020),,multiproxy,47.5,-64.5,2.260556548,1.0,-0.15208768844604492,-0.5924588157910284,-0.2629889326684971,-0.7285035634654042,-0.26814849509133154,0.3136154087978424,0.16063298561147057,0.23647968972537328,0.06152782527957415,0.08584657469170265,-0.6462566137313842,-0.7525149791875184,0.0881297476589647,-0.12012371254798267,-0.3543442040681839,0.3854630053043365,0.202409029006958,0.3401228427886963,0.19277689456939698,-0.6563864250977834,0.2323151901385987,-0.4846675095832033,-0.5975254475705514,-0.43921228688099756,-0.09931879176207238,-0.5508066370650722,0.09743140126872482,-0.43866702381405454,-0.9405160749216674,-0.6366447077857129,-0.3330627275837793,-0.12272849745220601
Temp12k,Temp12k (Kaufman et al. 2020),,multiproxy,47.5,-53.5,-0.567,1.0,0.24871660868326823,-0.3228759286570597,-0.12761005414325163,-0.5291171912959826,0.0005041625764624271,0.4105133665148498,0.18582013705273992,0.22670617408319624,0.2667342070596236,0.6220900367643332,-0.4658004760742187,-0.36508426409425176,0.6956801805645262,-0.024781075439574845,-0.20238521099090576,1.1246867537498475,0.8274417082468668,0.7704586823781332,0.5423272212346395,-0.2723375757535299,0.256546115649063,-0.2370026727858433,-0.3489573986051319,-0.3881620457532817,0.10891940632292166,-0.2957824599687984,0.23887952795453316,-0.08213390638214453,-0.4113872957193402,-0.596050176355573,-0.18997070325745408,0.5210570275783543
Temp12k,Temp12k (Kaufman et al. 2020),,multiproxy,47.5,-2.5,2.010642859,1.0,0.44212754567464196,-0.4404688475832915,0.04062767084560163,0.0007457808816386524,-0.06825363636016703,0.506513968879563,0.38236326368795426,0.49879569163210213,0.09527226950428659,0.4365217894948949,0.018517494201660156,-0.39390795809942514,0.2633431479334878,0.23565879235819254,-0.2347351312637329,0.3088122606277466,0.7610610326131184,0.9310092926025391,0.18786056836446127,0.07663877805074057,0.47163722857069235,-0.10956952139473114,-0.2393473782765254,-0.4340283214892263,0.01535335590650066,-0.18492664979499335,0.3291033661089931,0.056863248627261685,-0.23680911137931804,-0.1310733821656962,0.040636062622071104,0.12102482053968623
Temp12k,Temp12k (Kaufman et al. 2020),,multiproxy,47.5,-1.5,1.234505952,1.0,0.48856792449951175,-0.5102743572175504,0.031881372817401166,0.09615520531555449,0.136178225941129,0.496513032955455,0.43483665447662634,0.5459025915850356,0.09136094704616049,0.4207354883252757,0.04248208999633789,-0.3830485778867743,0.42993503063917593,0.2734083494011138,-0.22431671619415283,0.2706016778945923,0.7759634017944336,1.0384702682495117,0.18582377433776853,0.11785372098286946,0.45879912624531083,-0.12365374638007218,-0.2306186242631277,-0.3802426271508299,0.01521941063213723,-0.17529538209996803,0.3076784553469213,0.050312654563342094,-0.22442613329072453,-0.09882626798417798,0.06532422171698707,0.258169078826904
Temp12k,Temp12k (Kaufman et al. 2020),,multiproxy,47.5,7.5,-0.476716991,1.0,0.47016286849975586,-0.8062879545964025,0.08192988041940266,-0.0011083214743312264,-0.10706442594528012,0.39167616814071915,0.6284774073872579,0.7126024450206151,0.1754271459584099,0.4770775846067047,0.0632939338684082,-0.3383374476708445,0.9330756962299405,0.444239965529166,-0.21877723932266235,0.12250357866287231,0.672487735748291,1.322786808013916,0.12272381782531738,0.06194605429967245,0.40973572665698166,-0.2114284849042744,-0.18530486242795258,0.13057034618334334,0.101594782449032,-0.17140616553671081,0.22411560462153662,0.09564948001114812,-0.1738377853823128,0.060469534662034655,0.3876545694139289,0.1952111191219749
Temp12k,Temp12k (Kaufman et al. 2020),,multiproxy,47.5,8.5,3.138616072,1.0,0.46155385971069335,-0.8256417681993624,0.09143790248483662,-0.029398517890136436,-0.029401640097297857,0.3737783860173288,0.6287141557942824,0.7164325851410103,0.13702702369052489,0.47249296003881447,0.051515054702758786,-0.3384810087203607,0.9033510386943865,0.4518825465120881,-0.2276712536811829,0.13003536462783813,0.6599554379781087,1.3148133277893066,0.0785987377166748,0.050341109434763595,0.42121667472342356,-0.15274714630383643,-0.18338930743375847,0.13938168212331317,0.11518621254783859,-0.16532746697589207,0.2116885740737022,0.10932332565423619,-0.15897957779862482,0.06889834668901212,0.376631985770333,0.1991486416922671
Temp12k,Temp12k (Kaufman et al. 2020),,multiproxy,47.5,11.5,1.484441137,1.0,0.4266137758890788,-0.9520943418688793,0.1228851851717384,-0.055144606846186425,0.29293210771348677,0.4024449714031823,0.6719447200858468,0.7264931992101551,0.1346264583554673,0.4774507153694366,0.035775852203369145,-0.3527047300442664,0.7607715744525188,0.42628858250927304,-0.22660074830055238,0.10662280321121216,0.6954829216003418,1.3218698501586914,0.0530679702758789,0.07404712835947673,0.4534325094283478,-0.05816151706731747,-0.13213671733374693,0.07758265380268764,0.13990821263748004,-0.18007977471882247,0.18483597465612134,0.14284991905083766,-0.1429407854208784,0.09479605621761715,0.3600087748633496,0.06293487283918578
Temp12k,Temp12k (Kaufman et al. 2020),,multiproxy,47.5,12.5,-0.106607142,1.0,0.43792613347371423,-0.9787470645513829,0.14272972241394002,-0.23297383869151655,0.3290057977040607,0.4044221222273152,0.6969818601706577,0.7246041141623871,0.14583013938142173,0.48866809796619914,0.032967329025268555,-0.3497853665523402,0.7700148262083522,0.417081304397067,-0.20489957928657532,0.10256344079971313,0.7458376884460449,1.3229875564575195,0.07472729682922363,0.08547572294871013,0.45600541951718454,-0.05378576951007616,-0.11098630872440468,0.09932416105324855,0.1375193773315371,-0.19609560490228156,0.17779821806265173,0.16460611892357777,-0.1587040325945701,0.10363238387637637,0.3599492179022898,-0.025060666932000163
Temp12k,Temp12k (Kaufman et al. 2020),,multiproxy,48.5,-124.5,-0.577333333,1.0,-0.26505390167236326,-0.4421456448155298,0.12866177685388652,-0.38529916219073546,-0.13791624704996788,0.4862533468431102,0.4081118107698276,0.3805566415620117,-0.11035663415913104,0.17598159000230518,-0.17915687561035157,-0.7217019958999251,-0.06473463140427671,-0.07088618547000859,0.2936084747314453,0.3426933526992798,0.0623779296875,0.18160842895507812,-0.2637407493591309,-0.4301174680391947,0.341957178135698,-0.2756339044484394,-0.17140613337923277,-0.07061310402043923,0.0640889962765846,-0.2554234472146121,0.136488916530637,0.0529511537659707,0.07906415907835515,-0.289957789580028,-0.20606173144446374,-0.2201117642720541
Temp12k,Temp12k (Kaufman et al. 2020),,multiproxy,48.5,-64.5,0.901,1.0,-0.12236997604370117,-0.6070872385590975,-0.26487944145641984,-0.6811554990741249,-0.23962247186236862,0.309027714464862,0.12381434208931948,0.19534840397813677,0.057309499670771334,0.03855190608029124,-0.6554583430290222,-0.7577913248176891,0.19560058028437616,-0.09784308048380588,-0.40725892484188075,0.4434191882610321,0.1965149784088135,0.34038727760314946,0.20333387017250062,-0.5863857368628184,0.21172714112272464,-0.4936904104681622,-0.5687292448711032,-0.49720248457974764,-0.1390825108278128,-0.5606199653443897,0.07028685884215585,-0.5203377995818306,-0.7791130647469798,-0.6604846013916864,-0.3331293549802568,-0.1514647508329815
Temp12k,Temp12k (Kaufman et al. 2020),,multiproxy,48.5,-0.5,1.713333335,1.0,0.5201027043660482,-0.5583888866546306,0.03456381992280728,0.06825666827654683,0.10638048913744055,0.4910290117610465,0.473752132573506,0.5709717917820881,0.0882103264374367,0.46773692652021803,0.060596466064453125,-0.37126410968333906,0.5782146774232391,0.3093096017442672,-0.18246526718139647,0.2933310985565185,0.8650924809773763,1.1396732711791993,0.20608152389526366,0.15187557538350424,0.47752342445745366,-0.11533042236487925,-0.22561266878442987,-0.4609366352486767,0.01762259798095164,-0.16603683165207095,0.2733681497835654,0.058695247406282666,-0.19163525144513016,-0.06779600514305979,0.08228052722083207,0.30673767407735203
Temp12k,Temp12k (Kaufman et al. 2020),,multiproxy,48.5,6.5,0.888333333,1.0,0.6053632418314616,-0.7916555827122848,0.05761014819117728,0.10190265941889709,0.2889720948537233,0.44134758635554766,0.6219405521119675,0.681856037194323,0.25591115814293686,0.5082997234830009,0.11823043823242188,-0.34969950651896103,0.8862802796065788,0.4150535432456445,-0.18572086095809937,0.17880467176437378,0.8046468798319498,1.5466181627909343,0.22837714672088624,0.15028653542200726,0.45783012840876003,-0.1261115444606784,-0.1915101170063144,0.09239835805723584,0.08439356245788662,-0.16223631255196513,0.24176507642569192,0.11078662049589741,-0.13117403476314454,0.05193085405561671,0.35380188094244946,0.3084593245718214
Temp12k,Temp12k (Kaufman et al. 2020),,multiproxy,48.5,8.5,2.03125577,1.0,0.5676918856302897,-0.8295166565849227,0.07029404769101026,0.00404679772217356,0.07677014774746532,0.41102797934151664,0.6204021122889055,0.6951804154830216,0.22567884678988706,0.5201154817846974,0.11268272399902343,-0.3550181878266429,0.9091285049915311,0.44119207313208053,-0.19709962606430054,0.1578813433647156,0.7637584114074707,1.4390659777323407,0.13854870637257893,0.14323033889134726,0.46130768010998263,-0.10790091697590586,-0.19221642553705665,0.15289827388348637,0.1204046001483243,-0.14517827053314802,0.22531768101425456,0.13533038878261044,-0.1183733698489024,0.06268665790557881,0.43699518839518137,0.2949996749560037
Temp12k,Temp12k (Kaufman et al. 2020),,multiproxy,49.5,-102.5,2.6508,1.0,0.01587622960408529,0.2726476363823028,-0.1086019797040893,-0.5707218872685674,-0.3439025759696958,0.5553533383824119,0.750911231894009,0.439622731418137,0.18373471387364132,0.33087657652807245,-0.44503670930862427,-1.059992657141207,-0.002920832019298993,-0.18107896744727275,-0.053277239203453064,-0.27080172300338745,0.35455224514007566,0.43672820727030437,-0.0034786462783813477,-0.7030895352363586,-0.11004649241877024,-0.39557960674037307,-0.6055020374689538,-0.7175715578886992,0.4211819507208082,0.14829847548743738,0.4076813887317333,0.2135773031426979,0.26981596650717665,-0.6868420243263247,-0.4413108229637145,-0.5458583354949951
Temp12k,Temp12k (Kaufman et al. 2020),,multiproxy,49.5,-74.5,0.356571429,1.0,-0.1735352698961894,-0.5441264589575108,-0.26548765817106024,-0.563751701120562,-0.27946652799844723,0.30247388505161454,0.18522284146796417,0.24244608150554825,-0.008867610203281332,0.22362521727718454,-0.5109087586402893,-0.6613403052555314,0.14382340923184414,-0.12669640338296112,-0.35755082219839096,-0.07028853446245194,0.45197613080342613,0.36531939228375754,0.18671899994214378,-0.5650684982538223,0.10876699222670205,-0.514493509428725,-0.8356465185472147,-0.6289875680206213,-0.08366641755003851,-0.620104967845733,0.21212042564655223,-0.3604778477510353,-0.07538855681492096,-0.5745383203029634,-0.47245660871267325,-0.3065196186304092
Temp12k,Temp12k (Kaufman et al. 2020),,multiproxy,49.5,-65.5,8.35025,1.0,-0.04495646158854167,-0.6612975672906564,-0.24621559971417,-0.6931283120867316,-0.3631032031774509,0.30901731225591655,0.09987445326974971,0.16235886262388596,0.07353068694412926,0.1284100547332612,-0.5408968448638916,-0.6685050554017243,0.3808853233698779,-0.0628756261428816,-0.42718173563480377,0.3454447746276855,0.31372289021809896,0.37574686368306476,0.1915257873137792,-0.5559816583991051,0.16866670921182386,-0.5159962454027133,-0.5740081804488018,-0.584472666622035,-0.12747137559959862,-0.5640098924564309,0.0260159719033771,-0.5699960547809184,-0.4935500033827431,-0.6599976852536202,-0.340049695968628,-0.21035167932510374
Temp12k,Temp12k (Kaufman et al. 2020),,multiproxy,49.5,-1.5,-0.068750001,1.0,0.5011613082885742,-0.48603981479123665,0.051400363514149464,-0.036787636291534545,-0.0355766010284421,0.4955959624760169,0.38415528232793056,0.5042708285663492,0.12087433466349089,0.5562194086248193,0.05686120986938477,-0.37846412527877676,0.5275624953210367,0.25643037456402107,-0.15273261070251465,0.38126404285430915,0.8102599716186523,0.9665120697021484,0.2578572463989258,0.14272642135620117,0.5012085590596718,-0.08143992518361261,-0.22362828881825123,-0.5854305958564935,0.037533142307386434,-0.18001971563833166,0.2993824086768259,0.07518910989231739,-0.20275319510833742,-0.09225366115570072,0.07437431812286376,0.1941857814788819
Temp12k,Temp12k (Kaufman et al. 2020),,multiproxy,49.5,-0.5,1.217785716,1.0,0.525939343770345,-0.5291079768479137,0.051600805270126865,-0.02213491337606443,-0.07832181930541922,0.49203040640294676,0.4580747789920619,0.5482828306850411,0.1250945915459026,0.5487511361063712,0.06020689010620117,-0.37217913013074194,0.5856475837528707,0.29666029124726856,-0.15049850940704343,0.3516472339630126,0.8928546778361003,1.088873723347982,0.24381516138712567,0.15959882736206055,0.49912176602523317,-0.07088434681453075,-0.213606291715705,-0.4711000109867206,0.041961173681816566,-0.1672140449995655,0.2857586802903304,0.07289899460344823,-0.1800621688174836,-0.0778554201126099,0.08799803256988528,0.21591488838195802
Temp12k,Temp12k (Kaufman et al. 2020),,multiproxy,49.5,19.5,-2.633507654,1.0,1.111314582824707,-0.7922070989366481,0.24071916418148093,0.07842907643406673,0.7059492158889764,0.5275547912900644,0.9216092144951674,0.692189146344887,0.4105520561633805,0.7294023042992821,0.16644725799560547,-0.33460845319907717,0.9820154104381803,0.32056015942094407,-0.056550049781799304,0.20102170705795286,1.2755933570861817,1.6623755264282227,0.33102179050445557,0.07067930698394775,0.576247868931915,-0.0037557613308113764,0.07468750749014244,0.0901430790023361,0.13575266738050046,-0.06877614980058827,0.2001630242420702,0.34707188912254117,0.010913840609327293,0.20253260135650636,0.6900170326232907,0.39976615905761725
Temp12k,Temp12k (Kaufman et al. 2020),,multiproxy,49.5,21.5,2.644219387,1.0,1.1432744979858398,-0.8081965554013407,0.26240093330785613,0.16687088753563142,0.7844233703613277,0.5292542703155546,0.9885473529575556,0.6852766648239733,0.38752269507693654,0.7514218455385038,0.16647448539733886,-0.3516950792497646,0.982444773241879,0.28628239435088243,-0.0336946964263916,0.19120129346847536,1.2798011525472006,1.5976557286580406,0.3548770332336426,0.054300665855407715,0.5944071919339542,0.046523017869237966,0.10241997600577675,0.10930868430665132,0.1827925460654241,-0.025746321310473372,0.187020827166377,0.3691444896896448,0.013393599320651924,0.2102233409881592,0.7618644237518308,0.3729622077941895
Temp12k,Temp12k (Kaufman et al. 2020),,multiproxy,49.5,25.5,0.2,1.0,1.1957135391235352,-0.795885155126897,0.2909309833088995,0.09733243648793388,0.7213934421539301,0.5527610932620162,1.0684736676345117,0.6906261371691054,0.3642181258593624,0.776581760106432,0.17812366485595701,-0.3963576528842169,0.926226457208394,0.20882231388236527,-0.05068752765655517,0.13355467319488526,1.2173098373413087,1.3893386459350587,0.4376914024353028,-0.0008747577667236328,0.6213885050056841,0.1321633142048769,0.18867882907670114,0.2476851928613008,0.27324970727650905,0.0549118872721806,0.20285370916486375,0.4419967540200992,-0.02588086614561779,0.18359551429748538,0.6892783641815186,0.37812750816345214
Temp12k,Temp12k (Kaufman et al. 2020),,multiproxy,49.5,117.5,0.4265,1.0,-0.1385811905066172,0.11068056519114847,0.035630883909304675,-0.5701975416171975,-0.04332903670147082,0.36275838699927365,0.21548607915586462,0.33278642787977564,-0.44268558837916394,0.05511227614126887,-0.5786654949188232,-0.5305281899168071,0.4084916648454987,-0.08354236552407855,-0.5207738541066647,-0.0532622542232275,-0.39160601298014325,0.23914899826049807,0.00555039644241333,-0.9101621732115746,0.09221908824443219,-0.337047636585175,-0.5053048971160075,0.21763941592637873,0.05392541550311527,-0.29654943506175147,-0.015107099285770462,-0.134458916358485,-0.4677811249853674,-0.6423448845744132,-0.14645649492740617,-0.7586555600166321
Temp12k,Temp12k (Kaufman et al. 2020),,multiproxy,50.5,-99.5,1.4905,1.0,-0.04076542536417643,0.14483899134018924,-0.2015544615228221,-0.5733722018897154,-0.434613096581565,0.5487299659628928,0.6230126805909401,0.41116947879947247,0.233738191225881,0.2849635810450442,-0.4742188692092895,-1.0583666417087143,-0.1550152539741259,-0.2702449334287911,-0.1560376465320587,-0.26220394968986505,0.22476622978846228,0.2563173993428548,-0.055257468223571776,-0.8050244549910228,-0.17738914869871597,-0.4807327612580124,-0.7783945886822554,-1.094267121005594,0.33703429233213306,-0.02946040501942883,0.4222630395802847,0.0641295880139859,0.156521463209623,-0.7882552550898658,-0.3373765329519908,-0.6232504686050946
Temp12k,Temp12k (Kaufman et al. 2020),,multiproxy,50.5,-66.5,0.447166667,1.0,0.012710577646891279,-0.593473032099034,-0.225660535330042,-0.5638195447913916,-0.1727680223186811,0.29958821446371786,0.14272004172395716,0.17496498162981583,0.019738091496959684,0.33403258130572605,-0.48507933616638177,-0.5805666257721619,0.403038870403543,-0.024844366202027963,-0.3992281951010227,0.2546543091535568,0.4918805027008057,0.4605790146191915,0.17239714205265044,-0.5422317037979762,0.1431224371248183,-0.4903145062666391,-0.5667831571143405,-0.3906121026957505,-0.10210916531859385,-0.5441546256658617,0.10567235978210535,-0.4131869227237401,-0.3277540393733358,-0.6316887019409076,-0.35260850257343723,-0.20943896187676328
Temp12k,Temp12k (Kaufman et al. 2020),,multiproxy,50.5,-56.5,1.336666667,1.0,0.4767397816975911,-0.4414845233156771,-0.1288696925952838,-0.5379546728741614,0.13170998334884643,0.39461440813674364,0.2281919627161677,0.2850743818808425,0.2678630875657452,0.8034988018442782,-0.441304811835289,-0.4153834918689914,0.94046532297507,-0.01035001627473467,-0.22821592092514037,1.1515501976013185,1.1065988286336264,0.9903073517481487,0.6403713138898213,-0.37390030175447464,0.2025724023049859,-0.3625164599454443,-0.3181314299742868,-0.559051249683157,0.029614320579309072,-0.34591885373642306,0.24351958450286593,-0.15868252056675058,-0.597516166062643,-0.5641255464818742,-0.20077483223544218,-0.039296499358283235
Temp12k,Temp12k (Kaufman et al. 2020),,multiproxy,50.5,-55.5,14.34184821,1.0,0.5865638732910157,-0.5160604719842383,-0.11178476001117751,-0.4782519167036634,0.16403407865100436,0.42023963545664367,0.24174391336172876,0.270527373767061,0.3809395632060799,0.9787415665982004,-0.44194725155830383,-0.3891414576298735,1.0318130072206273,0.012447766568250586,-0.1979687094688415,1.2661341369152068,1.348208236694336,1.162753348350525,0.7829578185081483,-0.3339069734017054,0.19221823627454054,-0.28472628833976416,-0.3085027427251387,-0.4945389280406321,0.07921722038709389,-0.2840756365436857,0.27378681305932717,-0.029261370435088002,-0.6035388066247012,-0.5057497213284174,-0.1805850191248787,-0.022135005493958856
Temp12k,Temp12k (Kaufman et al. 2020),,multiproxy,50.5,0.5,1.35916512,1.0,0.5814925765991211,-0.55506510692743,0.07450928788154537,-0.13745956530685674,0.06119823031955295,0.4952128361295619,0.4636679086356788,0.5458875856318943,0.13441619289971313,0.5877658802057506,,-0.37722098447315844,0.49242736399173437,0.29541538819720026,,,0.979661954243978,1.1629969278971355,,0.16845214366912842,0.5179668563494729,-0.07951046395917785,-0.18055875270185331,-0.33968343222297426,0.06727425565317628,-0.1576694682304351,0.28315013079244084,0.08347338428798082,-0.13387272903691944,-0.06973657608032226,0.12776172426011856,0.2291365824805366
Temp12k,Temp12k (Kaufman et al. 2020),,multiproxy,50.5,6.5,-0.401666592,1.0,0.7569374084472655,-0.7012805175124264,0.07986966654867302,-0.021305482543866005,0.09303056399027508,0.46665052817416586,0.6247016846891418,0.6308233499370718,0.2404325577090764,0.5557388429246346,0.13296279907226563,-0.3548823405728978,0.7808377105742684,0.37029440809189224,-0.11426393985748291,0.2912284374237061,0.9559997940063477,1.3706644821166993,0.31181374231974285,0.19405694802602133,0.5334158273996189,-0.07847956469699746,-0.1455931581261925,0.09091563613061132,0.12377641832552513,-0.1327160909001316,0.23645453285767598,0.14308169086294675,-0.07178105484094431,0.06125000582800977,0.22877227995130772,0.32882414393954806
Temp12k,Temp12k (Kaufman et al. 2020),,multiproxy,50.5,11.5,-2.380292208,1.0,0.8024857457478841,-0.7836872745698659,0.12061644658262098,-0.007800076971241457,0.12472436957889135,0.4667478091507012,0.6680170088138667,0.6803298479003231,0.29300629582911447,0.5997051756489152,0.15860695838928224,-0.3307471106017028,0.9160071667283765,0.41258563358150113,-0.09462038278579714,0.24950926303863524,0.9599466069539389,1.4886832555135092,0.31713370958964027,0.21180371443430582,0.5392970910778309,-0.048146768465565745,-0.12731537677842406,0.0813921428760686,0.17958410231465927,-0.11173682413592156,0.2353064046890589,0.2168223889116608,0.02097993104619904,0.10269605583614769,0.4260216659969758,0.20200456195407454
Temp12k,Temp12k (Kaufman et al. 2020),,multiproxy,50.5,16.5,-3.146785717,1.0,1.0208549880981446,-0.628700157288657,0.1924117376842216,0.029292549808299272,0.2765529849794176,0.4854170828222434,0.7810975048226673,0.691126987316202,0.3066693773294577,0.6822983995809655,0.18174128532409667,-0.33349003740456157,0.9936809279024594,0.36473313584049205,-0.05356423854827881,0.2380164623260498,1.144575595855713,1.5775604629516602,0.3082235622406006,0.13772966464360556,0.5748348592079335,0.006415465963107613,-0.0012505426361460567,0.09267994493429303,0.18748185205114662,-0.10582746673783983,0.2085876194780023,0.27821302329186764,0.03448802157653663,0.17179557482401536,0.492484842406379,0.36686285707685684
Temp12k,Temp12k (Kaufman et al. 2020),,multiproxy,51.5,-100.5,7.479722222,1.0,-0.0008652019500732452,0.04222037104104333,-0.20354509761642534,-0.5614815929603093,-0.268387063609229,0.5774134204522839,0.6348051610975723,0.4120110418785835,0.08564475472324722,0.25447767756801976,-0.4539160966873169,-1.0875828028925063,-0.14833744129864554,-0.2771755423656037,-0.13339180946350096,-0.2328557953238487,0.2194422197341919,0.2521589064598084,-0.07534682750701904,-0.803934633731842,-0.1783584354627465,-0.5214736621706798,-0.7834236493454987,-1.1957423387804649,0.30625518081637554,-0.15608002893261308,0.41377433216693615,0.012196789527480434,0.20862733256024113,-0.7879773166444566,-0.3584161930614047,-0.5970862635307842
Temp12k,Temp12k (Kaufman et al. 2020),,multiproxy,51.5,23.5,1.141428572,1.0,1.2556128184000652,-0.7511245494338932,0.26273587604881354,-0.013588500329299105,0.6334370236926613,0.5413153324250978,1.0361262666723585,0.6525084039301798,0.38343756878251034,0.823845586526438,0.20428433418273922,-0.4245637723223381,0.9288773976266382,0.24319436572621211,0.016936326026916505,0.21592761278152467,1.2703765233357749,1.376146354675293,0.45825045585632324,0.03665922085444132,0.6437738783004726,0.1734571613976036,0.02499801420452644,0.16090588860306,0.24038621274547073,0.008375573737636243,0.21157614452793838,0.42417140431694433,0.0500422422916393,0.1617612997690838,0.6440812985102338,0.3029062631395129
Temp12k,Temp12k (Kaufman et al. 2020),,multiproxy,52.5,-131.5,0.088,1.0,-0.11091588338216146,-0.23195730325891528,0.15820895035539148,-0.4809742216832344,-0.22591901620229077,0.41065318546837437,0.27494803516023947,0.32037805234998357,-0.040958062816890406,0.26108393300868704,-0.12589445114135722,-0.8751618236552122,-0.26156770437955823,-0.017709431003680446,0.11412290334701539,0.5167057037353515,0.16550944646199542,0.06705131530761718,-0.2409514586130778,-0.12576597929000854,0.16192908567995576,-0.2951696425905315,-0.13203923081272534,-0.0969664576510452,-0.1989344036059635,-0.5093856186397361,-0.010764891676240744,-0.019907006807900505,0.04788659353959447,-0.3871341864267984,-0.25217305819193514,-0.17796088854471848
Temp12k,Temp12k (Kaufman et al. 2020),,multiproxy,52.5,-67.5,3.15025,1.0,0.10063767433166504,-0.4459799169968017,-0.17813002263022926,-0.5373739025487388,-0.04342865943908712,0.3289171001804089,0.1571690634294436,0.18696994676725007,0.07735669618382474,0.5243965034423035,-0.45262837409973156,-0.5210071937595495,0.3431943757459521,0.04671166620664577,-0.38188090920448303,0.2194904386997223,0.7182974815368652,0.6790053844451904,0.2850838899612427,-0.41340556740760803,0.14576588212425412,-0.4647660898052693,-0.5661788529269942,-0.6478915804273692,-0.07343129592480191,-0.513306868028437,0.24612014467081067,-0.2875732113503382,-0.2647107082598194,-0.56787837545077,-0.3481283783912659,-0.29353888829549174
Temp12k,Temp12k (Kaufman et al. 2020),,multiproxy,52.5,-66.5,0.72725,1.0,0.13507676124572754,-0.4400426430875559,-0.17567670511867398,-0.5262443132499761,-0.013847629229227703,0.32110669502374667,0.15301680546432556,0.1989057804920128,0.09076053802535215,0.5586023904295967,-0.44712753295898444,-0.5227750874285093,0.3969240793958306,0.04271321334698235,-0.3855542957782746,0.2774328052997589,0.749814256032308,0.6892937501271565,0.30598915020624795,-0.405931681394577,0.15366887107951963,-0.4506694086179267,-0.5466845303241269,-0.7897297238407224,-0.06908938165205328,-0.49493800022997775,0.2495366709281848,-0.2753065594068388,-0.2973334915320368,-0.5722066938877105,-0.3217537840207418,-0.2977881113688154
Temp12k,Temp12k (Kaufman et al. 2020),,multiproxy,52.5,-58.5,-1.6452,1.0,0.43504901528358464,-0.5554258457726235,-0.11824815743364613,-0.5066628414363736,0.07199002106984365,0.3297266454488805,0.11055138562105052,0.23746963760815593,0.2153399208226335,0.7846433665531444,-0.42912130355834993,-0.5112208713036791,0.8606809880584481,0.03268848239710368,-0.353545530885458,0.9624433845281601,1.050661849975586,0.8413770437240601,0.5730571150779723,-0.3446081802248955,0.182470735137125,-0.3687166205297575,-0.3554479737937275,-0.8291493863098459,-0.016780108034570276,-0.3842422776298438,0.25321635979792034,-0.21065004770178092,-0.5872285867806397,-0.6148199280103048,-0.2361397763093313,-0.1337951938311259
Temp12k,Temp12k (Kaufman et al. 2020),,multiproxy,52.5,-56.5,-1.242166667,1.0,0.683654284477234,-0.4839420280650978,-0.06676685015855136,-0.5173352813469978,0.11080795228481233,0.3716062564620273,0.23715569057347266,0.227609267912817,0.3110786448784769,0.9458173149878446,-0.42061250209808376,-0.40641619806710966,1.094299152027816,0.0633788641794623,-0.258605220168829,1.4069514840841295,1.4270717461903888,1.2223986307779948,0.7116152683893839,-0.26413794606924057,0.18932302627288836,-0.34542206939572334,-0.3211303872559454,-0.5879296975236665,0.0425417218475732,-0.3036948870819274,0.2796398905954739,-0.081173082778161,-0.6691867052619689,-0.5620046854019166,-0.2168303320805232,-0.12410951852798471
Temp12k,Temp12k (Kaufman et al. 2020),,multiproxy,52.5,17.5,3.299881697,1.0,1.1147667566935222,-0.5975200723747406,0.2506820467796448,-0.013231049345543387,0.4474092721939083,0.5294653735799589,0.8396943695205165,0.671257488956084,0.356481791687237,0.7068737480845615,0.21825313568115223,-0.36851645454030196,0.8993737399578091,0.3488174968217899,0.020515799522399902,0.30755364894866943,1.1940329869588218,1.4288015365600586,0.41956257820129395,0.12896162271499634,0.6428555395081565,0.07094670863838834,-0.02746724629042042,0.12263813467076472,0.26440308726887096,-0.02849159437276775,0.23749269193209321,0.32153340030165134,0.14892161488830463,0.14330017566680917,0.45236098766326915,0.3683265844980874
Temp12k,Temp12k (Kaufman et al. 2020),,multiproxy,52.5,19.5,3.616357623,1.0,1.1446428298950195,-0.576726368462221,0.27482221694614656,-0.05314664307630096,0.5499608755111688,0.5375788935281591,0.9310605826069428,0.6647638163835317,0.37346005730436593,0.7486339723315268,0.22656311988830558,-0.37998606968613696,0.8975097313523288,0.3175170553495965,0.038609504699707024,0.30579519271850586,1.23017578125,1.4186666488647461,0.44666204452514646,0.08877962827682495,0.6510925002416178,0.1399911593706383,-0.026484575136459236,0.14426254450852466,0.25513467551114444,-0.0092414043972858,0.238145711721741,0.3465107389701322,0.12507061368112954,0.157443928718567,0.4954818805058798,0.32963338692982974
Temp12k,Temp12k (Kaufman et al. 2020),,multiproxy,52.5,20.5,0.397699134,1.0,1.1590064366658528,-0.5769427750004802,0.28028082817811906,-0.06533429932004543,0.5481894413630163,0.5475729603032631,0.974357704372482,0.6615169800972557,0.3895109355740305,0.7705511979539063,0.22816262245178218,-0.3933559422313694,0.8963348548859353,0.3003886736502192,0.04487371444702148,0.29628610610961914,1.251275889078776,1.425826581319173,0.44808193047841394,0.06984889507293701,0.6562652078693686,0.16423551290130925,-0.021532043127902748,0.15197343493065826,0.24571199588030412,-0.004167862495422539,0.21815566566589126,0.3688333888235593,0.10181392948789428,0.1588156541188559,0.510968041419983,0.3344410657882689
Temp12k,Temp12k (Kaufman et al. 2020),,multiproxy,53.5,-66.5,1.63175,1.0,0.20276374499003091,-0.4153105522829763,-0.1450678601097613,-0.5422423825892011,-0.002460801866319054,0.3427881219373663,0.14686523055557488,0.24578584496939443,0.18090924718358412,0.6042292403739897,-0.43959860801696776,-0.5196945980835737,0.39457402210682635,0.05913994528310076,-0.367466163635254,0.2921022534370422,0.8016249910990397,0.8188768418629964,0.3905195267995198,-0.35869771242141724,0.15331877289700352,-0.4538721499648759,-0.5767214684782384,-1.558893648268293,-0.054284499740182415,-0.47398520591708226,0.28358146153569014,-0.258025312665306,-0.3098133098539657,-0.5751122812430064,-0.2948927230305142,-0.40031099769804224
Temp12k,Temp12k (Kaufman et al. 2020),,multiproxy,53.5,8.5,-1.614664683,1.0,0.7657309468587239,-0.6013873414544811,0.1754063777377367,-0.32333748756072633,-0.07950699329376046,0.5291160366966289,0.692491490811028,0.5760803700646664,0.23601632682833257,0.6746474785027305,0.11418533325195312,-0.3398274780041443,0.575135386735201,0.2875888797783404,0.008601045608520508,0.42721285820007326,1.0145409202575684,1.1868393071492513,0.4037257528305053,0.21235652764638266,0.6305918867827431,-0.014634368967774255,-0.07450859063389537,0.09418029552083662,0.17037308461606315,-0.0785956169187899,0.2496751852846928,0.20908680263869917,0.10250074366088477,0.046967323621114124,0.1837307002809313,0.2477069746123419
Temp12k,Temp12k (Kaufman et al. 2020),,multiproxy,53.5,17.5,-0.501467532,1.0,1.0565654118855794,-0.597198742058277,0.2996168521506324,-0.01537742923802568,0.4582793156305939,0.5574295998994396,0.8310873023610315,0.6347272349758732,0.293718134372328,0.7388416542436138,0.22410845756530762,-0.3693415240774017,0.8294287741184236,0.3479967103435477,0.06392008066177368,0.40279048681259155,1.168121147155762,1.2499657313028971,0.4529377539952596,0.11930201450983684,0.6676081202386129,0.025377677183975354,-0.0650533611935387,0.15368912057131687,0.3104813224619682,0.006223422598624251,0.25086975780787796,0.3254304165720776,0.21309692400441857,0.10396357377370201,0.39632697900136316,0.32307230101691353
Temp12k,Temp12k (Kaufman et al. 2020),,multiproxy,53.5,20.5,3.477559522,1.0,1.1151967748006184,-0.40911841872841753,0.3211950221852066,-0.024167172765546134,0.5411171436309792,0.5871123965798353,0.962670333999033,0.6341567497962998,0.3856149084764967,0.793653073268794,0.22796196937561033,-0.3869137815330759,0.8119460407644511,0.29692033020300795,0.07925146818161011,0.3677454233169556,1.1837862396240233,1.2832298914591471,0.48371934890747065,0.06603393952051799,0.675252367636415,0.10527670910701427,-0.06364940915357173,0.16373438872403157,0.29812060604358037,0.02346186955209591,0.22393263293998816,0.37183758418747953,0.13957071548230024,0.12467088169521759,0.48261566956837976,0.3084129203690424
Temp12k,Temp12k (Kaufman et al. 2020),,multiproxy,53.5,36.5,1.246583333,1.0,0.8323874918619791,-0.5999356932254609,0.33809546855042405,-0.29579624184232417,0.6629085066583419,0.6220423937812759,0.7848242739103742,0.2676399752157,0.7169971691698398,0.7782807623383008,0.08364992141723633,-0.5109287746749827,0.4763159302994609,0.04150729176444983,-0.003152149915695191,0.018348327279090883,1.051472708384196,1.362220916748047,0.48320553064346317,-0.34532685081164044,0.6092147586926617,-0.034375951541933986,-0.10793367972649093,0.2135814294799893,0.38111728240600234,0.0590402352178729,0.142148187603696,0.5477381324050731,-0.19078839874395528,-0.17808533774481877,0.5862922880384658,0.3279526986016166
Temp12k,Temp12k (Kaufman et al. 2020),,multiproxy,54.5,-101.5,1.301633333,1.0,0.02720460613568624,-0.43767803085915824,-0.21885865526382636,-0.6413340556672072,-0.23701299556427508,0.5593679579871614,0.5177249652339151,0.3193558257987488,0.007082252043966718,0.13787655021492354,-0.4515454053878784,-1.096919607088761,-0.12212806502357133,-0.31227289869365205,-0.20894681811332705,-0.14630980864167215,0.12772253036499023,0.09364003976186118,-0.15210881104071935,-0.8394193326433499,-0.18475969069042536,-0.6624938630972358,-0.8982175449511047,-0.721657284894207,0.0518622588742029,-0.6526385943248745,0.20279291353164913,-0.2025412917253779,-0.0013878061572005981,-0.8055092811584472,-0.35266694989469316,-0.6045604357454513
Temp12k,Temp12k (Kaufman et al. 2020),,multiproxy,54.5,-69.5,-2.107515152,1.0,0.17446442286173502,-0.4388826791816658,-0.09987343286398057,-0.5755254558093095,0.035830519464281056,0.3559539292959516,0.15738215501350983,0.3146291412941744,0.19239393437208432,0.539928621087749,-0.43522915840148924,-0.5315212346148968,0.28047367073595586,0.10388850995894688,-0.33755267858505245,0.1442351698875427,0.720107676188151,1.0309314092000326,0.37696253458658857,-0.33203214406967163,0.13742203049209792,-0.4885327748655798,-0.627037775669655,-2.209213148296855,-0.03988560518148454,-0.5064486431567047,0.31845339554027596,-0.3036284160809506,-0.27146633259442426,-0.5666106528706021,-0.33414744403627183,-0.25352600495020494
Temp12k,Temp12k (Kaufman et al. 2020),,multiproxy,54.5,-56.5,0.59178671,1.0,0.920060183207194,-0.40545479623447744,0.031329472782586396,-0.32988964864153203,0.32768587870730315,0.4288479084333736,0.33991861261680767,0.229201295297414,0.5417998171650393,1.3083275723656658,-0.39878745079040523,-0.3910024243352791,1.4038081534206897,0.1456287993179478,-0.2084089942276478,1.8072402477264404,1.792844982147217,1.4386908944447834,0.9103698472181956,-0.13645432392756143,0.14613903329464956,-0.35620647542169104,-0.36477220394414767,-0.5685016999635565,0.10332251551713187,-0.20015510112502807,0.358567482519324,0.04758707094077599,-0.6825013319507603,-0.4597801930374569,-0.1369442522525787,-0.04943910598754931
Temp12k,Temp12k (Kaufman et al. 2020),,multiproxy,54.5,-6.5,-0.60406746,1.0,0.65583802541097,-0.3694051182093458,0.1563080277432944,-0.13141694133240509,-0.4044627947277483,0.5388467721918341,0.23219686078073387,0.3282157096976018,0.02052422775792134,0.6122670696664174,-0.03385567665100098,-0.34704146012039083,0.0142070725560192,0.06689340741940657,-0.13481414318084717,0.5811030864715576,0.8114479827880859,0.9332937749226888,0.337357153892517,0.2285549243291219,0.40311458858938465,-0.17675349664206674,-0.1546776137770394,0.04483777143959981,0.04588216628150572,-0.19003788540243519,0.3558948300670908,0.060899120720106385,-0.1797895678966685,-0.26292647785610623,-0.069658014509413,0.2207220085461935
Temp12k,Temp12k (Kaufman et al. 2020),,multiproxy,54.5,18.5,1.06406746,1.0,0.912374267578125,-0.5148753602417793,0.35409274621803305,-0.15207529147785465,0.3084122816721595,0.6036284015413517,0.820276100707555,0.5994199832333851,0.3200953832862006,0.8204523032080975,0.21905984878540036,-0.3659044199242553,0.7516096290200938,0.3347890352650503,0.1298641562461853,0.5597650170326234,1.1600458272298177,1.0753960673014322,0.5016154813766479,0.06222792466481527,0.682869154478665,0.0026457882485698006,-0.10509823449730848,0.1808599285756668,0.3589275957590855,0.05368067102417324,0.28685445875416965,0.3540522932697198,0.2595797708557229,0.06205271614922412,0.3496966838836669,0.319639059437646
Temp12k,Temp12k (Kaufman et al. 2020),,multiproxy,54.5,24.5,1.0715,1.0,1.2249362881978354,-0.4783175297362743,0.36326233960030596,-0.06922629589310622,0.6138559940126205,0.6331093288225127,0.9666268691110091,0.5488790395208065,0.5054095611772278,0.8945651693468787,0.19702434539794922,-0.4476892837886222,0.7411642581224429,0.23006713795641293,0.069838547706604,0.28655520081520075,1.2838438351949055,1.2750660387674966,0.5585956446329753,-0.03796146313349406,0.6777308257704447,0.05501818520153306,-0.10847804063080659,0.185890988102327,0.35700748829175144,0.019626954544009985,0.22012748131481447,0.45402448601107387,-0.02143598355017535,0.04749586052364769,0.5214101062880622,0.37474997997283926
Temp12k,Temp12k (Kaufman et al. 2020),,multiproxy,54.5,28.5,1.138928573,1.0,1.1982135963439942,-0.7519872929681102,0.35762722693274246,-0.07703015213115534,0.6611683344841002,0.6389720175988283,0.9362498376153925,0.42186369773658633,0.720016843458881,0.8778620374135917,0.17717185020446777,-0.4726442131669689,0.682984419167041,0.14567957148047783,0.034095877408981325,0.1892666280269623,1.2651218223571778,1.1946497917175294,0.5973111271858216,-0.12200790643692017,0.644587254614185,0.011208865311318015,-0.08522161476019764,0.10006001602353379,0.36832621592732073,0.014790012052702394,0.19612784322909022,0.4900762104017179,-0.01781323170877157,-0.03888657093048099,0.5346177472008599,0.32911906056933915
Temp12k,Temp12k (Kaufman et al. 2020),,multiproxy,55.5,-119.5,1.101,1.0,-0.03823675155639649,-0.3744884622600173,-0.03487226958456058,-0.39096366193482546,-0.10948964893817884,0.5430754233487862,0.561596484310698,0.4106053976281582,-0.33309294303588555,0.11885200348528635,-0.17395781874656654,-1.0106753404637643,0.19057638648664332,-0.13545901835431504,0.04594791531562805,0.19813621193170547,0.28520982662836714,0.37193462610244754,-0.2570764877398809,-0.5521047338843346,0.04852698390274869,-0.5647659500176464,-0.3365494865944315,-0.37732290557622616,-0.04171699585141487,-0.45808080886027136,0.0493800083828545,-0.09753293478894494,0.11350642278682822,-0.5545506482323012,-0.25131173630555476,-0.4546737770239513
Temp12k,Temp12k (Kaufman et al. 2020),,multiproxy,55.5,-75.5,-0.2064,1.0,0.013321584065755204,-0.6501648635329924,-0.005802713405246423,-0.5659518508999302,0.11400512297948179,0.32165928889532464,0.22383001012232906,0.44861622803924717,0.048669370607326956,0.44509217904355497,-0.49468226432800294,-0.6669395025476106,0.07786312587559363,0.07851573939364252,-0.3430355548858642,-0.023847723007202143,0.6530670229593912,0.7737434514363606,0.30294014771779376,-0.3535464406013489,0.09286524394258419,-0.5139736489681812,-0.6872071603960478,-1.7386578839128022,-0.023277181805025665,-0.5839500206981123,0.39142991666230226,-0.4475653954095676,-0.25841710215010233,-0.6165511727333068,-0.3994994481404621,-0.007340015570322827
Temp12k,Temp12k (Kaufman et al. 2020),,multiproxy,55.5,-73.5,-0.41975,1.0,0.106202392578125,-0.5684118753710952,-0.015006004153152508,-0.6019526559251231,0.10399611711502076,0.32978753639874453,0.19284867327021246,0.4006184849966083,0.1162134039575402,0.4894281074146621,-0.46918501853942873,-0.6194972307791545,0.16355846747756153,0.11000437649739271,-0.3174661993980408,0.037425339221954346,0.71958646774292,0.8551719284057617,0.3789251327514649,-0.32314831018447876,0.10906457350217166,-0.5113719926616362,-0.6338004861817064,-1.3581872166739823,-0.003892685239716318,-0.5461223099556651,0.37635254810531477,-0.39257551595137663,-0.2611500745711474,-0.5877838730812073,-0.35218095779418923,-0.0877136818567914
Temp12k,Temp12k (Kaufman et al. 2020),,multiproxy,55.5,-63.5,-1.042,1.0,0.3897143872578939,-0.5825243804927943,-0.047280972544738786,-0.6404657386960726,0.14392895380655907,0.4029376846491906,0.11388966204263098,0.3405574701993451,0.3149702349167255,0.8132613033397196,-0.43122844696044926,-0.5662505509473432,0.5926007311791182,0.11028422433532803,-0.3047071099281311,0.6940345287322999,1.075112247467041,1.1592467625935874,0.573257843653361,-0.28852415084838867,0.1347236527892288,-0.45206202229134884,-0.5165289436609775,-1.8474462314274016,-0.040192103934195575,-0.3965941305843151,0.3196459158947519,-0.23720963868805314,-0.3947950268305237,-0.5636952201525369,-0.18351888259251906,-0.20098598957061795
Temp12k,Temp12k (Kaufman et al. 2020),,multiproxy,55.5,-62.5,-0.243690476,1.0,0.3992414156595866,-0.6013775331454347,-0.036046988027883434,-0.6437916366230401,0.16688362757364894,0.4047409328583762,0.12647751929956233,0.33931811262896006,0.3392177606674796,0.8678304211238754,-0.44159436225891113,-0.5832215144342137,0.6869012985378506,0.11191497169474138,-0.30895644426345825,0.909867525100708,1.1978386878967284,1.1920368830362955,0.6147420326868693,-0.264981746673584,0.13741128507082662,-0.4478784704770169,-0.5002379361443996,-1.6754533178137265,-0.03594301212742667,-0.37465261082549645,0.3190218713551283,-0.22412801866970744,-0.4199370168051547,-0.5741402904192606,-0.17251533269882197,-0.31526809533437156
Temp12k,Temp12k (Kaufman et al. 2020),,multiproxy,55.5,-26.5,2.365209076,1.0,0.4773625183105469,-0.12861307595965635,0.6243910987037711,-0.255611478544146,0.1450489505132038,0.57668656761138,0.09952496585406863,-0.2968684071191202,0.3962689706715675,2.311129493511868,0.23779258728027342,-0.5950594136772827,-0.04226395264267761,0.3488870910519546,-0.14046274423599242,0.16504776477813718,1.3324457804361978,0.9433983484903972,0.6815225044886271,0.330403208732605,0.028886550379399197,-0.29228975705506816,-0.3023267435827989,-0.09169744944782103,0.09451695790798961,-0.20410864989169786,0.530026272225941,0.573912267744,-0.8238841014196003,-0.22418680985768627,-0.01023224194844559,2.0604197971026106
Temp12k,Temp12k (Kaufman et al. 2020),,multiproxy,55.5,-14.5,1.025,1.0,0.955247179667155,-0.17880005745103314,0.2335128919415685,-0.18326690543983237,0.031228567759195892,0.647102077562195,0.11419237066203479,0.06099271290760791,0.04942526802168695,0.78577771136564,-0.07451381683349605,-0.4556103103580413,-0.16729187741875637,-0.3241564240640661,-0.1354068636894226,0.576007056236267,1.1025495274861654,0.865136833190918,0.48572603543599446,0.1567344069480896,0.07942419431281504,-0.28295526485833145,-0.19252457921200977,-0.0063504858254945905,0.03239044484032837,-0.2815687058764483,0.32860894106209776,-0.1839258438070017,-0.17843827237401222,-0.39156536261240643,-0.1644232352574666,0.19623264312744135
Temp12k,Temp12k (Kaufman et al. 2020),,multiproxy,55.5,13.5,0.344928571,1.0,0.850512046813965,-0.5218771283300907,0.3323865663656023,-0.20164773281369655,0.21809436003367094,0.6228027998081892,0.7262803899874973,0.5561933950129172,0.325426901909897,0.8670199862015358,0.17807450294494628,-0.3706428683452145,0.5668909532949302,0.39937283576142407,0.12346497774124146,0.6424198389053346,1.151219482421875,1.0775295639038085,0.4750580978393555,0.19626861810684204,0.6635505888111822,0.006336556562359044,-0.12271621792248069,0.29332457869515693,0.2710569191568819,-0.012739437739553971,0.3234944587413016,0.32765598662441875,0.21556239261689336,0.05628465811411536,0.19426587422688796,0.23500119050343826
Temp12k,Temp12k (Kaufman et al. 2020),,multiproxy,56.5,-119.5,-1.052333333,1.0,-0.07795631587505342,-0.537522807772092,-0.05050634190206882,-0.4536309897879844,-0.19265490280257364,0.5690532098714914,0.5498472716238357,0.3907599997186631,-0.40016988509047857,0.048738274225111726,-0.2204612731933591,-1.055633581425387,0.1855204793042507,-0.15091194305232955,-0.05670190453529357,0.14944819062948225,0.27431854883829754,0.3833131607373556,-0.25756835410992307,-0.541974276304245,-0.0019092323304077743,-0.5893192672915609,-0.36943855822044,-0.24496038397952563,-0.10251492414717338,-0.5388591037547875,0.03981247818748898,-0.16944573271307317,0.02029721540970864,-0.5781771404875651,-0.2870765167805886,-0.4746091392305162
Temp12k,Temp12k (Kaufman et al. 2020),,multiproxy,56.5,-101.5,-4.88675,1.0,-0.18141675631205242,-0.6277753992830757,-0.1679065340803399,-0.6418055051577862,-0.2765928793615765,0.5089208613652377,0.3831659492315955,0.23548938560910443,-0.009504892484260282,0.06860136368479713,-0.47013401985168457,-1.1181754370443087,-0.1379629114642743,-0.27154460376165374,-0.25394060611724856,-0.11917489692568779,0.2462735430399577,0.2620689900716146,-0.15714000304539996,-0.8125746200482051,-0.19032197737768317,-0.6776030825995186,-0.8642424098621685,-1.4319993461982365,-0.08879022263427903,-0.7990626370150781,0.0764152869631603,-0.3547924645187647,-0.13054499657129964,-0.8471346520715292,-0.39320448703236066,-0.5565591504838732
Temp12k,Temp12k (Kaufman et al. 2020),,multiproxy,56.5,-75.5,-0.09675,1.0,0.05000959396362305,-0.7019588541442019,0.05406850868633582,-0.6114536386494207,0.14048392852147418,0.3477301037440298,0.229963110440288,0.4802705270743971,0.07401334561443543,0.4995138020358807,-0.4599444389343262,-0.6651457559510286,0.13056921027600946,0.11617877816766335,-0.3468396663665771,0.021540117263793943,0.7739267349243164,0.6945944086710611,0.3720723120371501,-0.2976654966672262,0.09686561770747643,-0.49529342820263994,-0.6342997361257215,-1.9286794115430617,-0.02565751088981654,-0.5727482041059595,0.43505260691362124,-0.4624319209597561,-0.2475872166741889,-0.5823686758677163,-0.33519648843341376,0.04011486371358237
Temp12k,Temp12k (Kaufman et al. 2020),,multiproxy,56.5,-74.5,-0.105925,1.0,0.11252208073933923,-0.6440554899013987,0.050224216397488246,-0.6364542286847857,0.12913322793112864,0.33571168278091384,0.21442866103255165,0.45178530059970806,0.11056852868775886,0.5193772877019072,-0.45312910079956054,-0.6407571286052505,0.1707861531525866,0.12938802541238098,-0.29995036125183105,0.060149717330932606,0.813994483947754,0.711958325703939,0.4162115128835042,-0.2954063614209493,0.1059634618538184,-0.4962099585512019,-0.6025266902261126,-1.8209355653095312,0.013217559276977911,-0.5302693390314617,0.42172947538910827,-0.41582313119014713,-0.23900597818552077,-0.5649461322360568,-0.29359200265672447,0.0008235221438937824
Temp12k,Temp12k (Kaufman et al. 2020),,multiproxy,56.5,-64.5,-0.350928572,1.0,0.4029897689819336,-0.5950988894817499,-0.004426048307870095,-0.6970455004734378,0.17541242758433034,0.43242459255118953,0.12012139134979771,0.39728128212680985,0.32334075850591726,0.8448061447803406,-0.4054583549499512,-0.5744400664566837,0.530933664739132,0.15814757204520039,-0.26005713939666747,0.6204905867576598,1.1374603652954103,1.0423976707458495,0.5990956163406372,-0.27568238973617554,0.13291377295886025,-0.4603753763807352,-0.48866136197620813,-2.0847960220316977,-0.03329440616075491,-0.37185642146317777,0.3713184462294221,-0.27021399695685816,-0.34440403293346067,-0.525549734963311,-0.1606216616100734,-0.036654330359564904
Temp12k,Temp12k (Kaufman et al. 2020),,multiproxy,56.5,-31.5,2.433454187,1.0,1.4053357696533206,-0.3030831553208669,0.7959637302101009,-0.1851266160956334,0.31305446571773965,0.6443415749946555,0.05765825063158415,-0.22009938211254107,0.33663255879677895,2.461659793312359,0.29208247661590575,-0.5605456952617366,0.06334103718400115,0.6221803391513591,-0.10140392780303956,0.7233806371688842,1.638291873931885,1.1257084274291995,0.8770909070968628,0.15870141983032227,-0.073065417977413,-0.37818089406084,-0.3229431047603448,-0.006476747408072607,0.09992960558217083,-0.21223638608952675,0.5700240788979525,0.3753515865551306,-0.7798447229191302,-0.32407937314775254,-0.2119677874777051,2.354582873450385
Temp12k,Temp12k (Kaufman et al. 2020),,multiproxy,56.5,-27.5,0.94578825,1.0,0.9694520314534506,-0.3413705988352543,0.7551038048964163,-0.20229104388948463,0.20153483284844298,0.609331219635674,0.11469461682042309,-0.2771147848105223,0.30260948065306376,2.089593125842524,0.2159508466720581,-0.595533738827969,-0.00934358909726093,0.2514679638192113,-0.11538976430892944,0.16604411602020264,1.4345396677652997,1.0191080729166668,0.7393457094828287,0.31103575229644775,-0.03671233382377598,-0.31203837556522374,-0.2826758945475008,-0.04708403151474898,0.11166122327839403,-0.20280810083482056,0.5589863460951051,0.3294976347321865,-0.7258812575852776,-0.2201255957285564,-0.00926967461903902,2.149970108932919
Temp12k,Temp12k (Kaufman et al. 2020),,multiproxy,56.5,32.5,1.867666667,1.0,0.9723073959350587,-0.7849198297343788,0.3894470313892978,-0.07798833264254793,0.4892750978469848,0.6709012048840952,0.6982132042525664,0.18108512368358917,0.623501339497945,0.8994313599299114,0.08171784877777102,-0.542858646053223,0.45722552279475825,0.13888725534374288,0.065682053565979,0.1514212042093277,1.1370704968770347,1.0906923611958823,0.6235830942789713,-0.23528670767943063,0.5742409455408543,-0.18569112060376375,-0.1450992167769496,0.05823837959491876,0.44380967868882965,-0.052768164122889025,0.1843058839447137,0.546175618707766,0.044460026890009045,-0.19754488600624942,0.3868099583519828,0.3844703627957238
Temp12k,Temp12k (Kaufman et al. 2020),,multiproxy,57.5,-76.5,-0.310757143,1.0,0.019834423065185548,-0.8022033359861868,0.10014281867282393,-0.6498594383568304,0.1305308977762864,0.3990620607186962,0.2317139922440914,0.5465920118088159,0.06980457000140947,0.5339353177687504,-0.44011745452880857,-0.6857851320777659,0.1406230628490462,0.13178269154386607,-0.31563663482666016,0.04909800291061401,0.8815637588500977,0.7809900283813477,0.40142116546630857,-0.2881181637446085,0.08570701778975451,-0.467096034564156,-0.6196813324779725,-1.94271158387225,-0.07041232023002333,-0.5827167698946564,0.48051769195058935,-0.5081411796633705,-0.25414758586511205,-0.5807157701916164,-0.34255658653047316,0.21531927055782746
Temp12k,Temp12k (Kaufman et al. 2020),,multiproxy,57.5,-75.5,-0.071285714,1.0,0.10042092005411783,-0.7326354764568374,0.11888643159685106,-0.66511695175703,0.1521758609347878,0.3813045255974148,0.21843565739552973,0.5117021629521841,0.10074079137052805,0.5639421701095868,-0.42914257049560545,-0.6637131797603821,0.18592694588005695,0.14773706167407671,-0.26735932826995845,0.07868682146072387,0.9444060643513996,0.798307228088379,0.450459893544515,-0.2683162490526835,0.09951646175498521,-0.4769164590946495,-0.5705926119188359,-2.000902802526437,-0.008353345467388536,-0.5243060911352627,0.4614045451515509,-0.4525192188686455,-0.23775197932410574,-0.5453130563100177,-0.2657894041803144,0.13690462112426782
Temp12k,Temp12k (Kaufman et al. 2020),,multiproxy,57.5,-27.5,-2.175873788,1.0,1.5293089548746748,-0.3966679117195095,0.795135911648748,-0.16093278303442332,0.2304896646075782,0.6488853452611947,0.11937937775159391,-0.2633112323964523,0.12568538503900403,1.753662162953313,0.20756113529205322,-0.5969563769187043,0.005809340626001775,0.05051063330914166,-0.09504932165145874,0.1730993390083313,1.4806900024414062,1.0577507019042969,0.7662684917449951,0.2379218339920044,-0.08100612101132672,-0.33242295592273075,-0.24814826813081178,-0.011559889058596126,0.1201043468914409,-0.20325365311990132,0.5766707167444468,0.0908073526857533,-0.5950829710209858,-0.23790415128072112,-0.03967622915903744,2.0270881553490954
Temp12k,Temp12k (Kaufman et al. 2020),,multiproxy,57.5,-3.5,-2.556428572,1.0,0.7153985341389975,-0.36507675535619516,0.26056177301905475,-0.2116940961058599,-0.12383400599161948,0.6180523172200425,0.32367357309608336,0.3141661368720167,0.09788029681984904,0.7356411448091179,-0.0678314208984375,-0.37882189555030243,-0.012568098492922323,0.028841296640070305,-0.06810077428817748,0.6896696090698242,1.012764581044515,0.8553241093953451,0.43091713587443037,0.15384854873021445,0.39210560505565667,-0.16473572203705436,-0.13263279493539493,-0.03754218286044405,0.11847794032193622,-0.1676204465292672,0.39024740324380824,0.03979173066991329,0.010749386464031944,-0.23210484716627344,-0.16338566939036087,0.19046259721120198
Temp12k,Temp12k (Kaufman et al. 2020),,multiproxy,57.5,8.5,2.290789528,1.0,0.82244873046875,-0.11497830459116655,0.3840767532916542,-0.12976127427049905,0.1951018624835545,0.6664629819882464,0.6747656661290866,0.47989964382308775,0.31457039603954595,0.8801576929030509,0.03241715431213379,-0.3755083488932447,0.11898906109854301,0.2647874679886306,0.13605069518089297,0.7805939614772797,1.0758279164632163,0.8850851694742838,0.5478194236755372,0.16512137651443481,0.6653537838984732,-0.0363916401930614,-0.12263114752584142,0.12506121788844002,0.28600300284202496,-0.03524600724907723,0.3775219301893158,0.26912500022080166,0.19164755601162692,-0.012727162573072742,0.09566357930501296,0.1864330781830682
Temp12k,Temp12k (Kaufman et al. 2020),,multiproxy,57.5,14.5,3.051726191,1.0,1.0352914810180665,-0.4544836016952157,0.40869480730750685,-0.1271225721418107,0.3029007461335925,0.7185549153182155,0.7945787040747035,0.5478827082820994,0.3545643472214458,0.9136193414968911,0.10768117904663087,-0.38072973529027127,0.45226342929526997,0.3902087100793726,0.14149956107139586,0.6833959162235259,1.2376623153686523,0.9591409047444661,0.5144199132919312,0.10149733225504556,0.6313360449392063,-0.05465989198450648,-0.1722758457832239,0.22122689770034992,0.3485310142990071,-0.016025597060174153,0.36760896476752886,0.3333827149919837,0.17070147998219917,-0.011532627211676885,0.19345502985848323,0.265397259261873
Temp12k,Temp12k (Kaufman et al. 2020),,multiproxy,58.5,-75.5,0.299333333,1.0,0.20327128728230792,-0.7498101153477392,0.1956193865774314,-0.6480574363998142,0.19320502281188986,0.40500238456555754,0.19561651669090563,0.543133798829971,0.14455062668404817,0.6347066524340942,-0.3926590919494629,-0.6631505449886941,0.2632010370492953,0.16387564159948606,-0.10459454059600828,0.1475923895835876,1.1767590713500977,0.9171033096313476,0.5290350008010863,-0.2434157133102417,0.09502787103391713,-0.4561699123689942,-0.48087243865131585,-1.7893878743113854,0.02153656170122345,-0.45205334716100914,0.4873239126447736,-0.429088106820798,-0.22855269350609944,-0.4964889407157894,-0.20278915166854813,0.29330527305603044
Temp12k,Temp12k (Kaufman et al. 2020),,multiproxy,58.5,-71.5,-0.49,1.0,0.24633174896240234,-0.6932152793621187,0.16763387860545165,-0.6926282016521281,0.2013149404525759,0.4405103194159796,0.1417015147791718,0.4508016687277391,0.22186129736883198,0.7265174261332796,-0.38548908233642576,-0.6095041958065,0.39632852897048054,0.18064111287107892,0.010506725311279302,0.28139666318893436,1.4039791234334311,0.9801764106750488,0.6171588643391926,-0.2416483759880066,0.11093710352500186,-0.47422284995780045,-0.388514570188772,-1.685854446815681,0.059966097182757507,-0.3823452112083076,0.4607563355123645,-0.3770170298875506,-0.31929168907783007,-0.4935937285423275,-0.11768488883972131,0.2709198665618898
Temp12k,Temp12k (Kaufman et al. 2020),,multiproxy,58.5,-48.5,-0.55345,1.0,3.2083590984344483,-0.41084594768319427,0.6250299122247733,0.07214036591256728,0.5432850408554081,0.6885772316488065,-0.140661306180274,-0.1135169730436074,0.6448776806787477,3.1239578767952265,0.21866750717163086,-0.33898741132028126,1.2287345750257375,0.38058858701828974,0.06714262962341308,1.114379268884659,2.770332975387573,1.8080366992950438,1.2535476819674174,-0.06813345849514008,0.015687331495020437,-0.6996526675723751,-0.09670311322304534,0.24366428331877032,0.3482088923759936,0.07363084441595977,0.5917112724010709,0.5533183847267329,-0.9418684967492984,-0.08180000782012875,0.2710078477859507,0.8081607913970951
Temp12k,Temp12k (Kaufman et al. 2020),,multiproxy,58.5,-6.5,-0.750392857,1.0,0.8143585968017578,-0.40409876142113665,0.26900040821468274,-0.13718695189507787,0.054251146316528456,0.6360034357487503,0.2558526758508537,0.2718788811164511,0.11816719915595816,0.7430177563967733,-0.09536161422729492,-0.3938153143448301,-0.12890619002282805,-0.011982337906958556,-0.11111549139022828,0.7607950925827027,1.1546426518758137,0.9844239934285481,0.4899344952901204,0.1821029782295227,0.3237762566126188,-0.23772670869659812,-0.14532340568729402,-0.10645254746226365,0.10129565398052767,-0.19353403283739656,0.37787205864754025,-0.023224862420270245,-0.044512275295170614,-0.28440020084381107,-0.12710072994232152,0.151087703704834
Temp12k,Temp12k (Kaufman et al. 2020),,multiproxy,58.5,11.5,1.6489,1.0,0.9838384691874187,0.6668373536468358,0.4440794865624322,-0.1576992406585179,0.24512682676315328,0.6864307258914666,0.788342565516795,0.5311199958104769,0.34327127680290503,0.8953492636241713,0.06321086883544921,-0.4064319919090633,0.3365486632334066,0.3943986178780162,0.16088569760322574,0.7102460563182831,1.205486660003662,0.8460010274251302,0.5735173543294271,0.10287788510322571,0.6156465477520697,-0.05597614134959261,-0.1691328555496811,0.15769003630176198,0.28680750295613056,-0.05215159156559527,0.40960421372423345,0.30347062409551073,0.26407832193022157,-0.06823173761367843,0.12572232484817478,0.20391069412231436
Temp12k,Temp12k (Kaufman et al. 2020),,multiproxy,58.5,13.5,1.346996753,1.0,1.0122726821899415,-0.3083901624144356,0.4421096781023119,-0.13455112958086912,0.2868589568138122,0.7155879488535315,0.7997879488042763,0.5427049109984109,0.34487757636293576,0.9068102327266977,0.06725447177886963,-0.4135139018421867,0.37771792982239183,0.3829657723250879,0.14305298924446105,0.6670109927654266,1.235918998718262,0.8822380828857423,0.5700030422210693,0.04958850145339966,0.6019439175948729,-0.11646153616369607,-0.17732190552396526,0.16364589694617984,0.3241491190450975,-0.055125086243556276,0.4208852705492516,0.3257613275524502,0.1309387513754089,-0.06269055604934731,0.14851396083831753,0.24329411029815673
Temp12k,Temp12k (Kaufman et al. 2020),,multiproxy,58.5,22.5,2.356843537,1.0,1.0772493362426758,-0.5778986409432958,0.5287001082815187,-0.26057721298600345,0.28678869009017954,0.8567153596302126,0.7989418366944518,0.4560693490089732,0.48568916441155086,1.2982218239979477,0.07534849643707275,-0.5003916385512499,0.4581623668083902,0.3016201745245112,0.19154241681098938,0.6162397563457489,1.2769895553588866,0.9136474609374999,0.7412577390670776,-0.11791518330574036,0.6820937164637749,-0.2647185672012729,-0.24888129774670448,0.18391369265735072,0.42803060002630855,0.06527726768451755,0.35804155267533827,0.5160766196722664,0.30335633782441235,-0.11717766523361225,0.22892886400222764,0.30704563856124856
Temp12k,Temp12k (Kaufman et al. 2020),,multiproxy,58.5,26.5,2.700519841,1.0,1.077641716003418,-0.6201522237118976,0.49113687844268333,-0.07841269567301759,0.5098152685165406,0.8450081324343404,0.7048625137228958,0.34809996849843544,0.5889613071678126,1.0961494947602217,0.052476787567138666,-0.5638268315815095,0.42443584413267443,0.23638424495754679,0.15763016939163207,0.4448825746774674,1.221314474741618,1.006060619354248,0.7752753416697183,-0.17160508036613464,0.61737506576403,-0.21620791738826378,-0.23417831419602037,0.15260732110134917,0.42726616802018047,0.0351575779756814,0.2497262588378174,0.510366175173421,0.2948514557484984,-0.18106663227081332,0.28952056169509854,0.3772308790683746
Temp12k,Temp12k (Kaufman et al. 2020),,multiproxy,58.5,27.5,-1.599183675,1.0,1.0616453170776368,-0.6465773485942452,0.477212750964924,-0.152606944499099,0.4561301469802852,0.8273405065628857,0.6713345134332054,0.321107623370801,0.6204394361880966,1.0628942276476296,0.05181074142456055,-0.5806328835869418,0.38970755967311366,0.22375438578791196,0.15349584817886353,0.3888452798128128,1.2079426129659017,0.9931666374206543,0.7770094474156698,-0.20271793007850647,0.602496339942256,-0.2305758930550924,-0.22835291723683904,0.12794755682212333,0.4285582116712988,0.027667947293971908,0.2454501155456152,0.5100830799558975,0.16746315584616828,-0.20643675327301064,0.28429871797561623,0.35409310460090626
Temp12k,Temp12k (Kaufman et al. 2020),,multiproxy,59.5,-144.5,-0.645303612,1.0,-0.2175633366902669,-0.2771804886296675,0.02173053615584437,-0.6056377954368034,-0.2824973787201775,0.3919187007285005,0.04692827408858001,0.3565656646452195,-0.26741478094297244,0.15577600051293983,-0.17100296020507813,-1.243320438579326,-0.3472250067628919,0.022674521679601222,0.039219856262207024,0.5882619082927704,0.20564767837524411,0.14367374420166015,-0.43800121049086255,-0.1878135104974111,0.01885263044914289,-0.33659313314607736,-0.2156740010723422,-0.03956864189895113,-0.43677690178115974,-0.6907451906828523,-0.18072747232544226,-0.18729203939555977,0.08698562306826302,-0.4749986986319225,-0.31019089155727003,-0.12162290429075562
Temp12k,Temp12k (Kaufman et al. 2020),,multiproxy,59.5,6.5,1.832821429,1.0,0.9253429142634073,-0.24836170597093943,0.46227731153256413,-0.19279655477854693,0.18637249814139473,0.7659362608011187,0.652275188151994,0.3972440772747489,0.2034287752239665,0.8551056475195282,-0.0033773899078369165,-0.3182740237293915,0.011803997959942435,0.2276420406060485,0.1248618021607399,0.8090790867805482,1.2139673121770223,0.9095591704050701,0.5606965782245,0.17311674108107886,0.5749636368753568,-0.08164081405679599,-0.13557794850344115,0.06717597220303693,0.2579892640419921,-0.040233163931809465,0.3973645362137217,0.17692813339805902,0.30746557237744304,-0.14039004113939127,0.028669995069503657,0.29012481758991887
Temp12k,Temp12k (Kaufman et al. 2020),,multiproxy,59.5,16.5,2.493688889,1.0,0.9442587280273438,-0.706112261201189,0.517092411869642,-0.2031361322579331,0.2802853073014154,0.7686688825209177,0.8123714901434139,0.5434006248828224,0.35864478025651386,1.0185097429893484,0.03770744800567627,-0.4544085759229899,0.3626191097078833,0.3501065501123253,0.16640365719795228,0.6495737552642822,1.2773127365112305,0.8694338035583495,0.5960303211212159,-0.013699650764465332,0.5837464504691388,-0.19681408594786082,-0.2507385613796124,0.10221076996230194,0.3911666139890163,-0.03305527843811016,0.40724709103809886,0.3679280107477782,0.4492134013377018,-0.08869602547751565,0.14878182013829522,0.24059224300914323
Temp12k,Temp12k (Kaufman et al. 2020),,multiproxy,59.5,24.5,3.8845,1.0,1.0823722139994305,-0.6045427747975668,0.5554614055436219,-0.25165358898593326,0.31382848262786867,0.950358195294994,0.7465917184031176,0.38392198775127795,0.4949276477901995,1.3154615043484221,0.048901081085205085,-0.571660863855733,0.35136157961096476,0.2676616014398537,0.20416863113641737,0.5570022791624069,1.2417220751444498,0.939998264312744,0.8134409515062967,-0.16937612493832907,0.6114858470661668,-0.2672008799873765,-0.27066059445845697,0.12843002046655153,0.47268628988185174,0.0447496719208643,0.3315748033547258,0.5440680712787094,0.2590928004533337,-0.17337165541119076,0.22268535163667413,0.28528358154826666
Temp12k,Temp12k (Kaufman et al. 2020),,multiproxy,59.5,27.5,-0.012925171,1.0,1.0119845390319824,-0.6552268978371375,0.5164112674737008,-0.1641292719156631,0.4451730767885843,0.9620398450917631,0.6374113395578621,0.3138721279367497,0.5216711423563245,1.2194275926328526,0.03535717725753784,-0.6234471317454797,0.3017452402506009,0.2360516510056671,0.19006262347102165,0.4237910844385624,1.2131939252217612,0.9075636863708496,0.8418760736783346,-0.22419211765130362,0.5670117156061456,-0.28293975648969116,-0.255723650353597,0.13443995552610097,0.45412701312828974,0.017488877996800854,0.28895510031447336,0.5452921638983573,0.24586699591746092,-0.2576166656282217,0.2483809722794424,0.31868261628680755
Temp12k,Temp12k (Kaufman et al. 2020),,multiproxy,60.5,-6.5,-1.239772727,1.0,0.914865862528483,-0.566579772547089,0.33626526695559045,-0.14291465117662822,0.09911757045321976,0.7248777297627518,0.23564202770774056,0.18147109667833966,0.20819350602293357,0.883481545855105,-0.11669678688049315,-0.40947933707346873,-0.26312046353632196,-0.04412284860211656,-0.0651745080947876,1.0186407208442687,1.4886574427286783,1.1074592844645181,0.5892377376556396,0.1400465170542399,0.25483575633102873,-0.265500807469051,-0.12454381120091919,-0.19933397535955646,0.1990990627794049,-0.17846013596637952,0.4214393291141572,-0.0821940465246955,0.20547236764953825,-0.277600974506802,-0.06044618818494982,0.18449402517742597
Temp12k,Temp12k (Kaufman et al. 2020),,multiproxy,60.5,15.5,1.121159091,1.0,0.885077870686849,-0.5577931333046562,0.5483448436681536,-0.23138805383243244,0.21667599280675312,0.7322943171115067,0.7653811852457612,0.502576112613108,0.33214826175181533,1.0306668164385868,0.01047341376543044,-0.49374645293025593,0.2920685201816583,0.32453809022454183,0.18236718550324438,0.6770054668188095,1.2450431505839032,0.8012153816223145,0.573633017539978,-0.012132073442141214,0.5211797111872727,-0.25280717668378494,-0.23914879529352703,0.051749074018161284,0.3484607316654016,-0.07870166669633366,0.4048928739416964,0.3322601846581617,0.4984713577207602,-0.144767280419668,0.08791919284396664,0.18762646887037485
Temp12k,Temp12k (Kaufman et al. 2020),,multiproxy,60.5,24.5,2.82675,1.0,1.0318770726521809,-0.7234553220985764,0.5974750142746494,-0.33021432481321983,0.3944428491592397,0.8899578144732079,0.7169250891467771,0.3806540944320699,0.48680855923353317,1.3281282457151469,0.03566361665725708,-0.6155081590225071,0.2939043135057606,0.2665180416685273,0.23412945717573164,0.5298732191324234,1.2435594145456947,0.8912228775024413,0.7892768216133118,-0.15093464652697247,0.575414602019405,-0.32586099105543603,-0.3030525953654764,0.06833988814905934,0.5314854542084556,0.022484721462657314,0.3634577186207676,0.5612186102819349,0.3583373179344019,-0.211440209547679,0.20214864545398276,0.27134591797987634
Temp12k,Temp12k (Kaufman et al. 2020),,multiproxy,61.5,-130.5,0.6053125,1.0,-0.36252899169921876,-0.7960166459489522,0.05443744090176144,-0.9409812357489703,-0.4455695919195813,0.408024743093829,0.12103848108513013,0.42445643787548704,-0.23473367554468388,0.15938025876580264,-0.25579466819763186,-1.1963848408482711,0.04726188139030596,-0.14658313771345818,-0.03063267469406128,0.28059884309768673,0.14296165466308594,0.166224365234375,-0.7063999700546265,-0.3724813461303711,0.01097035687328815,-0.6186231957098401,-0.49300932766680783,-0.713427254609939,-0.34773512211819313,-0.653716716713128,-0.11774239276099999,-0.24232940525351987,0.033354653660926506,-0.5530830959479016,-0.4892751952012384,-0.2543828407923381
Temp12k,Temp12k (Kaufman et al. 2020),,multiproxy,61.5,-100.5,-1.475214286,1.0,-0.1860677719116211,-0.9305407012190031,0.0844704375916781,-0.6314232163424107,-0.13124664783477713,0.4747208582306319,0.3244616570095573,0.22152293449468793,-0.011889483576744386,0.18543915817611065,-0.42840652465820334,-1.0751852219138949,-0.11667274985072834,-0.09528506417525388,-0.25683124065399165,-0.08068547248840331,0.8070496368408204,0.5424608612060547,0.06373212814331054,-0.5786762237548828,-0.13944065279301424,-0.5884850599386261,-0.7373090270793978,-1.4684316318378514,-0.25404076058634667,-0.7803650999090788,0.171352678925549,-0.46822046673961426,-0.21634613910499917,-0.8672385613123574,-0.4232133666674293,-0.14992967923482262
Temp12k,Temp12k (Kaufman et al. 2020),,multiproxy,61.5,-58.5,-0.309857143,1.0,2.8135178184509284,-0.41004402690553077,0.4696424999891042,-0.12723035935772262,0.4866522952417535,0.754171893052425,0.049580147877160474,0.3869244492355803,1.0759906711527165,2.1895058846169095,0.030575561523436916,-0.4202545494869894,2.056717175881003,0.2995449559978532,0.0849761411547661,2.765397363901138,4.023994750976563,3.102796306610108,2.121150084733963,0.07306474447250366,0.10354168701012127,-0.6671041829498603,-0.2459822331900858,-0.3132868137396781,0.40930535884347863,0.023911785047621707,0.5994830757962307,0.5150561344820535,-1.0908816298774766,-0.24879313769439843,0.09969289128979084,0.9534228817621866
Temp12k,Temp12k (Kaufman et al. 2020),,multiproxy,61.5,-24.5,0.783783049,1.0,1.773137372334798,-0.4201718007562123,0.4591043132612639,-0.12208695890030594,0.24244156281153373,0.8481568414818998,0.27801836795027834,-0.06710349642207387,0.1976398891753715,1.193384773857095,0.025913357734680308,-0.6201143880520523,0.04058747989442866,-0.11898444016805806,0.015259253978729247,0.7257122874259948,2.2148440742492674,1.4773322614034017,0.7696153465906779,0.05911538004875183,-0.06183010976850726,-0.3173373676304584,-0.0776214101535687,0.045495970289798154,0.16547020141154417,-0.14378169936713486,0.5532762238318365,-0.15346993127980557,0.08934041537486512,-0.260058585802714,0.014457233746846888,0.7646375433603924
Temp12k,Temp12k (Kaufman et al. 2020),,multiproxy,61.5,-20.5,-0.400535714,1.0,1.464616184234619,-0.4516511778843064,0.408230872205179,-0.14398481294692433,0.19355311552683524,0.8668969168570664,0.25231685847180846,-0.009802907511854007,0.21934481876569328,1.081520752707417,-0.0010423660278320623,-0.5941252833379729,0.006232955336666013,-0.10986340265744418,0.030375802516937254,0.6812611222267151,2.1114489873250326,1.367189833323161,0.7086627340316773,0.13602721691131592,-0.0019698524715231185,-0.28903779127467977,-0.11032072655722377,-0.015187922699317128,0.1587000322179119,-0.1576624165816654,0.5321372708975874,-0.19677755310192294,0.4225004666565936,-0.27312438488006585,-0.01489961147308314,0.6208784818649292
Temp12k,Temp12k (Kaufman et al. 2020),,multiproxy,61.5,16.5,2.72565,1.0,0.9049231195449831,-0.7227555414190099,0.6144055119859952,-0.23730676717915333,0.190525538921356,0.8519917609157399,0.7297029637120411,0.47567208085967716,0.32308248591427596,1.1762029891761516,-0.027393503487109866,-0.5468256696172263,0.2361982787981403,0.315608930052824,0.20867367759346964,0.705550453066826,1.3205661869049075,0.7987314462661745,0.5938909912109375,-0.01018853485584259,0.5181848664691513,-0.3094101721880375,-0.2665710929698515,-0.03324648561430103,0.387986513142598,-0.06867750212827901,0.41296342500416383,0.34800293033146357,0.9282881729784838,-0.19510746002197332,0.08329757452011069,0.12398247877756757
Temp12k,Temp12k (Kaufman et al. 2020),,multiproxy,61.5,24.5,2.179028788,1.0,0.9608278210957847,-0.7047561651514644,0.6397839155970022,-0.29223698510746005,0.3473033070564262,0.86742871727187,0.6512395056245195,0.37738620111286186,0.459908291789016,1.271109773988458,0.017413811758160723,-0.6628098047518545,0.24385269503731183,0.2558481456736376,0.2712964162230491,0.534212839603424,1.2587624804178874,0.8517775440216065,0.8346338367462158,-0.16041728295385838,0.5397958407700241,-0.389684599913125,-0.34046091872438417,0.0022764145046123493,0.5261665035374952,0.0019220324346784913,0.3792347466449606,0.546681591490723,0.4273959724119463,-0.2500826716423039,0.19074499209721868,0.2674105231463909
Temp12k,Temp12k (Kaufman et al. 2020),,multiproxy,61.5,26.5,1.592259091,1.0,0.9188542715708414,-0.6756884755765435,0.6140172004322623,-0.2780565776530102,0.32400367856025625,0.8686121553279899,0.586936391742024,0.3426475069937313,0.46876466391479504,1.2588131503278805,0.008343701064586768,-0.6855229607367075,0.20754718689032595,0.25334085668839573,0.2697932131588459,0.4858667634427548,1.2453213818868,0.8093742624918621,0.8394683023293814,-0.1963780652731657,0.5004729886940203,-0.4227051399273547,-0.3364756817231437,0.0016927523449555004,0.4912272198206441,-0.010968136984021326,0.351672190755802,0.5598961041196918,0.477644882108101,-0.27622111042340625,0.187163299322128,0.26340954591830573
Temp12k,Temp12k (Kaufman et al. 2020),,multiproxy,62.5,-17.5,-0.747240307,1.0,1.3857086499532063,-0.562567327466232,0.4191332511116791,-0.16755767856382914,0.19148715999391364,1.024156330699282,0.27737015050487424,0.08557598719077077,0.30983699254481967,1.1198225623393157,0.011696815490722458,-0.5560456670665571,-0.005500940133554043,-0.08089320480320909,0.07936272025108337,0.9682885408401489,1.9928779602050781,1.4137495358784995,0.702146093050639,0.1972407897313436,0.08838649025988068,-0.2765737745397789,-0.1057984272892202,-0.049273215633208856,0.15878172438771132,-0.17424272365738225,0.5581373284514628,-0.1710142940497042,1.0868317905530334,-0.22915491792890696,0.027453296714359546,0.45560664435227716
Temp12k,Temp12k (Kaufman et al. 2020),,multiproxy,62.5,0.5,-3.087777778,1.0,0.933493200937907,-0.6246856330350499,0.5267131620307837,-0.1943188374756482,0.15180047618018272,0.8423970492379838,0.3481001564552636,0.19366099024007363,0.3851163645412994,1.3496631200022455,,-0.44436090662357675,-0.3832300657125114,-0.026565710355063388,,,1.5799315452575684,1.114165751139323,,-0.01930580536524455,0.3568808195734223,-0.1828796905721276,-0.07031120924425721,-0.15763092582168073,0.39644612239975185,-0.14247202531719116,0.5141571628207088,0.06036837328839299,0.6389902990940953,-0.19894973569446117,-0.013861313131120413,0.25295251740349656
Temp12k,Temp12k (Kaufman et al. 2020),,multiproxy,62.5,22.5,2.936809524,1.0,1.0572614669799805,-0.772032199868332,0.7166579616296733,-0.305631442719058,0.34160596794552245,0.9324776970876222,0.6357208475394382,0.4029219057981378,0.4619798437605267,1.3592181876750886,-0.009476423263549649,-0.7097635595292453,0.1799477870401174,0.22289857858704112,0.28596996515989304,0.656769722700119,1.3142509460449219,0.825608491897583,0.8723596036434174,-0.10562273301184177,0.5609841981969346,-0.3820476517951933,-0.3744375789289417,-0.0020567325267273166,0.5079443672752306,0.005365415015079253,0.4227336480859731,0.49487671503286423,0.5818173949061857,-0.29000295864211256,0.1306219597657514,0.23985054385330945
Temp12k,Temp12k (Kaufman et al. 2020),,multiproxy,63.5,5.5,0.287099441,1.0,0.9255061658223469,-0.5447928031961575,0.6250319185392276,-0.20985519892598675,0.16163559251361426,0.7712492853455064,0.44623903066040504,0.2970297852984396,0.4057374077238218,1.3067306107866528,-0.1265971183776854,-0.4343051015297009,-0.27561433987866424,0.08373766345528857,0.1931636333465576,1.0371088862419127,1.5362929598490398,1.0699138259887695,0.5941616169611612,0.054823219776153564,0.47859536860254676,-0.20187133851484193,-0.07889285245193955,-0.058790825991939986,0.2192513539566292,-0.08132458290358624,0.48159683250169516,0.13037645209313622,0.5790022753835224,-0.1927172501881915,-0.023579057057698874,0.28755294137530857
Temp12k,Temp12k (Kaufman et al. 2020),,multiproxy,64.5,-138.5,0.670509259,1.0,-0.5674122683207194,-1.383340292288805,0.1283326384809383,-0.8060611608164989,-0.5862928835550942,0.40037470588800544,0.1488696654983545,0.5247307178959567,-0.2927367550318018,-0.043526348507543465,-0.39967346191406283,-1.331799867945167,-0.09831881624189709,-0.1667852857001472,-0.12525479793548586,0.22890248298645022,0.25566852569580084,0.056150474548339845,-0.8634339555104574,-0.43400049209594727,-0.07485130704338827,-0.6012647632813608,-0.5098183353279757,-0.47013083468311645,-0.6057002292631309,-0.5593807330127952,-0.14008326633702894,-0.3322975700852412,0.35376601865446067,-0.6319519480069485,-0.5043253024419152,0.16158318519592607
Temp12k,Temp12k (Kaufman et al. 2020),,multiproxy,64.5,-128.5,2.3599,1.0,-0.36866204579671225,-1.1369618909986512,0.11792654891694311,-0.853352355039829,-0.5195770263671874,0.4983785300363921,0.026947253391113094,0.4951169075226506,-0.19628635531829844,0.10994163711746756,-0.2727973937988281,-1.2642923784043256,-0.1551717987405076,-0.12519959418849405,-0.20190744400024416,0.24429479241371158,0.43483070373535154,0.2038307952880859,-0.4637434418996175,-0.46839582920074463,-0.08301025507843449,-0.4407381194886174,-0.5491308577294141,-0.6618853494293833,-0.42309222969043814,-0.6575532562100332,-0.09319018310013569,-0.29493747674138815,0.24057787881749323,-0.5926300962766018,-0.528781898816427,0.10424906412760318
Temp12k,Temp12k (Kaufman et al. 2020),,multiproxy,64.5,-127.5,0.498,1.0,-0.3923547744750976,-1.1997518385568418,0.12156654673994986,-0.7120181978769915,-0.5237982432047524,0.49234199377702526,0.015384866423711185,0.499260203077902,-0.20386096066395876,0.0948470887407749,-0.29533219337463323,-1.2589443166476566,-0.14861030876312645,-0.11342347226257403,-0.21834802627563477,0.2043788731098175,0.45588111877441406,0.21926078796386717,-0.433254337310791,-0.48786723613739014,-0.08419129917385662,-0.43910749737746696,-0.5487318026734034,-0.6500518670031011,-0.4067105692613441,-0.5884080152178083,-0.08354087449614525,-0.30783368951581164,0.29825244673802237,-0.5831263264020291,-0.5291582743326826,0.2588314374287907
Temp12k,Temp12k (Kaufman et al. 2020),,multiproxy,64.5,-110.5,0.1865,1.0,-0.25680323282877604,-0.9628527991370001,0.1495980252843409,-0.2561183472973036,-0.11757602930069101,0.4441456594833656,0.2908974674264759,0.40265746848099376,-0.06561770904136313,0.12792832359483094,-0.3779456138610839,-1.1551230654309046,-0.16088438840672475,-0.08685750603739074,-0.3156858921051025,-0.019922018051147457,0.7482470703124999,0.28693918863932294,-0.0399358336130778,-0.5329177975654602,-0.20366008038030675,-0.5670683992467056,-0.6865231128249846,-1.4548270092950621,-0.3216872621801389,-0.7617195353775129,0.11956118663534274,-0.4612038475328791,-0.09612338404855163,-0.8305641293525692,-0.5520591378211979,0.0895394023259472
Temp12k,Temp12k (Kaufman et al. 2020),,multiproxy,64.5,-24.5,1.551805556,1.0,3.299721371332804,-0.6603996893574844,0.6244217384560193,-0.1906601366811935,0.37878477732340454,1.3908829607433764,0.517542015868801,0.06452180112147342,0.46595212439642036,1.4323752755126662,0.026245784014463425,-0.7673764732414021,0.15830570251366954,-0.11593338690606109,0.2675005555152893,1.8380606830120088,3.352569885253906,2.258481086095174,0.9092288796106973,0.4063834026455879,0.04369159925636672,-0.26862612090558996,0.07616908415540903,0.18480966651290043,0.3052097112153152,-0.017953684703851433,0.6687112536950505,0.0004989105667582997,0.4359631352687248,-0.06667652924855363,0.2721637008090838,0.42951006948947934
Temp12k,Temp12k (Kaufman et al. 2020),,multiproxy,65.5,-127.5,2.213216667,1.0,-0.4593318939208984,-1.1615075464615776,0.1514892437055429,-0.5007483676372335,-0.5898376040988497,0.5048158343768592,0.06237056598357178,0.5288381150486763,-0.13587353583209516,0.12232607461596823,-0.3899357318878174,-1.261780016063974,-0.1687339758016638,-0.06235021555019234,-0.24561923742294312,0.1130509078502655,0.5845638275146484,0.23102760314941406,-0.2877205848693848,-0.5082476139068604,-0.12930574519337398,-0.5402689369184578,-0.5586884139515036,-0.6335066753064529,-0.47254842943118225,-0.6559041082981246,-0.05039890760692814,-0.3545714922128005,0.21223377558269732,-0.6278200811809975,-0.5494040184550819,0.05772994094424777
Temp12k,Temp12k (Kaufman et al. 2020),,multiproxy,65.5,-126.5,2.07,1.0,-0.4710112762451172,-1.1539354929675016,0.1566067801952232,-0.48936194861657956,-0.6119918653700094,0.5023369751719857,0.08707219879228452,0.5346635242892718,-0.12691301585083886,0.08965295784358286,-0.40577802658080975,-1.2546197978627016,-0.15113279677049213,-0.053834960932242604,-0.2529282450675964,0.08083328604698181,0.5807415008544922,0.22243446350097656,-0.2778809102376302,-0.5325480302174886,-0.14350129703706357,-0.5574707653626284,-0.5565207543184634,-0.6098267912396002,-0.4746712147289385,-0.6697006941107765,-0.007937665254066867,-0.3678755860666024,0.16272610279901445,-0.6374080181121837,-0.5552436153093977,0.022532102266947473
Temp12k,Temp12k (Kaufman et al. 2020),,multiproxy,65.5,-43.5,1.214583333,1.0,1.1408970642089844,-0.28859426919801523,0.8006233974283794,0.037075420454466934,0.47835864173041487,1.097742035309549,0.5370395306663789,0.20190219837986648,0.20310072101993742,1.380323530593318,0.0029451370239257785,-0.7417196855055748,0.3842811594161661,0.1279401744820412,-0.12465209960937501,0.8889706611633301,2.0309480285644534,1.5091252899169922,0.9022562980651855,0.40303524335225427,0.17585772347863932,-0.36271133025647506,-0.09784193455953602,-0.007941619683167148,0.20538351940995964,-0.08325407500533256,0.9070517035001586,0.17526947531239995,-0.08542561515228757,0.31266890631781497,0.4404518551296639,0.5074044905768501
Temp12k,Temp12k (Kaufman et al. 2020),,multiproxy,66.5,-66.5,1.880269841,1.0,0.6617219797770182,-0.917347298226689,0.7459758500310367,0.1722353213122385,0.6044261858198364,0.7268892190422607,0.4546565020086088,0.5832541693563532,0.5139568246152699,1.714094756289894,-0.16851100921630857,-0.6333835272341652,0.8477961439615299,0.1747277641508283,0.40643279552459716,0.5281529664993286,1.6141992696126302,1.2948077392578128,0.5759217294057211,0.05278952916463216,0.18749233744195742,-0.0037322755455382606,-0.15224065606955403,-0.6434128815004112,-0.10468165065708762,-0.2839745955030787,0.842122016789265,-0.09064785477164364,-0.5995745849219267,-0.1175809277428508,0.30742770565880784,0.9123288366529677
Temp12k,Temp12k (Kaufman et al. 2020),,multiproxy,66.5,-23.5,2.02109072,1.0,3.297289956410726,-1.0639933470460654,1.0384075925718277,-0.4766491653117749,0.9103584147161928,3.47797057576834,0.6678935057191758,0.17009899915146515,1.1256448262042504,2.7742498984003205,0.0853266716003418,-0.9140820969777108,0.21703925963782184,0.22624265693851542,0.5190053522586823,1.926531654596329,3.3660099569956463,2.266494172414144,1.7009054684638976,1.0562079374988873,0.39498197680591896,-0.4490279185022381,0.1574339020546115,0.2683018663645701,0.5990863056872505,0.2339303599002082,1.0664281811998866,0.3824263302517606,0.5576505711032822,0.33760030137168534,0.7458489766551448,0.6033925777011444
Temp12k,Temp12k (Kaufman et al. 2020),,multiproxy,66.5,-21.5,1.240288592,1.0,3.632762317657471,-1.134356405380187,1.1361078983999342,-0.5330243494800867,0.9128099381261416,4.117966612716519,0.7043652869195102,0.18615071580674064,1.20600423459564,3.01332184579889,0.100631046295166,-1.043626092707086,0.24699037794080622,0.18796785299028482,0.5848317205905915,2.2279779493808745,3.8825150585174564,2.3169894218444824,1.7904618076483407,1.0973003506660461,0.43940009933140034,-0.48054210058283775,0.13950607136275864,0.2481295904717938,0.5457851265526147,0.18702487839063392,1.1043221493209097,0.40671403263075145,0.8070724720429843,0.36902212616470564,0.7572714697155737,0.8841614235772028
Temp12k,Temp12k (Kaufman et al. 2020),,multiproxy,66.5,-20.5,1.535000194,1.0,3.7168903732299805,-1.1454098450582706,1.1748181937735809,-0.582400961133167,0.8907883967955922,4.264118561643795,0.7237675344694088,0.20433960547038515,1.2390418431563843,3.079508737900011,0.09944324493408203,-1.124556406633546,0.23745357266122163,0.15334417408828033,0.5880443215370178,2.3529940545558925,4.344841089248657,2.462871662775676,1.8029088660081227,1.0613796909650166,0.4647355296342561,-0.47759406408381355,0.13084559605082074,0.23933874052258744,0.49195635094890133,0.1460079139439954,1.1435639972066691,0.40104339793489024,0.874401328132931,0.3809744487206179,0.768076223714488,0.8393097745047673
Temp12k,Temp12k (Kaufman et al. 2020),,multiproxy,66.5,-18.5,0.516203624,1.0,3.658087819417318,-1.2366870269107746,1.20294713191811,-0.5964624063504113,0.8372978428006186,4.296617142565925,0.7438815916195325,0.24071738479767418,1.2628694440551487,3.159508753909682,0.09889411926269531,-1.076329196905052,0.22665619473358187,0.06685352252858344,0.5744294762611388,2.6108204126358037,3.8531944433848064,2.370922447840373,1.8638249123096466,0.970243513584137,0.514182826948166,-0.4345552713007519,0.11318735712136113,0.19571196552709075,0.42148421716549955,0.0925216739272368,1.170840521741543,0.4029906848547745,1.0383137600267114,0.32717930864956946,0.7705136958095793,0.8701046408547292
Temp12k,Temp12k (Kaufman et al. 2020),,multiproxy,66.5,7.5,0.19128362,1.0,0.9467723846435547,-0.7389595393295998,0.8330423831054168,-0.26634160231086307,0.1733904878298442,0.9166230464253387,0.4350928059339723,0.3039131676566328,0.5698021302814626,1.9073134019930365,-0.11938214302062988,-0.596642966844273,-0.5243494166989056,0.13448855391295744,0.3229001760482788,1.1620140671730042,1.6809301376342773,1.078537940979004,0.5796678304672241,0.15673553943634033,0.5583464605180202,-0.24921160123728042,-0.08746848013423694,-0.20412647042984827,0.3440048363302738,-0.14322326109671268,0.5923995932824463,0.17036235923962906,1.0154004869171795,-0.1715049015151128,-0.07236327065361925,0.4165307554933757
Temp12k,Temp12k (Kaufman et al. 2020),,multiproxy,66.5,13.5,-0.018222576,1.0,0.8747992181777956,-0.4711388124187251,0.9984283412062189,-0.26895402079013647,0.1574967710177104,0.876316770778011,0.5560219485921191,0.2973067038785232,0.5435214498084969,1.5328042010339125,-0.18535172939300537,-0.6736797343787997,-0.2634860586147327,0.17181352414268897,0.2881186477839947,0.9977547317743303,1.5347206544876102,0.9379770469665529,0.70220099568367,0.06471180791656175,0.47845935832007047,-0.2788269724106471,-0.26120802986533015,-0.12419145525792633,0.3793642993499289,-0.06503125964171463,0.5632849730336589,0.20752626368941804,1.0173612820418725,-0.2916138519843413,-0.04863411171568775,0.318918432758914
Temp12k,Temp12k (Kaufman et al. 2020),,multiproxy,66.5,14.5,1.4088,1.0,0.8641123819351197,-0.45647026570391774,0.9860602224930036,-0.2595369493940875,0.12992577372325828,0.886928640328976,0.5581497968762253,0.29097364988949004,0.5566132024059451,1.5047625914931189,-0.17883090972900392,-0.6990362377498015,-0.20726035384652158,0.1818494685293571,0.3190922565758228,0.9764609187841413,1.515550643603007,0.9187286440531414,0.6928455078601837,0.06894108901421228,0.45521894447175393,-0.29411152636858195,-0.3006847479138701,-0.1315693052960003,0.37224316877146485,-0.039178492076134,0.5479156880757318,0.22557164119765855,0.9665795414348582,-0.33154196540514547,-0.03814869423707334,0.46876861400074415
Temp12k,Temp12k (Kaufman et al. 2020),,multiproxy,66.5,29.5,-2.101309524,1.0,0.7855499569574992,-0.5382553783784344,0.7881134295883448,-0.4405155883042763,0.06302356253067617,1.072962582917671,0.41424871344405717,0.3516467812480568,0.5418486640492319,1.7277557938320651,-0.1502045154571533,-0.8271765610693709,-0.13246903342853134,0.17659348702980543,0.4433755457401275,0.7512510418891906,1.6056460666656496,0.8252795060475667,0.8495563050111135,-0.13977503776550293,0.3190667679721819,-0.5455015952216846,-0.4125458408548679,-0.4735493352539302,0.3881250073808185,-0.058724369536739644,0.6033742834547937,0.48606359306797897,0.9136644078983034,-0.4462816508279914,0.006186730331844206,0.2769844828711615
Temp12k,Temp12k (Kaufman et al. 2020),,multiproxy,67.5,-50.5,-1.7903,1.0,1.1091768900553387,-0.5580091047436315,0.7480132675448763,0.059047733366889434,0.15238823890686032,0.8198004972933093,0.11857893140030305,0.15254946624392662,0.28478048203811873,1.6499257942955954,-0.037831783294677734,-0.6554515875649535,0.6023212737384885,0.11113856794611336,0.1091798186302185,0.6476024746894835,2.115823237101237,1.6802998860677083,0.828296407063802,0.12492799758911133,0.14116157149311606,-0.3255919456481934,-0.053633229879914354,-0.12211086968110996,0.12818265870041717,-0.1174415521138954,0.9068492850201133,0.18126607229861028,-0.558887812305652,0.1430460810661326,0.20994462966918961,0.9220581769943237
Temp12k,Temp12k (Kaufman et al. 2020),,multiproxy,68.5,-138.5,1.588,1.0,-0.30280200958251957,-0.9042407537312848,0.43361232175662545,-0.23864652136103828,-0.5263974666595462,1.024019630683184,0.7055076009805885,0.7169412596880336,-0.07699544939791865,0.3157976265570895,-0.3865145683288573,-1.1266705800075154,-0.061821640202959924,0.18244374654265855,-0.1045923948287964,0.05580329895019531,1.2388029352823895,0.8236790720621745,0.2176142120361328,-0.16383222738901776,0.0997945207413864,-0.2641263696078549,-0.5050389775716877,-0.6999086725775334,-0.2877987663842072,-0.12670545100651925,0.11355674101485978,-0.2730811193562096,0.5852102051816246,-0.6619979752434624,-0.5437499125798544,0.2070619954003228
Temp12k,Temp12k (Kaufman et al. 2020),,multiproxy,68.5,-133.5,0.222,1.0,-0.41377277374267585,-0.9023818512519834,0.3665487977443614,-0.36600968311249565,-0.5565591602855262,0.9263563011539894,0.7231012844969049,0.6792668367992095,-0.14697236064981276,0.24474302338393134,-0.43577604293823236,-1.121309259544106,-0.06984453210594774,0.1906295451545677,-0.1343869209289551,-0.04070219993591309,1.0801419448852538,0.42050235748291015,0.24666666030883788,-0.3318846623102824,0.009067366705712003,-0.39413494607025773,-0.4999321131695757,-1.11070091320095,-0.30928736850667166,-0.36069840726317115,0.049204566834063546,-0.35502763448696867,0.47014521561446987,-0.7003067625893487,-0.5838049411773681,0.17870044019487166
Temp12k,Temp12k (Kaufman et al. 2020),,multiproxy,68.5,-106.5,0.784714286,1.0,-0.053248443603515626,-0.9270820528716677,0.3967148541612219,0.047182571721687085,0.2700528060065382,0.8654268578755661,0.5633936006460969,0.6476631030294674,0.3369385042109551,0.5633519532534511,-0.1691619873046875,-0.8496828083350854,0.1434411428036158,0.2189607648175925,0.38615396022796633,0.14282581806182862,1.285388336181641,0.8043318557739259,0.4964656829833984,-0.16980107625325522,-0.01510593446778424,-0.36598180820363807,-0.3570191615438172,-0.9073736558861233,-0.179206903890909,-0.4023833643016216,0.5264748869288712,-0.2590257890653092,0.025472269172101547,-0.4094399690628048,-0.27169988950093565,0.7734279579586453
Temp12k,Temp12k (Kaufman et al. 2020),,multiproxy,68.5,-54.5,0.417222222,1.0,1.7280051549275717,-0.6457336794588597,1.059929579224228,0.2576373993533495,0.40940004560682497,1.1931310446909562,0.2528149037230958,0.5984427666701402,1.0250654267069141,2.3215241801187325,0.11359004974365233,-0.9696831618085399,0.8523504951028363,0.2514491958552665,0.7244353771209717,1.8690091788768766,3.43893679300944,2.4874903361002603,2.040014020601908,0.5595355033874512,0.32924653540794374,0.1794089898198273,-0.02997192978336565,-0.10770469884281396,0.3560750129348573,0.14522298887243443,1.2020686186124094,0.3633599879529511,-0.651030190889756,-0.09651393228107018,0.3780321545071074,1.5742463980780708
Temp12k,Temp12k (Kaufman et al. 2020),,multiproxy,68.5,-29.5,-0.0416,1.0,1.305497055053711,-0.5640791128200235,1.107454822541532,0.061074291511606614,0.9005660920672969,1.5873585734215294,0.7008574016520898,0.35108312092448685,0.6603020093236508,1.9015824424334982,0.17956981658935547,-0.7782595492344094,0.3889734297615694,0.2047903503065286,0.0966651439666748,0.9683083355426788,3.1846271959940595,2.3241534709930423,1.119292910893758,0.5503503481547039,0.4045067356183262,-0.16561302473043016,0.15708209574020202,0.2513753384268906,0.6526201342939114,0.3247174794560028,0.9329994131520285,0.3434542634594444,0.3466222404414972,0.1915354781680625,0.4826035075717482,0.828319475915697
Temp12k,Temp12k (Kaufman et al. 2020),,multiproxy,68.5,13.5,-5.797425594,1.0,0.8909466886520386,-0.6070985034984153,1.3724383057051637,-0.281148271894277,0.15614766544765896,0.9891998011560251,0.46509019666953355,0.30045337162533653,0.6750366377186211,1.9742801663027918,-0.18073591887950896,-0.7216653463863829,-0.6149124267486978,0.07552280327041602,0.29957510381937025,1.164504238963127,1.741231236457825,1.0675977802276613,0.6829778480529785,0.09948005278905232,0.540096105321509,-0.28488032080874937,-0.20116188253086323,-0.1581741699274677,0.37689522272986703,-0.10668267791057565,0.6797805104826629,0.20484105437686273,0.922962885349614,-0.2519035405582851,-0.09420921107133245,0.36872250358263653
Temp12k,Temp12k (Kaufman et al. 2020),,multiproxy,68.5,19.5,0.958416667,1.0,0.7925771236419678,-0.45603518557203576,1.127513660360176,-0.3223824052081533,0.0951466858055856,0.9969091521917398,0.5738582663745347,0.3296716066956606,0.7478798593462022,1.723221751773698,-0.21092848777770995,-1.1090738137574156,-0.2290812763134607,0.1330414534227707,0.4637890934944152,1.074251490831375,1.564055643081665,0.8759382486343383,0.7547690051794052,0.06179517507553101,0.37435392054282574,-0.38264689164295795,-0.35841142594645437,-0.17440017609977365,0.4059923667361674,0.005523899250032924,0.6983254613487377,0.3244165928880451,1.0942943245474717,-0.4014950403736698,-0.059926492927803124,0.38933309528562754
Temp12k,Temp12k (Kaufman et al. 2020),,multiproxy,69.5,20.5,0.696857143,1.0,0.8384476439158122,-0.4651939804261556,1.3614898973951524,-0.3402874581203348,0.1131329633129966,1.017287745529743,0.7937632617332786,0.340708940668793,0.830742423325085,1.967268532596449,-0.24599790573120117,-1.2019437905183996,-0.47092091652236034,0.09318304791912616,0.4704994082450866,1.4973970472812652,1.7935420974095662,1.0489760208129881,0.7525483727455139,0.018715133269627888,0.3735398412133362,-0.34469331014093707,-0.263731604562543,-0.23385633173088813,0.4000402409663694,-0.008046133949909183,0.849223319985063,0.3001605929879125,1.2696105966721658,-0.4059058424499304,-0.09030033465888761,0.40041570279333305
Temp12k,Temp12k (Kaufman et al. 2020),,multiproxy,71.5,22.5,0.63,1.0,0.9138965606689453,-0.5880539086310976,1.6117937401464575,-0.37212044835562563,0.12102885444959008,1.4478722961648827,1.3269154465970565,0.36399677632165367,1.3156025275103174,3.4605816981334847,-0.16901004314422607,-1.3943847999936176,-0.9098936097803285,0.26182019007645463,0.4662119746208191,3.2048713862895966,2.4378284931182863,1.2895272254943848,0.7065540313720704,-0.015299936135609945,0.3833193323843445,-0.31780121840857134,-0.05380880808586032,-0.3834706471407882,0.40895584325940093,-0.07783141443997056,1.2194138381655164,0.3221734157046029,1.7091525338460765,-0.2622343997160594,-0.11321878598795995,0.4142324500613739
Temp12k,Temp12k (Kaufman et al. 2020),,multiproxy,71.5,42.5,-0.039914286,1.0,1.1660278876622518,-0.6685390636300612,1.0241210097078688,-0.8036995601259529,-0.11855477028422846,3.8109144549562677,0.6009305424647646,0.8476111990950743,2.002396143203962,3.5828433303841285,-0.16606426239013672,-1.0005169097395181,-0.4663151626003797,0.483837441236068,0.43436646461486816,0.8190643787384033,4.813451766967773,1.959036111831665,1.252505377928416,-0.17962690691153207,0.2600102903623279,-0.8331863261000716,-0.3795112199074501,-1.1966703202224702,0.936775401421316,0.12938920536956175,0.9609209814506459,0.9702324989326041,1.221794249882655,-0.6936140341891184,-0.4595817493067847,0.4779714266459144
Temp12k,Temp12k (Kaufman et al. 2020),,multiproxy,72.5,-157.5,-0.08697619,1.0,0.2620887756347656,-0.8182519931276186,1.1778739035406796,0.27222220864707775,0.11692859066857225,2.0448025766581805,0.8059843111879139,1.2146247477659446,0.781355150598836,1.0195520978643295,-0.23182344436645508,-0.5431032842551167,-0.41825003502264,1.1831941278271836,0.39776158332824707,0.5567796230316162,1.9212284088134766,1.2569084167480469,1.4843928813934326,0.21830574671427408,0.6888100660596176,0.12170282929838507,-0.3173997059555787,-0.12021143710180557,0.294065112418525,-0.02930116066385067,1.150607483538984,0.2527171053709144,0.3512726685166432,-0.7150560087627834,-0.1263998614417182,0.38241709603203666
Temp12k,Temp12k (Kaufman et al. 2020),,multiproxy,72.5,-155.5,-0.559,1.0,0.2596102396647135,-0.8011913937091583,1.130669959771791,0.2895172685212003,0.0912231074439154,2.0113799680480833,0.7744059307322059,1.184221094779519,0.7253701777236026,0.9300306710931249,-0.2030268669128418,-0.6105936344277454,-0.4162937707697463,1.0246974885854947,0.37278134822845455,0.5101972579956053,1.851343536376953,1.2216724395751954,1.4552905400594076,0.21440505981445312,0.5882180321466478,0.09507173612035157,-0.3602485081526462,-0.18278719867930138,0.2593975139414567,-0.05363056476546576,1.1201256432323645,0.2155544742906524,0.4247432694170156,-0.6675425661934746,-0.1636242707570394,0.3762608210245768
Temp12k,Temp12k (Kaufman et al. 2020),,multiproxy,72.5,-38.5,0.920480301,1.0,0.7555090586344402,-0.3627393159159634,0.5401625870034027,0.03914802444787582,0.3666796048482259,1.0578030861025258,0.4513315496877008,0.579738136336387,0.1909074265465281,1.0641583488016957,-0.11317253112792972,-0.7620947400211132,0.12950444702532732,-0.010371698731728581,-0.3300661087036133,1.4518153190612795,1.7814862569173178,1.286568832397461,0.6128409067789713,0.6219802697499592,0.18438236338391328,-0.18947607080802992,-0.07152872024790463,-0.23023372421509225,0.12640609263533045,-0.18740456711825074,0.899239460740862,0.11546242593518806,-0.23879550973631214,0.05467035505506726,0.1991914537217882,0.5689089351230199
Temp12k,Temp12k (Kaufman et al. 2020),,multiproxy,73.5,-162.5,0.29624,1.0,0.4575242360432943,-0.7825490245682828,1.3093347507988298,0.40993521312606374,0.3358268022537223,2.310330789674381,0.8897794411355548,1.173515515940589,0.7649646320334544,1.0403986574379367,-0.2133312225341797,-0.30526477730308965,-0.3196732004730607,1.339295747229215,0.4923725128173828,0.7418155670166016,2.0743216196695964,1.4403547922770183,1.7715643405914308,0.25821924209594727,0.7002389196245582,0.04022105273225682,-0.19376337190176565,0.020740195074102463,0.2656810518491227,-0.044588021040224565,1.3912413875217775,0.2868565460311768,0.3652578264333853,-0.6811132033665972,0.0076971054077149634,0.4485163529713949
Temp12k,Temp12k (Kaufman et al. 2020),,multiproxy,73.5,-120.5,3.1201875,1.0,-0.07381128946940103,-0.73752263748521,0.5482148685019854,0.10130168695560157,0.00017289956410656074,1.2036305166988235,0.7250903650189582,0.7058767225195484,0.24556333204283576,0.5686286431632235,0.0029499053955077993,-0.7355493002802753,0.8276288567989103,0.4603911319033544,0.7328625202178954,0.2827928304672241,1.113887939453125,0.7039298756917318,0.8334462928771972,0.1161651611328125,0.08827204841075001,-0.1299456548061411,-0.374165221061227,-0.6297404870848482,-0.11553548540738583,-0.4093391337318454,0.7882404162043231,-0.1737580397250957,0.23840889191466574,-0.38817162513732906,-0.35825533866882325,0.8867875607808431
Temp12k,Temp12k (Kaufman et al. 2020),,multiproxy,74.5,13.5,0.655224764,1.0,1.1832340908050538,-1.1065731804949857,2.3320713232042762,-0.3734369306422928,0.2181729652980965,3.3309182061487963,2.0132458316579505,0.42833955668020457,2.5581551574969157,6.306689711739532,0.31965894699096686,-1.2118344256166815,-0.7833380179409005,0.18078840688268982,0.67275949716568,4.34252588748932,3.008007869720459,1.4890998268127442,0.7985957324504852,0.3506995737552643,0.4809530448309144,-0.3551288127013789,0.10049758927602967,-0.5199116857841428,0.6556967336457327,0.19200834313926488,1.2448108563829912,0.5602700221147567,3.0114044422678856,-0.11494768659273769,-0.19420553354753403,1.0350671095318267
Temp12k,Temp12k (Kaufman et al. 2020),,multiproxy,75.5,-82.5,-0.046666667,1.0,0.7966960906982422,-0.7649093550520271,0.8751414692596236,0.43934587568999117,0.6698075029585078,1.290672962171266,0.44803121212831476,1.1669371688179537,0.35347876744820256,2.461008961962519,0.19266033172607422,-0.1070662462519519,0.7386854822720933,0.32460185411721704,0.2076714038848877,0.2436995506286621,2.948494720458984,3.018780517578125,0.48798236846923826,-0.03542693456013998,0.3523998651418998,-0.14149164772227701,-0.18079006888109717,-0.3414060444783427,0.013323242007720459,-0.33395921614705754,1.1875392794940376,0.06926568376983,-0.4852401478476658,-0.054560184478759946,0.26472926139831543,1.4815353340572766
Temp12k,Temp12k (Kaufman et al. 2020),,multiproxy,75.5,-42.5,1.516218182,1.0,0.7251861572265625,-0.4426651592483538,0.5723059677794479,0.041171380913877946,0.33880712721082884,0.9932366352210824,0.4157440674322519,0.6100438185961624,0.21436227979856357,1.1597134236769924,-0.09662532806396484,-0.7631943768547581,0.18937670944012147,-0.06031122376252963,-0.35703539848327637,1.207484245300293,1.5797498067220053,1.5023125966389976,0.6917326609293619,0.6594605445861816,0.268828283299279,-0.12233254958118348,-0.020712963501068417,-0.14435828899083525,0.12683667907190485,-0.051391734464042015,0.8817927881577353,0.14562589019513156,-0.3073432124591541,0.061953677071465374,0.22625197304619685,0.5284037537044948
Temp12k,Temp12k (Kaufman et al. 2020),,multiproxy,75.5,14.5,-1.314666667,1.0,1.419837522506714,-1.2662909059641718,2.0228392011903455,-0.3309413555160149,0.3255141757428657,3.8321728968314956,1.15112032206783,0.5079871493790822,2.6024890702626093,4.872854774123342,0.36165719032287597,-1.2692126694339483,-0.550703036302848,0.5947670289781467,0.6530353665351868,3.7924180388450623,3.635727965037028,1.7872255770365397,1.2402317984898885,0.33937620930373663,0.44771540575142504,-0.270139515464866,0.20807449803220848,-0.5778422431477095,0.9346028951721912,0.4377731124274124,1.4852931886861285,0.7475995721116858,3.180061767253445,-0.05477850503391651,-0.244674398087793,1.2611275588141553
Temp12k,Temp12k (Kaufman et al. 2020),,multiproxy,78.5,6.5,0.136469727,1.0,1.1925893719991048,-1.1987995561094564,1.3349928529960466,-0.23077972040657846,0.40813697020212786,4.409582802938732,0.5875499025911955,0.6124722805877939,2.3756586108526783,2.87489444092859,0.3244441032409668,-1.5557139500181942,0.07584421298166813,0.9443508058538458,1.3817057371139527,4.347381806373597,3.0034708722432457,1.8284303681055705,1.1639444645245869,0.9461169143517811,0.5207209396223037,0.01114687920649884,0.29247363884188027,-0.811321637634232,0.6999055829313663,0.654171109345844,1.1073776439982645,1.1845933752428546,1.7433521114903128,0.3003633447819298,0.1298544711536837,0.969237151145935
Temp12k,Temp12k (Kaufman et al. 2020),,multiproxy,79.5,5.5,1.298272727,1.0,1.36008664449056,-1.0947124607069092,1.1432804357534105,0.07737399964322428,0.44260901451110857,3.490237165353852,0.3213324488930257,0.6836935064996483,2.064021806252375,2.5063466830088603,0.2782896041870117,-1.5791838699297893,0.15183652294640568,1.0671140141217124,1.350639510154724,3.4205096006393427,3.6310209973653156,2.39991091410319,1.3845390701293945,0.96523517370224,0.5183509797923498,0.12561283629659525,0.3644448707995103,-0.9490404465613608,0.6515277571825541,0.6989329737789279,1.251085798609627,1.0113990734282012,1.3593598381834822,0.4484456459681205,0.2053756117820741,0.9953433799743652
Temp12k,Temp12k (Kaufman et al. 2020),,multiproxy,81.5,-63.5,-0.405501731,1.0,0.3212048085530599,0.038012934102092735,0.9631273857170554,0.13367644405392787,0.5207438924577509,1.1322021456243148,0.4811174693667385,0.4309213192577277,0.7107209545429394,1.9796867912117864,0.258375358581543,-0.28502321863708463,0.3461620199319408,0.74729969672452,-0.18250117301940919,0.3809684753417969,3.0714467875162765,2.663831558227539,1.453990910847982,0.13981501261393228,0.3221980063399187,-0.06881669552301649,-0.09719859500634931,-0.09373157549883536,0.2157300102264896,-0.20857704971489457,1.302072707241005,0.2161780426221299,-0.49525812328007435,0.38341578377618096,0.7124166647593182,1.401972876654731
